0,122579607711315;
0,0212070278351603;
-0,0315066661663511;
0,00234118166629064;
0,0107437817413109;
-0,0054154880799929;
-0,00153735086899247;
0,00256675873539503;
-0,000528325460479802;
-0,000691106120181918;
0,000477273872689951;
4,57410534082344E-5;
-0,000188804163164253;
6,28232302273336E-5;
4,07959414737902E-5;
0,039399208549592;
0,135037986263149;
0,182190594741165;
0,152091077551546;
0,140774643187713;
0,113565608787;
0,0185996338776476;
-0,0287230612378248;
0,00234160032778433;
0,00971624063966321;
0,0365293307660915;
0,139243997107927;
0,187563511218071;
0,148772778967581;
0,139575513098443;
0,118585290944919;
0,0206599890748401;
-0,030488062897956;
0,00220880544092819;
0,010421357767209;
-0,00523088186765211;
-0,00150046638375826;
0,00248575458502889;
-0,000507516799974352;
-0,000671027715366174;
0,039539422446849;
0,133438994920627;
0,179378047747599;
0,152044610837516;
0,146076527765309;
0,11971554858772;
0,0195432935779021;
-0,0303568695879362;
0,00254045266192626;
0,010237448782749;
0,0345743494431878;
0,135782039117994;
0,188663549747749;
0,154710415851302;
0,142026079199987;
0,116580229080991;
0,0199163361236446;
-0,0297117185871822;
0,00218721066901512;
0,0101482367751343;
0,0330449317668569;
0,129430562471094;
0,179823327345656;
0,150644906244931;
0,144476051943069;
0,157930468143011;
0,151523270512005;
0,146114947239951;
0,148343550533852;
0,149495120918965;
0,152585646952038;
0,158815237734357;
0,160766372225454;
0,156807186817415;
0,154296522356452;
0,156145448456847;
0,158335882000028;
0,1571386266888;
0,153132306236665;
0,15030674861334;
0,150778257813128;
0,153789494104265;
0,159193545088676;
0,164107873370647;
0,162523042468496;
0,116651219551133;
0,0176477965680446;
-0,0282218123421874;
0,0022800204429479;
0,00959395256247438;
0,0514165625594402;
0,17561695189707;
0,205990700725422;
0,13759042549924;
0,135426305846334;
0,122981647758693;
0,0192943863329029;
-0,0316655090913595;
0,00321696591049618;
0,0104129179040898;
0,0341202575547886;
0,134332563961701;
0,184475684874223;
0,15034747070964;
0,140935422431222;
0,116384747292498;
0,0190569170086927;
-0,0296363034447638;
0,00251717492918679;
0,0099743418232384;
0,0328921211276145;
0,127879954385614;
0,172654017427194;
0,134762234654276;
0,12407543136071;
0,105929492436293;
0,0188108055989819;
-0,0273498552684241;
0,00188975294430704;
0,00938597638302126;
0,0362687193048351;
0,137301055360861;
0,185567529414424;
0,150900252183561;
0,145743750823595;
0,122284300696746;
0,0197550204264157;
-0,0312145102429104;
0,0028016003161651;
0,0104365258579995;
0,0344602936379076;
0,135357172667048;
0,186703264826763;
0,15242088258377;
0,141626688746094;
0,155271195554934;
0,152309751584044;
0,149530441303222;
0,149655552211224;
0,145763163080366;
0,10759306465288;
0,0185748378587138;
-0,0264861274539071;
0,00139704786562061;
0,00931936084713905;
0,035823427764382;
0,137363029389217;
0,190349325883631;
0,158190687633605;
0,149660868738969;
0,123327865983854;
0,0200224260518625;
-0,0314179797082158;
0,00274751306577685;
0,0105385137983335;
0,0344356901360255;
0,13534708393818;
0,185647391604431;
0,149303851544549;
0,139481105518514;
0,117520052335022;
0,0201714332131186;
-0,0302061894309174;
0,00231213317786301;
0,0102703265772344;
0,0344393326612596;
0,134776948596989;
0,186680038604022;
0,154405150610394;
0,147298098927187;
0,123437148020085;
0,0209651872991134;
-0,0316086728808309;
0,00245379213207931;
0,0107354184818384;
0,033311912500741;
0,131413025384005;
0,183457251490844;
0,157104867959048;
0,15685405319141;
0,175235734922951;
0,168190291767067;
0,158888562852989;
0,158322692588752;
0,15522273056627;
0,151047188172922;
0,153526670863791;
0,157355570805492;
0,153315343847395;
0,14740087410456;
0,109854056564421;
0,0190230504957559;
-0,0271948178899987;
0,00148979482316178;
0,0095395068593412;
0,0351953248148294;
0,135604623978781;
0,187461319780873;
0,154613151710538;
0,147115529392941;
0,123065828439219;
0,0204921181904699;
-0,0315293736056247;
0,00262845606626158;
0,0106277804570402;
0,0343779242224536;
0,135318117099137;
0,18780043581284;
0,155744683299189;
0,14686862462251;
0,120767506273368;
0,0198206649017224;
-0,0307073286621075;
0,00256653789915037;
0,010354595186292;
0,0342645534551242;
0,133620507640463;
0,184295967582319;
0,152672231065309;
0,14295540779418;
0,115126449954697;
0,0178281315059663;
-0,0289961069645956;
0,00273675205046605;
0,00964674365460881;
0,0350068264651534;
0,136068442400439;
0,186937745408237;
0,152660419549379;
0,14407803197104;
0,120920855156542;
0,020800552552601;
-0,0309923610932839;
0,00230913313065621;
0,010568237671055;
0,035975115394955;
0,140633383160174;
0,194333218772458;
0,157937309122572;
0,146876330135395;
0,164413244239699;
0,163560655629024;
0,160195397043368;
0,160741904949936;
0,15836555276365;
0,157344019984872;
0,156505989342003;
0,152348173622758;
0,149106207399509;
0,151382852058527;
0,116340063863034;
0,020187432040788;
-0,0289450708442727;
0,00164384641482517;
0,0101232646025582;
0,0336060419084266;
0,130041627461471;
0,179658729529029;
0,150215370089459;
0,145401957435219;
0,120672510017848;
0,0196136233237488;
-0,0307003988095685;
0,00265521319022627;
0,0103121411613626;
0,0338749147197536;
0,133544710044151;
0,186168680059903;
0,154906854944287;
0,144361136117562;
0,117563735955251;
0,0193405861881516;
-0,0298158905686744;
0,00243481810526498;
0,0100816592515958;
0,0339256717417409;
0,131821676274275;
0,181980002218149;
0,15337557938653;
0,150103922751247;
0,124821531947338;
0,0204518892772162;
-0,0317249431887242;
0,00265947353403315;
0,0106946294115778;
0,0352781453030827;
0,138218430522094;
0,191638984637147;
0,15895086451773;
0,148379043957337;
0,120553959083165;
0,0195654366858787;
-0,0305079175009643;
0,00257110376841186;
0,0102822191796157;
0,0335404743011046;
0,13094815456569;
0,179326647198451;
0,14684507477973;
0,141446181078541;
0,119346787967362;
0,0201358147981668;
-0,030564947195487;
0,00243140591638107;
0,0103548021160994;
0,0342663711566836;
0,135273521720699;
0,189786042490212;
0,159280965180538;
0,148931975992793;
0,16064210133029;
0,15653074522233;
0,156586003980541;
0,16236474690095;
0,159958515534857;
0,15514345297312;
0,152622211737403;
0,146725382564477;
0,142164725030037;
0,1460621879355;
0,111663106715683;
0,0178069044192468;
-0,0276509195556117;
0,00216418532818021;
0,00941106476901912;
0,0418477688932065;
0,157827515539905;
0,208591795892019;
0,148459074487712;
0,120698702881095;
0,106005884688742;
0,0216152657425814;
-0,0280424373357305;
0,00110235374047186;
0,00997473390288346;
0,035609989901257;
0,139374743623101;
0,198132545031497;
0,166472821663048;
0,1485092207249;
0,115168588213913;
0,0170992759305313;
-0,0288744569568623;
0,00297158031069866;
0,00950091342339659;
0,0319742879211506;
0,120476604735292;
0,15087117396548;
0,100220353829553;
0,0901250777090865;
0,089401653273808;
0,0204978406476448;
-0,0241612307643756;
0,000268051797998018;
0,0088821920737492;
0,00653241317993824;
0,0438555668900358;
0,0816380745140765;
0,0837510578586321;
0,107476609850018;
0,186560423030237;
0,247406247866251;
0,245962100995828;
0,207976383932792;
0,138220668993306;
0,0486902834848625;
-0,00708387964292351;
-0,00743453110410871;
0,0045382729198831;
0,000914916738342625;
-0,00302737539848404;
-0,0107489784822747;
-0,0298444520473474;
-0,0233090906472213;
0,0339399263768763;
0,0989140676214146;
0,130229012651818;
0,151306607401155;
0,185892950054588;
0,211163485794954;
0,222796315320371;
0,233364151276875;
0,206915591937306;
0,146284829741849;
0,136347740943733;
0,174712966002808;
0,181231752803489;
0,167428885500091;
0,176242123881272;
0,191334445828767;
0,179086407693845;
0,122277130989099;
0,0260788935739107;
-0,0769459946978429;
-0,102430782315697;
-0,0319185094582838;
0,0166269151981634;
0,00205755657410204;
-0,00640379865145817;
0,00189263200237848;
0,00582075672283549;
0,00625400514792966;
0,00687515857106442;
0,0319085636871377;
0,0688890158913633;
-0,00603394943027483;
-0,329126275615673;
-0,713073578812287;
-0,683425767484856;
-0,240384391913319;
0,0607969960958333;
0,0295480197992953;
-0,0294333062090746;
0,00110442218994453;
0,0101135982560638;
-0,00464679594062527;
-0,00164564174983688;
0,00234052182017286;
-0,000395331896934443;
-0,000666355116493706;
0,0617023924877836;
0,257378824245125;
0,484091340814184;
0,612137326556487;
0,668309396057629;
1,01121782537216;
1,66456230291994;
1,50881504268077;
0,4525318338249;
-0,0600752259217375;
0,0723341058566769;
0,0553799744524113;
-0,0388818091819807;
-0,00498661030700018;
0,016160577574536;
0,113985226557318;
0,353996718240921;
0,343049354710306;
0,0890286755245929;
0,0494246505001833;
0,174540479372935;
0,224636253120079;
0,238323596139387;
0,259972378181263;
0,266560030911244;
0,267454983735394;
0,275486117430335;
0,275621715020105;
0,258023767591239;
0,243899746628014;
0,257162496164535;
0,27839297061661;
0,27703601155076;
0,256560743900105;
0,243984083430376;
0,250688752087495;
0,256067201631466;
0,252159865860962;
0,241513712710763;
0,217641650674365;
0,193117976890686;
0,184321469776081;
0,190188322386019;
0,20148959894634;
0,214924926756599;
0,171321339694359;
0,0326687337354958;
-0,043064812430491;
0,00143458816446906;
0,0154969182834911;
0,0606330570065304;
0,23296363559457;
0,327112638199266;
0,273483010720108;
0,251028892330368;
0,265205513837499;
0,243998672885089;
0,225070251946564;
0,234671626923407;
0,25618372669888;
0,274308705969181;
0,274900213142768;
0,25505517286413;
0,238645067351456;
0,247124315379366;
0,196983271184867;
0,0350507272832863;
-0,0496747995159427;
0,00280075072415941;
0,0173622211811315;
0,0622375936007831;
0,236583830303766;
0,318188125057396;
0,250437409845504;
0,234475200852838;
0,267483336335098;
0,266942666055411;
0,262510746417251;
0,264975584464667;
0,258866372385987;
0,187131935090614;
0,0298801905779983;
-0,0455796026662255;
0,00317230556036676;
0,0157115306071272;
-0,00784136390251223;
-0,00227915914724888;
0,00373849300617827;
-0,000755242736620779;
-0,00101258085646416;
0,0663347705854663;
0,222504791359649;
0,294258706428808;
0,242249169155452;
0,231316924231536;
0,26021358849742;
0,262801994485153;
0,257858023829408;
0,253759357726913;
0,250522121261384;
0,256075787281022;
0,268595061725468;
0,280158512438425;
0,287006077004329;
0,285123775799834;
0,270047615216463;
0,251073297273065;
0,242114888560055;
0,247419075344086;
0,272130178079392;
0,307771750989673;
0,323724501566542;
0,313145714733868;
0,301547294247955;
0,306537334307167;
0,331819751037798;
0,375174941143746;
0,431347532646449;
0,498186945273012;
0,56387708857822;
0,608277911726483;
0,632125024203003;
0,669416503105686;
0,755326088677355;
0,905364752373753;
0,788371848389265;
0,164669439059122;
-0,20299554171229;
0,00333865992894765;
0,0744232462727396;
0,23176116845551;
0,998180753148675;
1,64236258441291;
1,60713856303185;
1,28359023573583;
0,907939817532189;
0,544711945022913;
0,331683797556827;
0,262923764225554;
0,263864731172471;
0,363874368922642;
0,521850424353876;
0,448060720716659;
0,23601836258439;
0,231596380816451;
0,223850778674138;
0,0308180288983038;
-0,0583796813106636;
0,00809829219644584;
0,0182141611848505;
-0,0158179416005631;
-0,0138735834271102;
-0,022976872076149;
-0,121848218570409;
-0,300186260313624;
-0,317893802192863;
-0,0649910459041271;
0,0843116390226572;
-0,00335917075222587;
-0,0299636916245006;
0,172222909082535;
0,52530012839053;
0,601311470916243;
0,260638119973407;
-0,00162768663719184;
0,0192048084794223;
0,0450389089293373;
-0,0110651554326422;
-0,0136907499892481;
0,0100344288546814;
0,0992723720884671;
0,353379104672194;
0,544170116600562;
0,546407825615918;
0,501145058882122;
0,322299245485952;
0,0211675086758231;
-0,0737860002941021;
0,0155195316763743;
0,0209718044471722;
-0,00151359687389724;
0,076460978783551;
0,186856701571206;
0,213745236512418;
0,15683647634069;
0,0845969439761873;
0,0129385146711266;
-0,019049129438769;
0,000776057395262501;
0,00685830168766908;
0,0443320835860619;
0,150350593243512;
0,164881146107398;
0,0663860572038589;
0,0357637567296053;
0,096314459066122;
0,185421525479292;
0,288937296172234;
0,340895861872698;
0,296300779679239;
0,225929026262145;
0,209798887838739;
0,240560598221599;
0,273258439392548;
0,290960697811923;
0,298698620433298;
0,299429856728184;
0,284883836767703;
0,248220809099161;
0,197463572626458;
0,156954917708411;
0,159856068172954;
0,192206788161276;
0,204556582800331;
0,194925601707573;
0,188248542397104;
0,186797981979697;
0,186085532558788;
0,191012821365942;
0,20249148626405;
0,204647518115219;
0,19006699031507;
0,181481716424488;
0,191368288215272;
0,204044090278037;
0,155750123059636;
0,0258032430808926;
-0,038460602598815;
0,00254924317127564;
0,0132980063169487;
0,0309707027430517;
0,123492555358983;
0,163939126853755;
0,123796381320856;
0,12394713078538;
0,120183259377394;
0,0269044161465148;
-0,0321304543205772;
0,000433080655591024;
0,0117875735175389;
0,0416151083190896;
0,161494718015289;
0,228753859079588;
0,189999307682448;
0,17093249086879;
0,138719688162334;
0,0239752608612964;
-0,0353833591325051;
0,00250271918425894;
0,0121298307551957;
0,0359292294949529;
0,144443819191098;
0,207903297428093;
0,182857365547013;
0,173095546911611;
0,136247222216739;
0,0209718503766392;
-0,0340615046574521;
0,00314568385774585;
0,0113702281021474;
0,0368845669362468;
0,144239278581735;
0,197123305579222;
0,164194818532064;
0,167586170703176;
0,146682815538661;
0,0257554021529936;
-0,0379190598258311;
0,00276728577643107;
0,0129464208731946;
0,0411970386879756;
0,161445157255699;
0,218496820724584;
0,16537018805063;
0,143108704197203;
0,120395891852274;
0,0212987113012475;
-0,0311607389373147;
0,00222576472062978;
0,0106593359288264;
0,0464423228099614;
0,177979248752296;
0,247766029922323;
0,20317839801045;
0,181287082814038;
0,144852723876532;
0,0235583602368575;
-0,0366972968126654;
0,00309174758228127;
0,01236749194292;
0,0416235301447485;
0,161660107961588;
0,219621087247965;
0,177371171150284;
0,172765688991715;
0,149460943890301;
0,0261492557139632;
-0,0386218533537697;
0,00285044340141456;
0,0131726752630297;
0,0440190221449004;
0,170598946849398;
0,233744237162449;
0,190215574155756;
0,174619591922286;
0,181851945771953;
0,166288730919268;
0,162091630322725;
0,17807317086291;
0,197729346007869;
0,213122971834042;
0,216796760193218;
0,210636349596126;
0,202132175409267;
0,189862346349083;
0,171789826245482;
0,144846375239998;
0,120398461800076;
0,128639513944197;
0,164752982975579;
0,195155201023249;
0,202696890400782;
0,166802201718522;
0,090924915440661;
0,0495651012563746;
0,089634781446918;
0,157972353769117;
0,198777907317399;
0,224636006280463;
0,269002494245669;
0,306384248314939;
0,281886534110407;
0,218628339430262;
0,172655180436418;
0,144502842207328;
0,0939925828791921;
0,0133211263809179;
-0,0219897500239812;
0,00178317359594526;
0,0074957290994878;
-0,00523663722563197;
0,00658220267383014;
0,0624062796323296;
0,152368630164717;
0,208264546636729;
0,148052444601219;
0,0135850904966722;
-0,0343575264604647;
0,00576759789140287;
0,0103974653998736;
0,0640501468543704;
0,260120944731287;
0,39715688750426;
0,357502201969805;
0,291780065500189;
0,202473275858617;
0,0298458097462428;
-0,0493045276400466;
0,00447330950735878;
0,0165335990631046;
0,0473588878106097;
0,188410330114717;
0,244304891761235;
0,144601416009881;
0,0746522746901026;
0,110169996639814;
0,181315711743697;
0,236778696271461;
0,30606258513588;
0,349161120691788;
0,24250978529114;
0,0372239764653958;
-0,110798565310743;
-0,192571697334449;
-0,265011380119467;
-0,216360878312524;
-0,0234620534393195;
0,0542668659439113;
-0,00924852436674636;
-0,0162295893979123;
-0,0303377933113861;
-0,113258820869905;
-0,0972495699056744;
-0,121905456900545;
-0,508110999387276;
-0,623774135192222;
0,0558255590068663;
0,405395398990536;
0,0679627600657412;
0,07398107215138;
0,341732868429122;
0,303288818203618;
0,122164844629586;
0,0727227400331368;
0,176764900813505;
0,214905961769037;
0,0517578027537736;
-0,0590910662622555;
0,000180375477199303;
0,021905905145628;
0,224101093979629;
1,0619237295195;
1,99193400722943;
2,12347950115764;
1,59346632936659;
0,729126549762157;
-0,0559363133155275;
-0,146106085509609;
0,0668837561804509;
0,0261666999432687;
0,18462175601767;
0,6201826424795;
0,454805338428787;
-0,130809779115377;
-0,145262265686623;
0,181728868169289;
0,271024682196362;
0,236394871115482;
0,236222406332965;
0,224809825788788;
0,196568734154418;
0,201071780499039;
0,24312641198074;
0,292698506116264;
0,291285563021882;
0,176524244999686;
0,0113598431039057;
-0,0387162347964006;
0,00761931782873416;
0,0112922996152906;
0,0748844367450979;
0,276907320984542;
0,370035297915978;
0,301675883564484;
0,281230199319805;
0,291328507123938;
0,254314612575473;
0,226249487969487;
0,233547849326183;
0,255205423605879;
0,27923273259732;
0,296510569719207;
0,296980526390162;
0,279726524522099;
0,253373384306911;
0,232054178175665;
0,223406623145848;
0,228101020366817;
0,24218806132105;
0,254438748488381;
0,262127123938119;
0,272726183681487;
0,280724687998221;
0,272113765770295;
0,252461621423173;
0,23940380082247;
0,239955325893941;
0,250343779895875;
0,257833804423926;
0,254852554052284;
0,251073103398043;
0,254231672852453;
0,255440568413505;
0,249702933238825;
0,249535931044585;
0,257708031490523;
0,260942632994934;
0,258570420331327;
0,261894586264361;
0,268776025902064;
0,26317456761754;
0,240596018716035;
0,216244268976415;
0,209953149239421;
0,229015978939046;
0,256096509341437;
0,265834559723441;
0,255088201121725;
0,241985344213343;
0,242289756908144;
0,25254233650461;
0,263087246788806;
0,273844274992154;
0,279467448505187;
0,270557534066468;
0,190568667300712;
0,0279514410916759;
-0,0458840195839562;
0,00396807036922398;
0,0154891652905059;
0,0816972446919312;
0,302913920811463;
0,408084048684104;
0,331728199004446;
0,327772167324998;
0,28983621201996;
0,0544742593993108;
-0,0754239343529259;
0,00424423657526657;
0,0262961430590459;
0,0927182765592626;
0,365618021875897;
0,529576805921968;
0,487767746450572;
0,527006132221246;
0,469808987513867;
0,0908712310753473;
-0,122230440409315;
0,00577910752705896;
0,0431034824722849;
0,313983341480545;
1,20735458427019;
1,80827242562047;
1,61601974492212;
1,26923542793445;
0,913756043615803;
0,416565785190329;
0,035074467572425;
-0,0560777757184976;
0,0327951457345146;
0,153853205089617;
0,317073862612167;
0,554702125396914;
0,685170254812487;
0,472810807127654;
0,092737416192528;
-0,057846798771832;
0,000981028725449549;
0,0186118807427482;
-0,00790070210760949;
-0,0503262358419796;
-0,20095306240222;
-0,384723232994655;
-0,440118194832051;
-0,392026376975676;
-0,252894481880325;
-0,0299086502096958;
0,0595037086187912;
-0,00749561023489761;
-0,0190873493046607;
0,15359277198676;
0,497451472758411;
0,655054329134623;
0,510608933305266;
0,420481033842567;
0,312986159950659;
0,0362841740387202;
-0,0781668499024503;
0,0121966229127997;
0,0238866811878964;
0,0290620272020833;
0,109141246114389;
0,0732319269392316;
0,00982191588552951;
0,132772208749958;
0,206578153226785;
0,0455426042129045;
-0,0585780004988312;
0,00297453598319496;
0,0204264964767147;
0,017898399198363;
0,0960805171892951;
0,146236003179215;
0,105118379879948;
0,0454325393958593;
0,0110270870045401;
-0,00147892889824641;
-0,00122730569256045;
0,000711449112373698;
0,000190243996844597;
0,0058062914224476;
0,0271851417551568;
0,06241874589876;
0,100882511341424;
0,112121080259467;
0,0665547568023611;
0,00153902483317472;
-0,0141182710134932;
0,00375364854358214;
0,00370150296314488;
0,0726120445770856;
0,241948835755968;
0,286802013666715;
0,195455298867671;
0,18835423533516;
0,171847289908573;
0,0285129239938413;
-0,0447235563477679;
0,00411533955605251;
0,0148830772485792;
0,0415871920118274;
0,177764871680731;
0,274601826908883;
0,259040968079898;
0,23381372833907;
0,167662280076978;
0,0226172932102653;
-0,0406717348801608;
0,00449876920224733;
0,013284648020236;
0,0442370220552616;
0,172748013433572;
0,235055605793354;
0,196866681240882;
0,201955045643652;
0,17459398734325;
0,0294067570795976;
-0,0448585621902103;
0,00366163170508207;
0,0151515991898087;
0,0355311088344789;
0,134834545774993;
0,159378626751369;
0,0997479637262717;
0,108942947839611;
0,116961120448635;
0,024497596642103;
-0,0317991134457154;
0,00143838008787228;
0,0112030159427763;
0,0533022473258364;
0,191303470453612;
0,235974612015029;
0,161027451656064;
0,157842269914624;
0,147661233377579;
0,023112151741057;
-0,0391114058173557;
0,00451536277206218;
0,0125890837811646;
0,041329009457961;
0,164134162331665;
0,225941536307858;
0,185962241037048;
0,183662230605034;
0,161035730517266;
0,0297558813597713;
-0,041824183989215;
0,00252610193106799;
0,0145075568343221;
0,0516571428127794;
0,199924596092202;
0,275131546443567;
0,220908772224717;
0,20075532024159;
0,165351684055471;
0,0274806372037639;
-0,0422742393158851;
0,00350258436460925;
0,0142618090682312;
0,0462689807350984;
0,186116307419047;
0,265489093230538;
0,221735098780704;
0,198850216473595;
0,160529965439149;
0,0278376402107656;
-0,0408881730616321;
0,00282336094113166;
0,0140491612762771;
0,0404687728944212;
0,160879778327732;
0,220134604840869;
0,174787377586498;
0,167404234284473;
0,146465992594912;
0,0261607172493313;
-0,0381454166721658;
0,00273919799547026;
0,013035290544951;
0,0443536464109174;
0,174735328645081;
0,24489729219468;
0,204924538623685;
0,194812741557138;
0,215363102383171;
0,210784368676357;
0,207304641177952;
0,211200979690826;
0,207917409462599;
0,203974511705953;
0,205142328830017;
0,20898196821;
0,214100437643429;
0,217269913108931;
0,160720910459322;
0,0251238113007013;
-0,0393257804594652;
0,00305539282517013;
0,0134090071731488;
0,0426126396582883;
0,168163275504497;
0,23326812055243;
0,194105936020777;
0,191184503716791;
0,220432870160816;
0,21385490957954;
0,192323198329079;
0,184710231738218;
0,187877854702806;
0,181596949779696;
0,164258606734413;
0,159613829139275;
0,172831358451289;
0,185747042727477;
0,140282451170061;
0,0219936978436015;
-0,0344468204639313;
0,00270992949010926;
0,0117267572103307;
0,0297178690234241;
0,109533055631368;
0,122386597983043;
0,0623653533249999;
0,0663978175634546;
0,0845228008401155;
0,0216064519140041;
-0,0239792936061381;
-2,99016676180038E-5;
0,00891503240094958;
0,0431664612102599;
0,165710176041726;
0,238482760920169;
0,186751996651826;
0,115463121972617;
0,0588902302172788;
0,00310662983205222;
-0,012699848481934;
0,00270517375683865;
0,00362020101656212;
0,0571047723138177;
0,205956707199336;
0,277162501289953;
0,214674397854178;
0,189954124979141;
0,169256271909645;
0,0366412985873765;
-0,0447590376503069;
0,000853244824340689;
0,0163234510505755;
0,0470576044918146;
0,192718614196846;
0,294803075114574;
0,283449393450023;
0,277603398896864;
0,214157984529013;
0,0319949162283326;
-0,0531386571086817;
0,00512224232625316;
0,0176552061391629;
-0,0223444044704919;
-0,0796261362342928;
-0,197244749024116;
-0,284716312328995;
-0,247972435307699;
-0,204308499152794;
-0,248711526066855;
-0,303594016360434;
-0,348084787606038;
-0,511369546264254;
-0,821071318070218;
-0,933617032327752;
-0,55142715510202;
0,0117123729494296;
0,34628433416075;
0,486384023579534;
0,529429907172331;
0,465136430775077;
0,356227705391483;
0,29845415962745;
0,361428214766955;
0,543548923116228;
0,762799487589047;
0,973644931630651;
1,14632127774506;
1,20463037957192;
1,17243842731132;
1,26512664145265;
1,62540021044877;
1,97541785362297;
2,00649009921912;
1,69280415837709;
1,1297432178474;
0,731097659699813;
0,55174031127941;
0,261889009140192;
0,160336614769194;
0,352689580433123;
0,455550649983219;
0,459822523644552;
0,347881096525133;
0,0526394842625944;
-0,0867268195148093;
0,00827483773773267;
0,028840220072628;
0,0565024315555763;
0,242648357665027;
0,335936523684138;
0,258719373431651;
0,219420762501231;
0,17177499746312;
0,0247326385734161;
-0,043271964184787;
0,0048759670296723;
0,0140445690945206;
0,0390185192047946;
0,16310871519359;
0,240033876403677;
0,223254543673214;
0,23297827189512;
0,243143185324847;
0,198741719170903;
0,186402478134105;
0,227691565970524;
0,251032032357035;
0,240738080874141;
0,207178384153436;
0,169079556534296;
0,151250850371727;
0,146962385289899;
0,109471125120044;
0,0191845968884111;
-0,0269450541579785;
0,00129904088131271;
0,00953517604197284;
0,0495813051641008;
0,186855151852668;
0,26753831647117;
0,243811358427057;
0,242924069124087;
0,25686786498597;
0,239097237043563;
0,223545747348567;
0,220274353792823;
0,220266727370103;
0,229928070039899;
0,248452616364109;
0,260468664675146;
0,257798690776558;
0,250829565141019;
0,246928269444022;
0,239599513667986;
0,230750993635212;
0,227941668924024;
0,229662313336674;
0,237314696572116;
0,252323579634906;
0,265895921181868;
0,268737730118318;
0,258912545982764;
0,238377930598296;
0,215074811582655;
0,208291083137322;
0,220714266735937;
0,230104568031745;
0,229799419303546;
0,228373330813039;
0,230631306053847;
0,239904261064807;
0,248200377379152;
0,244140326927606;
0,233226393957121;
0,227756255817434;
0,231778381732722;
0,238462673965819;
0,239582335793974;
0,238414938495272;
0,239118397781635;
0,2492404891686;
0,277602890929522;
0,30335450751872;
0,310236349594579;
0,311807652324512;
0,304196011640793;
0,285867932403952;
0,287495024874303;
0,321388859428541;
0,375385779413469;
0,456189406128671;
0,548968405250152;
0,610478428806452;
0,698045957426058;
0,887054139555474;
1,05558697480016;
1,04689967139357;
0,700359526254405;
0,0878137481349314;
-0,1642424700458;
0,0183404020656606;
0,0537448520505738;
0,18510207262967;
0,707085841129817;
0,924824592224467;
0,733093952531932;
0,846472825964524;
0,878302886766076;
0,208003867211278;
-0,238084892123885;
0,000252885483245116;
0,0885651053338308;
0,155477644354705;
0,619283640412063;
0,760732681497368;
0,359663061531304;
0,096073726705047;
0,0732695876301132;
-0,0094471316297662;
-0,176586482210265;
-0,282275252320044;
-0,219988373460736;
-0,0798444769473341;
-0,00260912207222271;
-0,017995581522122;
-0,0746392972176186;
0,0171854942828875;
0,306203628794665;
0,462963588204606;
0,228073893512969;
-0,285782245311668;
-0,552295026171817;
-0,253547253522561;
0,0716242994943304;
0,036615883798832;
-0,0370723641850384;
0,00192331526811779;
0,198618507810323;
0,564044365786609;
0,619083985372295;
0,40666145456936;
0,417404407439616;
0,342581596466093;
0,0191366989818926;
-0,083902847493427;
0,0210741147806113;
0,0221469580768578;
0,0227244349963065;
0,146278063918292;
0,227233588289923;
0,190063109195483;
0,136248007770034;
0,0825882324080056;
0,00857498194791101;
-0,0191500010260988;
0,00278785106265411;
0,00598521401807721;
0,037328616419177;
0,151386553570054;
0,222704206795748;
0,169691363466351;
0,0996537435283169;
0,0593525921732534;
0,00940206070598849;
-0,0145097621768383;
0,00106856837901224;
0,0049738987587879;
0,0339855456370243;
0,133406844808683;
0,205774521484886;
0,197867641563619;
0,181615929645709;
0,134071674140639;
0,0203605841812778;
-0,0329727671515004;
0,00289752195747874;
0,0110886744258212;
0,0299711311509919;
0,132210917110864;
0,217944002608177;
0,231921496662199;
0,224746317556289;
0,153558846773867;
0,0153318289712183;
-0,0361072039831784;
0,00573083577151184;
0,0110583407547254;
0,0577139833555431;
0,223953359985433;
0,310664831956379;
0,245323768495166;
0,196964397106864;
0,147165701869165;
0,0222391616208558;
-0,0367590056228546;
0,0035535750300871;
0,0122012016379712;
0,0494316075078369;
0,188575514982046;
0,256673133663052;
0,2080612743099;
0,189890497828339;
0,207201655723847;
0,212941528605745;
0,215675134537812;
0,212567694150545;
0,203209895496402;
0,18806537416015;
0,173957400820516;
0,178838471704969;
0,194506689927886;
0,19823264621494;
0,145055395708772;
0,0239171637697379;
-0,0353407793343992;
0,00214596217395511;
0,0123210764573779;
0,0433841975127961;
0,167145960554721;
0,231756450946951;
0,196367793867467;
0,192424143153984;
0,210113861647773;
0,195843073341125;
0,187903096573063;
0,200191237320666;
0,207098305419823;
0,208003642462824;
0,210070083155515;
0,200171772174137;
0,178241870937166;
0,166325175328198;
0,125256513028519;
0,0218068784243613;
-0,0311888491010551;
0,00175401319534404;
0,0109148981251554;
0,0487691607129903;
0,186826161489365;
0,263366421426451;
0,220340521113357;
0,196715686165052;
0,155601381448656;
0,0254986712958848;
-0,0392835333049384;
0,00316111029991965;
0,0133090598781197;
0,0409925029356685;
0,162125119946596;
0,228535554222787;
0,203082503482266;
0,208128811237839;
0,171457060192707;
0,0262877189050379;
-0,0432900425608859;
0,0042483888471313;
0,0143269111536743;
0,0523249691981603;
0,204269786467711;
0,280380673363605;
0,225370195008398;
0,207011951194759;
0,171637470497365;
0,0285989183609458;
-0,0439473991971391;
0,00364285113779975;
0,0148236024319915;
0,0421064258898501;
0,164046544023168;
0,215000536191001;
0,16268028866625;
0,172522524997074;
0,173620982136505;
0,0393990041241384;
-0,046865534406665;
0,0006603145141181;
0,0171680600932599;
0,0373298471986486;
0,15039555125765;
0,213754838540119;
0,189388450326245;
0,188805585784802;
0,146440540017265;
0,0176124682948965;
-0,0360830281177884;
0,00515567735172478;
0,01125175474454;
0,0352153643249397;
0,146205956066598;
0,202108847437205;
0,146530913405086;
0,101568587803321;
0,113146046385726;
0,156359534406449;
0,181438740984518;
0,149792606622086;
0,107832571094724;
0,11543388264353;
0,175029593589088;
0,215525613906127;
0,209834235578718;
0,218322786625836;
0,179844338753601;
0,032620308584083;
-0,0457567075657541;
0,00252906293311075;
0,0160032758003387;
0,0724346355784465;
0,268780302826543;
0,350043770394511;
0,232745170219809;
0,147535251548175;
0,105068687477345;
0,0157829530061136;
-0,026340163636784;
0,00263248796632676;
0,00870182450920567;
0,0110622084923103;
0,0555008348389579;
0,0779080842070033;
0,0438233941211905;
-0,0032607625893404;
-0,0284835968407634;
-0,0136604226465084;
0,00887075957564836;
0,00224477522652781;
-0,00426830268657148;
-0,035316095817485;
-0,17522739880196;
-0,477458904285065;
-0,873397107072238;
-0,974287158875663;
-0,503147761950094;
0,037736816694038;
0,0957031481409927;
-0,0428348074539935;
-0,0177648401638427;
0,102924559629571;
0,279330403971539;
0,406352034415134;
0,438061681786504;
0,566098340071862;
0,801302626383004;
1,01062215994458;
1,12424598572299;
1,27840784258727;
1,68771580244766;
2,0275726587455;
1,98667427014677;
1,90337175770461;
1,83356403331385;
1,44745924880908;
0,740785826226478;
0,0473699266749558;
-0,15305596009525;
0,0266658863123667;
0,0464975955189256;
0,190460113629086;
0,683607863970502;
0,751829993684479;
0,319157675601131;
0,117173909515981;
0,105694538393463;
0,0114764493773224;
-0,0287442617989294;
0,00580142462985485;
0,00812904756828715;
0,0859325466947816;
0,30949196558453;
0,406255023619009;
0,303034293573153;
0,244219052568838;
0,188440482375044;
0,028157939093666;
-0,0473706396573949;
0,00485892046784224;
0,0155903423385009;
0,0439937794772623;
0,180191076105783;
0,264133262700909;
0,251505382711044;
0,261385575595452;
0,206965006152758;
0,0292612733964634;
-0,0513772909127811;
0,00566347032590967;
0,0167537624921608;
0,0456860761630499;
0,188949496778839;
0,273728721814691;
0,248402535704562;
0,252410848487799;
0,209150598207404;
0,0351430830348406;
-0,0530564465937326;
0,00402883311131358;
0,0180744578265293;
0,055524250802493;
0,225505826933751;
0,327546796614024;
0,284710154587447;
0,261265973439785;
0,2064102486949;
0,0338156175229214;
-0,0519935261710166;
0,00412945423376295;
0,01764278180877;
0,0581331254251743;
0,228096630045411;
0,317840172803316;
0,268201678195923;
0,260881283788699;
0,219332355744567;
0,0378918797534567;
-0,0561057915444287;
0,00405642692360389;
0,019189954108096;
0,072305552151823;
0,280518666623895;
0,388807083025214;
0,316230099388438;
0,290770335866207;
0,24291951209717;
0,0426963453624095;
-0,0624346502446528;
0,00435534755206293;
0,0214163575037855;
0,119956909976742;
0,457341190775029;
0,669822850588513;
0,647600956142193;
0,72502884863501;
0,888220354794247;
0,937930185004266;
0,905356238304258;
0,88520780268253;
0,875726334218788;
0,827943669805078;
0,762948652679211;
0,735330203410563;
0,772501128841374;
0,946578606715884;
0,88343689093667;
0,203016560358207;
-0,233504246150869;
-0,000576697810646766;
0,0873926888770818;
0,0326302604487393;
0,202607892606531;
0,283432254993858;
0,248893420956138;
0,382799750483416;
0,563020378296304;
0,602917536711206;
0,559874877566008;
0,461416207355223;
0,263420556001528;
0,0306016282940972;
-0,126443477030556;
-0,197919807867014;
-0,204819277281865;
-0,17422022281826;
-0,153680573662329;
-0,126086720265964;
-0,0749821246063615;
0,00419100962747732;
0,146812163345765;
0,264297114863496;
0,203044759658829;
-0,075351442996321;
-0,292480597381172;
-0,0909017567967122;
0,245830736411277;
0,311241538035928;
0,38168684297905;
0,696687685183062;
0,963286610873286;
0,901403877366024;
0,56291008595442;
0,228905453900228;
0,0472002224695298;
-0,0963824642811544;
-0,155942535720158;
-0,0367834534712196;
0,0452169260237463;
-0,00180712401526413;
-0,0159579617843531;
0,0175897386122178;
0,0671668118334406;
0,172866973521072;
0,290166419564883;
0,354461519061704;
0,281256887793091;
0,0499132916721262;
-0,0700634747151186;
0,00355671140249346;
0,0246888078791137;
0,0446770922287182;
0,173664450412468;
0,194762139751478;
0,0578513638172042;
-0,0385855128092831;
-0,0522958106405838;
-0,0389964429794145;
-0,00950876642966421;
0,0467096060290355;
0,131838726737115;
0,201579345245742;
0,212575581980415;
0,185019734069638;
0,173685309201704;
0,208669315599083;
0,269983612539938;
0,308915695645977;
0,290711189210087;
0,229566835432156;
0,182783762881527;
0,170020543314977;
0,172414697572001;
0,194793900996315;
0,220207624245607;
0,217525624198023;
0,193546019546801;
0,174424251691077;
0,190223228658585;
0,220673978344483;
0,219071143765616;
0,206278875618453;
0,216796095411697;
0,236047901588342;
0,240507196915235;
0,231275116498688;
0,225971364718417;
0,231358596684571;
0,232840381905508;
0,21588244978094;
0,189695126318779;
0,180674815166329;
0,188927804958071;
0,182590013782139;
0,16513192174691;
0,17545784736987;
0,20737296182652;
0,220813786414097;
0,210867604754666;
0,1986051698467;
0,19616922817483;
0,204593302913191;
0,215169567556407;
0,217378149257819;
0,210384014698503;
0,19711889637564;
0,180128011601343;
0,167823642939583;
0,169604477925636;
0,178235496188502;
0,176409570792902;
0,166289895329624;
0,165829459094908;
0,182697846839363;
0,206373242212018;
0,21983463117264;
0,217186268310117;
0,207141035360525;
0,204517194101386;
0,213899088734202;
0,220787663791011;
0,214052503755947;
0,203404219990363;
0,200854387751699;
0,204185911746599;
0,20425140349981;
0,196977354757964;
0,189795921258859;
0,193085407641256;
0,200348824562959;
0,197713298786741;
0,191030516363833;
0,191795919829278;
0,19684588117431;
0,198876808826801;
0,195609783503323;
0,191665997702523;
0,194202556847696;
0,203696585953831;
0,2116697865856;
0,210243268532902;
0,202104152134898;
0,195758704864087;
0,196897512552799;
0,205412108375227;
0,214189315719972;
0,214985884967898;
0,209529181474888;
0,205247043173263;
0,202997382870347;
0,201406971154806;
0,201241173829264;
0,203545666104292;
0,210654646082195;
0,220924756133918;
0,228521827079827;
0,230475516394816;
0,227462687655102;
0,223088857197089;
0,221505456445071;
0,221924880510973;
0,222988898501374;
0,227791095856169;
0,233814356702788;
0,229961349032748;
0,214477283044796;
0,20188498689052;
0,198479669058549;
0,195604336283931;
0,198248904497252;
0,217226740092794;
0,235207069758605;
0,226475459191679;
0,199686375114499;
0,182035888398157;
0,177215870488443;
0,188464956022839;
0,214683041804735;
0,212575935772197;
0,18220085239725;
0,17234787734476;
0,150257038003288;
0,0883194974543863;
0,0751866160646606;
0,131493568667604;
0,173047715412969;
0,185608593988638;
0,193179304991112;
0,199816924189279;
0,20213680411073;
0,18576373758363;
0,161857099471044;
0,14268007064045;
0,111830499382997;
0,0831372023774043;
0,0970910485607164;
0,145983595036067;
0,184229263464988;
0,189356731399845;
0,172107545444578;
0,158617387434645;
0,169972737277357;
0,20962742063863;
0,263544472810753;
0,309677599498852;
0,333532441818442;
0,301126338884965;
0,226743915802184;
0,231919705977798;
0,313329595196978;
0,343799667596899;
0,290264852978944;
0,187172716881168;
0,123466228276066;
0,112852668315619;
0,0353135916024459;
-0,0630015207034954;
-0,0361277704596604;
0,0235327177386941;
0,00520099885070213;
-0,0108941292312541;
-0,038440628502789;
-0,123657355870071;
-0,103278010926459;
0,0312025574221209;
0,0250315043334127;
-0,11707572477812;
-0,166515238019323;
-0,0722489126896638;
0,0357951427080361;
0,0117055865508531;
-0,059970317316488;
0,109803841390686;
0,504251020548174;
0,754353160137379;
0,717008045852993;
0,444897489885244;
0,0486475773989197;
-0,102170670321417;
0,0134116340564626;
0,0326138026466601;
0,188717807773944;
0,754380303148372;
1,1619373033572;
1,11430254169504;
1,13076001975809;
1,0258247254536;
0,252468261102263;
-0,270581683417093;
-0,00804822696749429;
0,104560347034467;
-0,0417288306746089;
-0,0195615351305308;
0,0230059325556057;
-0,00267993656249597;
-0,00705537603781029;
0,144177627943297;
0,341902713790477;
0,135184100999523;
-0,182877514597001;
0,0125338551458239;
0,272341676376348;
0,093450771067459;
-0,0869413309390768;
-0,00456234918922043;
0,0340432800671411;
0,0949614209083486;
0,353930190304327;
0,462838319894628;
0,317530923474462;
0,235153549814711;
0,181127441967085;
0,025617425037152;
-0,045727780515145;
0,00539385548575981;
0,0147316433796491;
0,0566537027111009;
0,219020587746652;
0,296346331560527;
0,238087724767474;
0,230180688404825;
0,262773768844461;
0,265079866322809;
0,289446046838546;
0,318504028138628;
0,292719058736075;
0,243904568990851;
0,219976662972478;
0,222271646499279;
0,233097510791484;
0,236934227200786;
0,238131372799886;
0,248918099070002;
0,26635514506369;
0,285042617290826;
0,299114559518008;
0,293982982932952;
0,271155767324718;
0,251911446305341;
0,244475492955114;
0,24284925000503;
0,249701361389964;
0,266781608495715;
0,281518958990228;
0,280397682217246;
0,268959067890668;
0,269716690694523;
0,286100661074684;
0,294985461726866;
0,285177393704233;
0,269531216406271;
0,193929161266015;
0,0306079308060469;
-0,0472873576544207;
0,00346847449350671;
0,0162199090693628;
0,0635002273840319;
0,242195400638284;
0,326335755681987;
0,253191236473804;
0,231940063421141;
0,271293887595236;
0,280052807456418;
0,277518050169927;
0,281100161852196;
0,278244168106229;
0,271624775484976;
0,276825068038377;
0,295264333364964;
0,306274679180643;
0,298246851850257;
0,214495232747947;
0,0346824998335456;
-0,0521054776825093;
0,00337327519238337;
0,0180776956146406;
0,0657500599636965;
0,25294582971439;
0,348416462960322;
0,290527942524229;
0,287187162018296;
0,334047420640167;
0,359478316061887;
0,421975605314233;
0,501169327831557;
0,507873434356603;
0,45565052801329;
0,421492179079203;
0,478524966274505;
0,642518165856093;
0,80392502566038;
0,911166429935627;
1,02103341919426;
1,09269344042987;
1,04295240727563;
0,894326066524353;
0,775691282552099;
0,867650665912582;
1,18752629969072;
1,5414801585616;
1,74887865092222;
1,6415826633636;
1,21373929212665;
0,728661081316015;
0,369919763893419;
0,221461058194193;
0,314647735537441;
0,491012794439839;
0,626929398915853;
0,734496137518531;
0,751689859813988;
0,633920917066106;
0,477162314336914;
0,314300785201362;
0,126441544351807;
0,0217297371158272;
0,0535488767074432;
0,0701964661895319;
-0,0383614556275794;
-0,177077621675867;
-0,250538833020627;
-0,302287646077895;
-0,262036438448593;
-0,00516058356305413;
0,27000615183424;
0,269240284364024;
-0,0328810190047068;
-0,304764468808798;
-0,203240084374718;
0,100608368428296;
0,324734205950646;
0,531125928630164;
0,746374049948388;
0,853815959922328;
0,753054313409555;
0,382275381468551;
-0,00288874417655719;
-0,0826623761948919;
0,00271531492619708;
0,0389496350418323;
0,0692954599761351;
0,147558511993957;
0,235010070967351;
0,282976889047096;
0,266858442020877;
0,170452440347159;
0,0506327631475722;
0,0336901105987042;
0,11946097555752;
0,204541711140561;
0,24746070326282;
0,228513790365283;
0,162692751076551;
0,136057204596829;
0,169801973428959;
0,180066402640533;
0,131409313026273;
0,0858214766567938;
0,0906985790420537;
0,14345609621244;
0,215409182918718;
0,19371898180259;
0,0358026293491709;
-0,0496437128985948;
0,00264943418690579;
0,0173941252775009;
0,0467723830926506;
0,184050779168313;
0,249670486333085;
0,201271588169178;
0,207273746916261;
0,19085974019142;
0,0373944481587124;
-0,0502001346594151;
0,00246018221958172;
0,0176484456747898;
0,0592974993896598;
0,231169850107534;
0,323697694658592;
0,257013643794066;
0,215268175630167;
0,178716778294104;
0,0383955912732879;
-0,0461220365816065;
0,000367484742967865;
0,0170799849212623;
0,0456323325113128;
0,175419880630148;
0,224541115090139;
0,153510370821338;
0,155870531759424;
0,161097299235971;
0,0335940700319086;
-0,0441476581327169;
0,00224494094398497;
0,0154337862363795;
0,0497410192109961;
0,189804314510022;
0,254694766242149;
0,202332286989363;
0,19273962694496;
0,161856155788371;
0,0259746674282186;
-0,0413140220031774;
0,00378029514765365;
0,0137812778602581;
0,0609431561195384;
0,224171252167803;
0,284356955584121;
0,194578178792662;
0,159467216953003;
0,190315527179117;
0,206548230024695;
0,208018789089239;
0,211852936970804;
0,230153587922694;
0,245285068384339;
0,239482919336203;
0,225712852997433;
0,219512816234336;
0,218657171034956;
0,161415445285379;
0,0256677876727357;
-0,0394776639256079;
0,00287452353700419;
0,0135468503684378;
0,0590362963788869;
0,223069635440338;
0,29979811504508;
0,230395630985504;
0,208066368090115;
0,244889902526172;
0,255635730782519;
0,254336495364829;
0,252385611529796;
0,237663649016876;
0,164824698739287;
0,0245899092567419;
-0,039513059195615;
0,00315765872921165;
0,0134590241040653;
0,0461578900574557;
0,178870269896361;
0,246367258182621;
0,205068702685685;
0,198424320939615;
0,167125673500441;
0,0290528987339462;
-0,0427324966954069;
0,00300407884095964;
0,0146543397067786;
0,0538839187158412;
0,206641973917579;
0,280420993798485;
0,223944970677863;
0,212905987886866;
0,183480457401607;
0,0325605813947411;
-0,0474684325251658;
0,0033376286704854;
0,0162618847842581;
0,0549950378684395;
0,212971957511897;
0,290807263148286;
0,235916535469054;
0,230974542855272;
0,203514882302343;
0,0381673835364959;
-0,0529432685223969;
0,00300516659018369;
0,0184473628211638;
0,0723409554012202;
0,301805247706528;
0,447332148969973;
0,327598725373874;
0,171826018585214;
0,135949377425311;
0,142760818225587;
0,131650393746808;
0,100610259349165;
0,0581136679584124;
0,0194294715035893;
-0,00127822531156371;
-0,00301366459003928;
0,00118492265912011;
0,000659099868222494;
0,050551790562024;
0,175461519813174;
0,238546124848098;
0,210413108642049;
0,217098856418909;
0,24717757100942;
0,255676161523211;
0,275781577257436;
0,298038653214531;
0,289247846693833;
0,257630436855457;
0,235667136421241;
0,239265485087731;
0,245393854285145;
0,226615027736883;
0,194350700797775;
0,172330443941175;
0,16825048682281;
0,179169474293435;
0,172549740168845;
0,121360002517717;
0,0611934190481384;
0,0445931624079038;
0,0908714026839871;
0,209594605796448;
0,387257552417761;
0,468073601927788;
0,297181641872001;
0,0333596093851026;
-0,0970959193322042;
-0,120966480156677;
-0,0974799089163551;
-0,070933799047126;
-0,122905094497606;
-0,182482405972333;
-0,269315367492859;
-0,512212980127699;
-0,656345515795239;
-0,415375590777198;
0,013157671248132;
0,353685098835829;
0,566033796780432;
0,639274613624893;
0,555972485290571;
0,399708825131425;
0,289717038045957;
0,294562633516661;
0,413366452789225;
0,601422114404433;
0,811076483402745;
0,996693349898575;
1,10608731689664;
1,08908661080309;
1,01395752893624;
1,21411583350402;
1,76238107135564;
2,06924986194396;
1,84965604602332;
1,33780247968675;
0,693885782599459;
0,197160243835903;
0,0325531858855215;
0,11686549756498;
0,332471473717048;
0,521676304206468;
0,573336020642021;
0,509767307086758;
0,449727050309598;
0,414247749999818;
0,328927882330522;
0,182393773543632;
0,0197978254881861;
-0,0398863891286946;
0,00440530840631765;
0,0131660769535465;
0,0905763743465052;
0,312951074984901;
0,375122471744486;
0,249440033717487;
0,226746910331209;
0,199236657723403;
0,0289098255543971;
-0,0513747126063304;
0,00624530283023313;
0,0164366032380266;
0,0585920854943742;
0,232078948920858;
0,319006770067646;
0,252854255546473;
0,225696584555371;
0,186413836604751;
0,0317953459254068;
-0,0478236233842844;
0,00370028449585288;
0,0162454406916771;
0,0461370439292813;
0,186897121470718;
0,268149987184235;
0,236562182999051;
0,23249978277766;
0,189571486173174;
0,0303882061184834;
-0,0479421540940189;
0,00418445162668966;
0,0160951726037044;
0,0583517931495115;
0,228149630618676;
0,318149463605206;
0,264381764309989;
0,24357069029044;
0,257984541348164;
0,244172554020755;
0,237718836101649;
0,247132739594002;
0,258088404264035;
0,272212224509621;
0,282242316164592;
0,282329524454797;
0,278884351181758;
0,279173899671081;
0,283042405230176;
0,284142896366644;
0,280338569808117;
0,275172361794435;
0,273628480223623;
0,27677175167296;
0,278329971673009;
0,2718792543543;
0,261612012221109;
0,259022337315953;
0,265163905845989;
0,26666054521921;
0,255181991975825;
0,242907064385026;
0,246532864555142;
0,192681559254737;
0,034407104893575;
-0,0482396392848051;
0,00248596416123357;
0,0169748309055136;
0,061258679313396;
0,237345698477802;
0,330979037979672;
0,273930926369039;
0,260387280538887;
0,223564967138905;
0,0419520032066273;
-0,0578703859868532;
0,00312423053234606;
0,0202437649939832;
0,276423844148502;
0,999011767701917;
1,36603519162533;
1,05783746233668;
0,846544381335625;
0,849694574570987;
0,767660901231085;
0,844884324866315;
1,25422335524078;
1,6566444683535;
1,68910898775226;
1,35009900521378;
0,87307562658425;
0,434851187732927;
0,082005528571066;
-0,0795581721580605;
-0,026223845237964;
0,0283646630383717;
-0,000833449457169889;
-0,0100064166908853;
0,0967842503971306;
0,286380110664375;
0,293788089879246;
0,107278603734351;
0,00346187002725062;
-0,0190789506359598;
-0,0572204340510422;
-0,0731525535896939;
-0,0734928554665677;
-0,118357403011882;
-0,20327445697528;
-0,284381480213228;
-0,255971406542888;
-0,00140597063391106;
0,313480732816214;
0,445121051164656;
0,359072931144896;
0,148350581376982;
0,135769207043862;
0,576445588326113;
0,811389210610444;
0,224541260879159;
-0,231005285064433;
-0,00704195402829625;
0,0888588861920832;
0,128160417325722;
0,523907255848473;
0,624815557694591;
0,143850426204478;
-0,29484047890513;
-0,347155103712949;
-0,114301693869622;
0,129411467811365;
0,111369182972679;
-0,064623543183845;
-0,127117830044682;
-0,0277456099328481;
0,132546221659557;
0,255959638003055;
0,290833392132928;
0,260636152158226;
0,234346413763195;
0,254634453060746;
0,302567977856381;
0,335941450611445;
0,344666276724073;
0,328547264520143;
0,273785795441259;
0,196383202322981;
0,130631930014895;
0,0863143074072959;
0,0660347697216709;
0,0675963278428991;
0,0803623267679423;
0,120002914093952;
0,132545309443031;
0,0370497210724502;
-0,0366122064299085;
-0,00195497788360196;
0,0144852500464267;
0,0580651575927309;
0,234404845739475;
0,36350358907403;
0,315867868790264;
0,222062176305734;
0,130559002210272;
0,0148215729949803;
-0,0301160783040654;
0,00378256229128606;
0,00968470994376148;
0,0320037466987461;
0,12544854504854;
0,167846682151985;
0,133641781497291;
0,135119470985113;
0,122204520832869;
0,0229330188016221;
-0,0319624524746446;
0,00189739571298158;
0,0110950292180872;
0,046719449011535;
0,178438064880454;
0,250605808110345;
0,217717062550444;
0,216864851225602;
0,183226807047368;
0,0320150698881256;
-0,0469244378348113;
0,00326798239231368;
0,0161033483137703;
0,0516040395864665;
0,196888195064842;
0,257528763989282;
0,190641091755779;
0,17018514477208;
0,141290552921067;
0,021170844806396;
-0,0360613294702145;
0,00393220492758458;
0,0117485136362211;
0,0474239991014043;
0,177719591429278;
0,23128873531588;
0,175202832990687;
0,162342826082907;
0,176450243116157;
0,158807925097939;
0,153149160704652;
0,173318332513018;
0,193250966111451;
0,199242591226056;
0,191651257102976;
0,182724221482384;
0,182854157389822;
0,188853595749489;
0,193396655642426;
0,192533110237327;
0,189868108995243;
0,192628302993465;
0,199201573030329;
0,202547341769094;
0,203051142951563;
0,202641294049666;
0,197615798746111;
0,189590182766711;
0,187960445480958;
0,197665661049844;
0,207284502857558;
0,203046314899359;
0,194914689943645;
0,195083950607796;
0,196490630839793;
0,19667660719612;
0,202301676114126;
0,209309448400191;
0,208636287084589;
0,202020235393552;
0,195645585017117;
0,190000697706978;
0,182646217783362;
0,177682139026752;
0,181050688980316;
0,186145960201125;
0,184980149750621;
0,181448261194753;
0,180226303363276;
0,181483396505088;
0,183698746416823;
0,180264936772326;
0,170547204910497;
0,168855542575811;
0,182011891363762;
0,195217093975578;
0,194246586067623;
0,185767795984161;
0,183177327208883;
0,185386798112613;
0,184865929752572;
0,179064524238478;
0,161511294740715;
0,129490853853;
0,0918188074094732;
0,0539955701197564;
0,0306386557693991;
0,0551544652752457;
0,135969704174645;
0,230270902261664;
0,303722188112814;
0,358303187463757;
0,362515941066149;
0,291073949619311;
0,217976245484407;
0,201295150246829;
0,185451604757862;
0,12613393291771;
0,0641228541106988;
0,0431730740241027;
0,0586201958334116;
0,0889244259701209;
0,119647467740166;
0,140197993266596;
0,144798276009605;
0,133579957929112;
0,113671525071074;
0,105173311991992;
0,130554898983322;
0,184212450340102;
0,230529622158214;
0,246284202279253;
0,246105759500855;
0,247164724212856;
0,246823786403856;
0,249830019779854;
0,261084647687309;
0,262356007313556;
0,244866399466219;
0,215764958530682;
0,170682634604134;
0,125850378366823;
0,107963807713657;
0,0953580807850228;
0,0587746678208446;
0,0380428478135831;
0,0618377971837916;
0,0651161658670385;
0,0327142211700875;
0,0116091512591404;
0,0083105340247766;
0,0353047426407794;
0,0578517112442687;
0,0258429455815188;
-0,0309565582642818;
-0,123102909187458;
-0,305984709445005;
-0,608519001644508;
-0,674501166072171;
-0,172701133605159;
0,184195695450705;
0,00449043320002315;
-0,0705608222214844;
-0,178276231322234;
-0,578732678551777;
-0,469359181377276;
0,155697055941882;
0,440378222693929;
0,321602863671065;
0,0666243461370981;
-0,0762856994145852;
-0,00217144163529122;
0,0296789975518441;
0,258942813020335;
1,05037946616383;
1,79439424767278;
1,97660762387456;
1,9430224599263;
1,44401275660259;
0,235827202499351;
-0,354534407019667;
0,0238888397713132;
0,122471994998807;
-0,0180180564835566;
0,165474773384461;
0,376191604691769;
0,418676868897213;
0,431168878430723;
0,445641706275316;
0,425063356270201;
0,373650029423351;
0,284408971312517;
0,196417361001794;
0,19196307338252;
0,270230130865234;
0,353461261714151;
0,39042264475367;
0,387643089576277;
0,367842988046578;
0,339082152829424;
0,30223491717601;
0,261369964459926;
0,229844314127345;
0,225640478367032;
0,248228074111536;
0,270413881054097;
0,266319047262216;
0,241933005446432;
0,227696783854221;
0,23463836776875;
0,245441890668261;
0,253246733838739;
0,262893783471045;
0,270392159369589;
0,268376793889769;
0,251705416899565;
0,227539995713313;
0,214747062331407;
0,216750401415286;
0,221111505326452;
0,22510254003705;
0,233940451087045;
0,24350084726727;
0,2490839064411;
0,253970315288445;
0,255360253322059;
0,248168161212867;
0,239791445418584;
0,242297487737911;
0,253931217989537;
0,258830427154647;
0,256003763779883;
0,259336202794995;
0,266593100011156;
0,273185283551035;
0,282502878067133;
0,294634742417902;
0,315524413318934;
0,337858948907925;
0,342538598330522;
0,335152740082297;
0,324173045007191;
0,308899852597827;
0,300903235572495;
0,30337440847955;
0,302809162432636;
0,297352793108107;
0,302703026421496;
0,334329916042563;
0,391088239844363;
0,451270239828753;
0,486482310343906;
0,486565727552403;
0,470253351837915;
0,475190015696516;
0,506344782902265;
0,545719954084892;
0,615296157214305;
0,712958458391612;
0,803051273287527;
0,878745021687713;
0,942988339381583;
0,970630871746833;
0,923112275923087;
0,812026124442412;
0,737069753309466;
0,830243826628128;
1,07948560275031;
0,963180411128416;
0,195527866508472;
-0,24773306867797;
0,00630604943476545;
0,0898428140737379;
-0,0443689256780028;
-0,00406030136193439;
0,16226017386762;
0,393470519673765;
0,542109693427577;
0,484754383957528;
0,368245349864882;
0,295011017213338;
0,182959750793344;
-0,00796458864660861;
-0,18855366866079;
-0,241757006856045;
-0,170449980816487;
-0,079443170786493;
-0,0197439449594921;
-0,0183703226024017;
-0,114623086135287;
-0,120584330769575;
0,092704930565465;
0,149198421590447;
-0,0415978737846936;
-0,0669377157797415;
0,0307551881861553;
0,0128221659536797;
-0,0166052054457102;
0,151293033981963;
0,688371266374204;
1,1073059442985;
0,569388359340857;
-0,330256214251892;
-0,383933267854039;
0,0386967135605413;
0,0838479416496587;
-0,0431078204709985;
-0,012660912969944;
0,00201539556152553;
-0,0776209052836777;
-0,113619033524643;
-0,0590254791146493;
0,0363412317002042;
0,141489585238757;
0,219101642932839;
0,243226910120798;
0,238144352522378;
0,212153331783769;
0,173339469377073;
0,163242212400664;
0,181604864931986;
0,192142639748831;
0,193325662520977;
0,185627536785799;
0,146419758026069;
0,0878823971648863;
0,0484440539089467;
0,0342525463520874;
0,0316390633291081;
0,0406794368826884;
0,0792942059740144;
0,158293574483621;
0,252505546520152;
0,311192990649568;
0,308260791198592;
0,275175807934765;
0,254963388115169;
0,253449456134652;
0,258501469536024;
0,256232644855105;
0,229528322597244;
0,187092841504269;
0,161947724164569;
0,175133859646987;
0,227671029831704;
0,28791373462287;
0,304080898794476;
0,26075165720032;
0,195373647031366;
0,15825593779475;
0,165945697114821;
0,189907054222331;
0,19696976700269;
0,182855184272338;
0,164485646620123;
0,166359303989721;
0,18774544793161;
0,197692364338272;
0,141551374927416;
0,0202601233709546;
-0,0339481739188598;
0,0030818528563827;
0,0113993407686731;
0,0627311900798536;
0,233482165009573;
0,31373939990267;
0,242744365678349;
0,212128942048359;
0,224398372153267;
0,201279430839583;
0,188905563047902;
0,204591311043204;
0,216076669327406;
0,223317303668957;
0,228746648912602;
0,221614065207697;
0,207775660721171;
0,193407705735601;
0,181548143193433;
0,18745528879682;
0,208705528643554;
0,223343388087016;
0,218253049972836;
0,190549868270418;
0,165007071569717;
0,172042714320267;
0,189017845758602;
0,18477753366857;
0,173929857163848;
0,171411756210304;
0,172488902475005;
0,176785968600397;
0,186240107727891;
0,200644076616828;
0,216483241652378;
0,225979577781565;
0,225253393465548;
0,215286966824236;
0,201868584021359;
0,194696185321486;
0,19610310892611;
0,198428682496529;
0,196927993984004;
0,194146724685165;
0,185073422241064;
0,172327456398516;
0,181269275195224;
0,210111263012654;
0,22693041120356;
0,224876186367242;
0,216183724284599;
0,204012573123893;
0,190137805463537;
0,184591572907483;
0,190378779246363;
0,198281555094391;
0,202536612471343;
0,199526238452357;
0,141520759793871;
0,0200201867967101;
-0,034056815406921;
0,00324749081290354;
0,0113630591664011;
0,0504726042346037;
0,190634837733872;
0,255045471197632;
0,194007444047988;
0,167728291066853;
0,139343045964446;
0,0244433305674445;
-0,0358301727634764;
0,00252811905754969;
0,0122772780907873;
0,0279237885668653;
0,111460081155161;
0,1455533742136;
0,110206458825238;
0,121375054536886;
0,171511788961239;
0,205946941312396;
0,22828942962567;
0,22685224184012;
0,200073577280439;
0,177495306495415;
0,174900896874217;
0,190440103841214;
0,209208070883239;
0,212618615895155;
0,196386215779086;
0,164418371826469;
0,137558083657556;
0,143922667322414;
0,160685309541259;
0,150903226829586;
0,140480836831514;
0,147170310079914;
0,13947404541613;
0,121578353219901;
0,124052005979058;
0,139685071832366;
0,156452359923661;
0,189593622478637;
0,233280807937255;
0,223609173956751;
0,152133050546227;
0,13183165847594;
0,192950499469451;
0,241026988700169;
0,234804998506038;
0,219021458432561;
0,255445478936962;
0,289051929541348;
0,209231922038007;
0,090987141027839;
0,0878188694653956;
0,161845196323591;
0,170670215680318;
0,0964567279162433;
0,0145171285449658;
-0,0277486882911876;
-0,0153726400996854;
0,0545730985371424;
0,157475910555801;
0,23282954468411;
0,251369051097679;
0,243925233543058;
0,21276358890515;
0,134634963018203;
0,0626865488922751;
0,0490404768244159;
0,00831643633141699;
-0,155594259000552;
-0,431946723648682;
-0,759394457053991;
-0,902782474557828;
-0,61007727858066;
-0,0789705213971445;
0,351912800450478;
0,612015262320128;
0,668642845520065;
0,53528125207878;
0,363636243529329;
0,250230723545534;
0,207673068889346;
0,250908137657608;
0,393080275025342;
0,623932405318408;
0,872355321799774;
1,04244608162268;
1,10906304726735;
1,32494745727699;
1,83590434696649;
2,09655191241759;
1,9321168064831;
1,62228219023403;
0,946749886127895;
0,153066264383867;
-0,157356741042582;
-0,00275333333516856;
0,364047716521103;
0,664876607652001;
0,676218814079783;
0,465636068480936;
0,32200429909199;
0,364368612800382;
0,448951760755029;
0,519793939677582;
0,56304475036386;
0,493980657110159;
0,365607234336424;
0,301029367108425;
0,296967900119733;
0,303010687352816;
0,228189313071226;
0,0379472030206283;
-0,0563020089049805;
0,00364773467698371;
0,0195055152293727;
0,061768949528347;
0,243319938552934;
0,340878279358754;
0,287308379330777;
0,273792595119495;
0,224885105615537;
0,0367741971004569;
-0,0571496090576647;
0,0048177802876605;
0,019253661245582;
0,0495193391494928;
0,20635095872122;
0,302509700666785;
0,271606870857364;
0,258059741868195;
0,259183551769215;
0,238060084150363;
0,248236902871345;
0,277757314946496;
0,275615883367423;
0,257884513842302;
0,257811139663012;
0,261328714596927;
0,255952303062173;
0,259254154670877;
0,268544416051163;
0,265949314718749;
0,261712053631839;
0,267693314033287;
0,268306672311413;
0,255350008500388;
0,247367753332646;
0,256229754926804;
0,270107778992903;
0,279586127716515;
0,276245980783534;
0,255737695726891;
0,249790313550537;
0,269118166718878;
0,282402240371841;
0,286345925801784;
0,294957123088761;
0,312853495198158;
0,341871027362837;
0,379076112939104;
0,305071281402337;
0,0558516203424659;
-0,0767203025357504;
0,00355390751427942;
0,0271638786635963;
0,181635995404108;
0,673176944175454;
0,951621894105367;
0,845561903834889;
0,863109891098644;
0,75142946318857;
0,143930245417508;
-0,194546853665834;
0,00928901228160055;
0,0685924738505904;
0,282212097456944;
1,1022476154398;
1,58373266767513;
1,28527794053569;
0,914596293029734;
0,538840923925981;
0,0381446151637105;
-0,122188947865329;
0,0241082528122679;
0,0354740187763216;
0,0798400716017125;
0,355642806293762;
0,469150778397914;
0,290509685278201;
0,168064470475277;
0,126238398867751;
0,019063017979344;
-0,0332219556579299;
0,00402965203104227;
0,0106133169440367;
0,0658178084218899;
0,214760484072982;
0,210131956919478;
-0,00133077779101572;
-0,196660142894246;
-0,241170176595493;
-0,134216229541202;
0,0179934787958707;
0,193484931319299;
0,448260695307935;
0,482004636428653;
0,101873445424719;
-0,129417631571816;
0,00460067267498621;
0,0461957927103843;
0,193780515582217;
0,760777532636536;
1,08153237723612;
0,794112806589676;
0,433066290639637;
0,290924671750765;
0,213527276762101;
0,0335908751040906;
-0,0677318615256241;
0,1129554758781;
0,273345806217814;
0,214127963732025;
0,161753621499875;
0,202837558162749;
0,205534790955093;
0,123171445998117;
0,0126147402980925;
-0,0271323063874715;
0,00340692067359351;
0,00876726773986909;
0,0245890247882982;
0,0987269669077322;
0,135611566100186;
0,112973012864463;
0,105572671685253;
0,0982166966329757;
0,0537145823334983;
0,000532401744105282;
-0,0239451725114931;
-0,000528823353046723;
0,0759858695425266;
0,181340884175266;
0,266407710918645;
0,299576527797758;
0,279061094254936;
0,221002987739838;
0,163623104522951;
0,142632808757132;
0,150088749046153;
0,159138832274535;
0,165453287123036;
0,173048875874381;
0,187555221215339;
0,214041701432331;
0,234028626027454;
0,222577690775008;
0,18185056233168;
0,141023127341271;
0,131574231685668;
0,156040021667007;
0,190305727897661;
0,216141020452013;
0,230904968902579;
0,240589979419061;
0,251686538251546;
0,19361883192642;
0,0326695593574843;
-0,0480318941855294;
0,00304615361347807;
0,0166616616717665;
0,0500890725603786;
0,192208031206117;
0,25138204466217;
0,178356113680266;
0,136146397264289;
0,0989585201247939;
0,0107572275739638;
-0,0242351895533257;
0,00388118305568946;
0,00737611074746581;
0,0199481581537971;
0,0991432903039495;
0,188230318711002;
0,237632546738983;
0,250004401323515;
0,173071114517366;
0,0192813835997959;
-0,0407001514959612;
0,00561771346212452;
0,0128385363012037;
0,0521941692201009;
0,200379745182703;
0,267507158327194;
0,211335114083585;
0,202242760140218;
0,228831792190147;
0,215290362408144;
0,19687944068826;
0,198392523422302;
0,209340030270306;
0,218739662072075;
0,215793178686886;
0,209416107143821;
0,216868692177019;
0,229018144358957;
0,17176879317349;
0,026415739192668;
-0,0420526501951717;
0,00346256882392173;
0,014251395053861;
0,0481768401610126;
0,186558432420921;
0,252668734829237;
0,198341389467795;
0,180226765317445;
0,208480362546975;
0,218849542831312;
0,211250200205716;
0,194885138572276;
0,17987155053779;
0,179685228991025;
0,191578539810843;
0,198385998012477;
0,198106614243113;
0,202975424275141;
0,216851101967002;
0,228287092532983;
0,224983592460873;
0,211720160480322;
0,20334685200582;
0,202701368520058;
0,204686583770444;
0,21145067040637;
0,220952480696542;
0,225220469390967;
0,1666197774585;
0,0263534009940766;
-0,0407758187696672;
0,00304169878198589;
0,0139592968074143;
0,0481845033970527;
0,183580314846036;
0,243596578342365;
0,187443274916437;
0,174438380096705;
0,149263995128769;
0,0255549205154025;
-0,038446690065912;
0,00301110261354278;
0,0130395140781104;
0,0506357979354779;
0,197765924772571;
0,273331386530813;
0,210402168763458;
0,167180328404407;
0,126336115856588;
0,0184792932143741;
-0,0317787517037558;
0,00343728257256615;
0,0103793939557782;
0,0466922355802722;
0,178308256550604;
0,250842274836211;
0,231342358644059;
0,250368869650709;
0,269762263104035;
0,216404244595069;
0,14764466683232;
0,121090592337166;
0,131745781888773;
0,150357395579559;
0,161642172408928;
0,16333175346624;
0,154463282476402;
0,13846038015247;
0,133184373663983;
0,155757492545384;
0,18725244073341;
0,208977964174501;
0,228377385747401;
0,237856257141519;
0,2283421826893;
0,219272350101648;
0,230151132158414;
0,247050247220363;
0,186047932139534;
0,0285276347797278;
-0,0454640943651898;
0,00373714637689272;
0,0154129068460144;
0,0160787530013223;
0,0819374450038907;
0,126768500159424;
0,128225721364844;
0,155340127241516;
0,142273789101863;
0,027665654337884;
-0,0370058124686918;
0,00168261876541151;
0,0130797968013724;
0,0520483280776205;
0,185372783452963;
0,199049731916496;
0,0287590609748035;
-0,0736561459188514;
0,016013527833083;
0,159972478809044;
0,197193523130281;
0,144705432569103;
0,0549790001448607;
-0,161031000665825;
-0,520756764481099;
-0,819252354159374;
-0,786964972711016;
-0,389573170217289;
-0,00301282734935604;
0,055788807536146;
-0,0217027996521841;
-0,0108336471657924;
0,0122668242976836;
0,0494709617753769;
0,141820552026382;
0,160417553606393;
0,189332550434813;
0,37413536065936;
0,38539135519247;
0,0656193284901982;
-0,100998415936998;
0,00892652745402402;
0,0337528835336798;
0,291124925118953;
0,936406344936361;
0,979248507503624;
0,448757599002264;
0,413062839410679;
0,517734953819459;
0,122730075013954;
-0,145529183092235;
0,00309233876194295;
0,0526879373271319;
0,0042937067408386;
0,11519024791167;
0,273124387202957;
0,377064596692476;
0,458666664804487;
0,516898887610106;
0,523334585054449;
0,469764672963987;
0,386320694381212;
0,319304944600375;
0,283216362387437;
0,269111895946145;
0,265449867856183;
0,256868004948642;
0,24115588382657;
0,17114407443077;
0,0261165832059647;
-0,0416254895667738;
0,00337734445813795;
0,0141372608460554;
0,0623208037147797;
0,242771850360197;
0,353432848252567;
0,328999156438412;
0,343051215901656;
0,388364951656095;
0,380222080211615;
0,352269688964429;
0,337674834930184;
0,326044347309503;
0,310018611690282;
0,290670052384229;
0,269171474602487;
0,254812588142681;
0,257890476216971;
0,276192170448794;
0,295042201304949;
0,301311641200731;
0,296599358032653;
0,291129035993239;
0,290432878579836;
0,294003220130866;
0,300854990578481;
0,308981836055373;
0,317179011417712;
0,241094107745935;
0,0408756251761027;
-0,0596384864074435;
0,00361200988555443;
0,0207685579508742;
0,0641751875752836;
0,252251739381419;
0,352795473787215;
0,299609474787229;
0,291850976613106;
0,319939401343234;
0,302684768233048;
0,283294811330882;
0,283498990697608;
0,294553846702069;
0,317733777568498;
0,340278139600045;
0,35473575800794;
0,375595185697122;
0,410507296661887;
0,326531981107035;
0,0569576407915747;
-0,0818604872785045;
0,00484634726521244;
0,0285236275210643;
0,10778677138043;
0,425477615733354;
0,621159607377434;
0,570371203068434;
0,580151549267831;
0,753642932560996;
0,991606744416298;
1,02480162759795;
0,783318589707053;
0,634658902243491;
0,782366906600124;
1,08285742521942;
1,34109035840774;
1,40600504787045;
1,1906668053854;
0,792495438257123;
0,393873795812748;
0,0823061301791581;
-0,0430612662541807;
0,0970716987874096;
0,370275861425437;
0,54004324876987;
0,513607671357038;
0,371769661919201;
0,222055199125948;
0,0951153953541095;
0,0012759643862198;
-0,0187316260739193;
0,00491973450642253;
0,00498905388167365;
0,00052171860735109;
-0,026769015573105;
-0,145923860591994;
-0,257633981762531;
-0,233781959576114;
-0,120649193685552;
-0,00915462547953537;
0,0251125243820468;
-0,00384244810116661;
-0,00785874067017414;
0,0476632016593466;
0,271642947091678;
0,735563425374508;
1,0514490277562;
0,741973017335343;
0,137566387545523;
-0,0870125452713013;
0,00468993024966431;
0,0262489394173491;
-0,0122315375645496;
0,0360104664257921;
0,125548014799273;
0,122217826171829;
0,0722894884637171;
0,0800677499331847;
0,0914770842390097;
0,0925127946130726;
0,135276960053036;
0,192639489739455;
0,222896512021297;
0,23270981744689;
0,239687975626439;
0,246878710380047;
0,230215384764062;
0,161717992558503;
0,0658862828856236;
-0,00142056411667001;
-0,011642687049076;
0,00361059067942833;
0,00290652918462001;
0,0369404548673734;
0,150542005932374;
0,237814478047715;
0,223021972644711;
0,169960716273671;
0,0959883087791696;
0,00558968737482604;
-0,0213386029262356;
0,00455597209105546;
0,00605577067851561;
0,0330115724995056;
0,12453484786155;
0,17939685343456;
0,204094834179797;
0,280974824128862;
0,25504932729126;
0,0434418556679308;
-0,0654225133256137;
0,00508274153884871;
0,0222147479979423;
0,0290328021470468;
0,136686903310231;
0,201706443577957;
0,185954577493761;
0,20294527998259;
0,216036400909605;
0,182535575189824;
0,188762198249032;
0,23683936523804;
0,25173730090184;
0,23917802891126;
0,232246850749412;
0,227267505732321;
0,218827980560815;
0,216012841703062;
0,22767199787002;
0,244981675677187;
0,252607935820569;
0,247602932201151;
0,226181690345535;
0,19254158444403;
0,171661156378424;
0,169518372446497;
0,174227105217867;
0,190508532803076;
0,157839723607591;
0,0304400528282513;
-0,0402529018636149;
0,00151044590460356;
0,0143925712386836;
0,0559210640307433;
0,210255188232929;
0,282273610940937;
0,220107814237956;
0,203425755651784;
0,230579922373689;
0,224030153122256;
0,210585200201638;
0,206705676629165;
0,202063293136699;
0,215886511744127;
0,24455132807345;
0,231954320224015;
0,197393689963924;
0,197270045699683;
0,207594103810296;
0,206188520687618;
0,200425533592431;
0,192833894495244;
0,190254437092656;
0,19643032055362;
0,205953565837923;
0,211670819429906;
0,216770751283745;
0,223863436118648;
0,228226209828021;
0,231226369687948;
0,232414264070402;
0,227081250132974;
0,222621305981097;
0,22740965024709;
0,233711122621487;
0,233166300686598;
0,230161309940915;
0,23233548477867;
0,239435214191688;
0,243888144462371;
0,24107044802868;
0,232939043258608;
0,223438085072157;
0,218115282200202;
0,220634940478799;
0,224845829301503;
0,221369768967026;
0,211547722640882;
0,151879118159144;
0,0238110630723159;
-0,0369471231692065;
0,00273380411566483;
0,012665258467761;
0,0464308659552344;
0,178067751859335;
0,245944622382971;
0,2095718110902;
0,205253345877245;
0,226840537548705;
0,226716632863571;
0,218757187670209;
0,202665367931561;
0,18807985826344;
0,186971245013221;
0,190591931335704;
0,193413041780433;
0,195855356706046;
0,19582741222275;
0,200597821742747;
0,215830412686012;
0,221398362509521;
0,202364292850663;
0,17766938573479;
0,170863850711148;
0,195218215411642;
0,242610559463758;
0,266270966765119;
0,23172310135265;
0,134454493313842;
0,0124193112198172;
-0,0296932002651633;
0,0043323974705974;
0,00932419901558637;
0,065420155403155;
0,240591213538577;
0,304039465169839;
0,184977243477084;
0,116924623732888;
0,102493576035823;
0,0207637685292138;
-0,0279583046748784;
0,00161067272662763;
0,00969376245781976;
0,0255326486164375;
0,0981435111154742;
0,130542882500623;
0,112720340207568;
0,127428254205636;
0,153359828609418;
0,176204802357081;
0,225221127120267;
0,277018450545293;
0,294266140734479;
0,272718682004009;
0,253498064725361;
0,275423301360642;
0,314332826440812;
0,322863320516707;
0,225085495479862;
0,0292272505820325;
-0,0535546525684703;
0,00591454862022385;
0,0175291282628965;
0,0339959632706132;
0,135328074072509;
0,15476185742956;
0,0583833958984032;
-0,0237517680954575;
-0,0540167698480579;
-0,0226650701424974;
0,0162693109893604;
0,00320952229667208;
-0,00743887018740713;
0,00130302247396742;
0,00981023526435804;
0,0331745100978571;
0,0521292203391949;
0,0373618777601164;
0,00808295542161676;
-0,00454166172211213;
-0,000429051283721835;
0,00170823182917666;
-0,000549409358831566;
-0,077531517432024;
-0,16649486662263;
0,0579762275463625;
0,469742639665261;
0,609327699072729;
0,403784193930794;
0,051148656690347;
-0,0930542687574421;
0,00940891972576555;
0,030938347604869;
0,436539918243814;
1,30971932149871;
1,16767494689313;
0,23943851677818;
0,17670975410016;
0,557157345543504;
0,616780484997956;
0,68815272792604;
0,791511806114302;
0,653225928115469;
0,350811967588449;
0,170640940648619;
0,225318639577699;
0,389237353987608;
0,5165573799095;
0,427016747401883;
0,07675774628754;
-0,107191456954394;
0,0054599667819615;
0,037739005187553;
0,127046802862102;
0,471203752408583;
0,570581965952822;
0,302403960445519;
0,155536039938294;
0,134927588515622;
0,0244954473269352;
-0,0369338785775594;
0,00339181865894596;
0,0122413104680117;
0,050584222041785;
0,218261485865095;
0,360469561589446;
0,377319287188552;
0,379526559853271;
0,388323782970598;
0,361795736968496;
0,335419173150475;
0,33229683836539;
0,340915821125863;
0,350550548923155;
0,353901992062962;
0,352060058229799;
0,349661882429627;
0,351069904488228;
0,26631664259433;
0,046456992759787;
-0,065935237213702;
0,00347264205547593;
0,0231906790783486;
0,0826665664482191;
0,312368951370646;
0,413137106970052;
0,317288779541095;
0,301187016258195;
0,259725751717683;
0,0423101173441667;
-0,0670955057981018;
0,0062625433872635;
0,0223030788573064;
0,079809384742817;
0,31274581755019;
0,433823403332785;
0,353977610004986;
0,320517467460063;
0,344379027012965;
0,335695985728394;
0,333562375733251;
0,343981473123474;
0,338979555471366;
0,33248021690043;
0,340514995988827;
0,349469165139123;
0,364234899468092;
0,398009033104473;
0,315751636061269;
0,0535671024452218;
-0,0788866713782074;
0,00516672901132974;
0,0272752511009841;
0,144083791574743;
0,557723443053981;
0,837282317183617;
0,833426374822072;
0,905600644297125;
1,02672817509399;
1,04398972289113;
1,07325854275544;
1,1260333893292;
1,06470517805791;
0,952708077385535;
0,988614983312405;
1,10830835324031;
1,13332469325526;
1,0488302306413;
0,695712789633163;
0,0839253693200124;
-0,163361371339656;
0,0197334624411327;
0,052787990107194;
0,330775497590201;
1,07715671324954;
1,00932630738051;
0,0847721305173436;
-0,285209251774644;
-0,0561388681957224;
0,0666228974641802;
-0,107990029426215;
-0,379790956784801;
-0,473580262046403;
-0,499516629473272;
-0,593977985877244;
-0,415061322373108;
0,358388034489635;
1,1530661108121;
0,939632655248457;
0,0121920962433188;
-0,223679201009066;
0,179433723618175;
0,190380234154159;
0,161247072553761;
0,537784379971032;
0,69446844184469;
0,446469255913145;
0,173736168710987;
0,0192509825036002;
-0,0199708375864331;
-0,00913262428881687;
-0,00401085979974329;
0,00669566465578891;
0,0190088969199949;
0,0536392693971019;
0,108737372753429;
0,110699654125189;
0,0631608017665388;
0,0375272281953321;
0,0161411707622268;
-0,00949194633432977;
-0,00344167993532806;
0,00508155385510445;
0,0411572056601756;
0,164397973118655;
0,268467236751697;
0,256467590680389;
0,235189296453576;
0,202264855155077;
0,0482954859929142;
-0,0534188919936046;
-0,000921813637673514;
0,0203446025898017;
0,00549905899249652;
0,0354817455076762;
0,0465100831998973;
0,0505853872619025;
0,110075968018726;
0,126492911716097;
0,0277460057228932;
-0,0342144109132205;
0,000925837279280208;
0,0123347411588765;
0,0828741235742443;
0,300474619804454;
0,394699407652513;
0,27893034470323;
0,206904771121524;
0,157679596730522;
0,0219405470377313;
-0,0400440999373002;
0,00498391313444746;
0,0127779739313227;
0,0574461964045392;
0,218045960832616;
0,292058646412147;
0,229215242467915;
0,213047668204321;
0,244061454251116;
0,245972085064892;
0,244035793029129;
0,249595517120789;
0,247816701408168;
0,242891011304036;
0,236292345246196;
0,219619528704613;
0,199765461670962;
0,191250239701387;
0,193246930044858;
0,192020883374867;
0,185983498030028;
0,188320789093141;
0,196910320210268;
0,197390512391406;
0,190598870211154;
0,189991241806534;
0,204564251882595;
0,226883294864467;
0,177794805181215;
0,0291564406262993;
-0,0441587569691803;
0,00318305881131647;
0,0151467742038974;
0,0507190979610181;
0,192365838006123;
0,250326431484695;
0,183708967819952;
0,169983403168506;
0,152090916838672;
0,0281920988609834;
-0,0397971556213316;
0,00251917050818917;
0,0137446202527588;
0,0496184624887195;
0,188016027110195;
0,249742413707186;
0,194442041616941;
0,191564622099699;
0,172993978651439;
0,0323874196277814;
-0,0453193063282934;
0,00276046310152451;
0,0156983230732909;
0,0531690020711625;
0,205687147261253;
0,285197993697128;
0,241561485737124;
0,237297791983963;
0,198050567910845;
0,0326914570831174;
-0,0504366524360704;
0,0041755468622002;
0,0170227932240304;
0,0485830674846033;
0,196656345742221;
0,277138147373162;
0,228264573381856;
0,20622795082382;
0,228022150904334;
0,239907503595747;
0,245527701228242;
0,243241199678828;
0,240815760640452;
0,245357174114126;
0,242256567017523;
0,229800716088524;
0,224258947334429;
0,229734199204728;
0,23707666672753;
0,239810632165872;
0,234137297318916;
0,221967658515471;
0,212649077196935;
0,210982483225092;
0,215917146890773;
0,226088601717352;
0,241234231880116;
0,250849716398508;
0,241098333410465;
0,227266578556199;
0,230229123225009;
0,241409818763325;
0,24569716893681;
0,240425302223587;
0,232719524210693;
0,231011223593052;
0,233270515279872;
0,231317356965233;
0,222884875582494;
0,217142808257446;
0,223073379782425;
0,228928983097914;
0,219622870209642;
0,208203267987925;
0,214031250019284;
0,229117270354519;
0,236564574101211;
0,235438078265451;
0,230122008125101;
0,220983712562128;
0,210326950729004;
0,200591379119839;
0,193265330519702;
0,199581719391342;
0,217544603295214;
0,217672911683021;
0,199520898368722;
0,190978436547409;
0,203229243797369;
0,227644763167298;
0,235115421807341;
0,222528094142168;
0,219450670983196;
0,225723644632544;
0,228484379141124;
0,231804084382822;
0,235615012284447;
0,235340822320366;
0,235084765508835;
0,237909278092279;
0,237954747430198;
0,23534025053201;
0,23696919934892;
0,239528353662026;
0,235504011129426;
0,229034759125981;
0,228426223520864;
0,230760456535777;
0,228434417125005;
0,222679716884154;
0,219763269686469;
0,222781822549957;
0,228536721245565;
0,172012275948875;
0,0279330315189405;
-0,0423297893200768;
0,00296886309814105;
0,0145678563347612;
0,0503820347472992;
0,193757524984027;
0,264218795340731;
0,216457783946859;
0,209466440736503;
0,23520016817052;
0,229041154486269;
0,221351759012465;
0,223567951235926;
0,221613367567915;
0,216970825234473;
0,214422786390804;
0,217115025987577;
0,227121296576766;
0,235846353515389;
0,23332193418316;
0,226144908447485;
0,224886750252652;
0,225536262463447;
0,223884987139385;
0,225858191433958;
0,230334409279882;
0,229175273177216;
0,227563012322495;
0,232462748782058;
0,235350701131577;
0,232758429734019;
0,228950280246855;
0,223674090962705;
0,223375444295843;
0,232652230882866;
0,239246095277492;
0,23132429500609;
0,217225879927306;
0,213828892619103;
0,223248608350979;
0,233931360863703;
0,235038330604528;
0,227105076003088;
0,220627129244971;
0,16379577955457;
0,0273478108329985;
-0,0403391924768974;
0,00252921447830649;
0,0140149776745459;
0,0529228983597339;
0,202114414677328;
0,275980133487746;
0,223250290167519;
0,21004058339329;
0,235606958353773;
0,230863286415834;
0,220707622279894;
0,218067558824561;
0,216944348311438;
0,220532500330069;
0,22483871750888;
0,226124685729034;
0,225998531968094;
0,222228654491696;
0,209770564332386;
0,197546040790732;
0,199562913116809;
0,20805108413728;
0,212930867885446;
0,214308039310402;
0,209581348742007;
0,204005547525062;
0,205376724883867;
0,208583085994972;
0,210952671425646;
0,217642479867535;
0,225255741091443;
0,22613869778848;
0,222339172576855;
0,22043830112835;
0,218211539950936;
0,210868544579387;
0,203263372004679;
0,199271718467244;
0,147301426228347;
0,0244336581373836;
-0,0360645538850455;
0,00221945822908917;
0,0125548530820128;
-0,00615297399902516;
-0,00186867785268321;
0,00296711779501079;
-0,00057816108436807;
-0,000812552451109099;
0,0532822803553002;
0,183433958126703;
0,255346667450676;
0,226569956173631;
0,215620808281124;
0,16971973759693;
0,026054307932998;
-0,0424836355122206;
0,00397915420521779;
0,0141553326432622;
0,0502811003626788;
0,196081255606026;
0,270752559103387;
0,224837093917065;
0,215322946762986;
0,179148401158278;
0,0296634977613906;
-0,0457044803031432;
0,00378523911445626;
0,0154225914973586;
0,0518042357590546;
0,204212711995059;
0,284288056801283;
0,233800047791591;
0,218487550655524;
0,182783903794868;
0,0319353793607621;
-0,0469084307701878;
0,00331728912742406;
0,0160726212520381;
0,050110348965787;
0,199548273582538;
0,28133883525472;
0,235950038512587;
0,219850722697448;
0,236846650219581;
0,230924544701978;
0,232126500384413;
0,240610550012417;
0,236151214722046;
0,170095628849812;
0,0268782535566018;
-0,0414195935643724;
0,00299625484120673;
0,0142275170134825;
0,0501863887966757;
0,193965424306412;
0,266129276096093;
0,218289123702852;
0,209081526448088;
0,175752938396821;
0,0294811924751484;
-0,0450074929155423;
0,0036509589277797;
0,0152163864934102;
0,0461071980024385;
0,18365036684389;
0,256138254505909;
0,21152838465903;
0,198553541411191;
0,165234758627118;
0,0283933298568254;
-0,0422671394713488;
0,00312010668461958;
0,0144282139883483;
0,0469767853612063;
0,182052365544304;
0,246984469436231;
0,197427962792317;
0,186619940144261;
0,158153209776099;
0,0270804845806251;
-0,0406104973987336;
0,00311623851003583;
0,0138056062459231;
0,0476052182923061;
0,184257594515161;
0,253134012993948;
0,208719494306942;
0,199479104095257;
0,221393898393085;
0,214592834925119;
0,206392660748438;
0,211396713193783;
0,217665761538464;
0,221257985183126;
0,220806085500446;
0,216062584319389;
0,213959238973849;
0,220320154333948;
0,231037655931256;
0,236901570275993;
0,234487224141411;
0,226860957365826;
0,218434030951499
