0,662417399200844;
0,110255593332361;
-0,16903174131435;
0,0137753207729243;
0,0571366406991189;
-0,0292758164409904;
-0,00797581989729133;
0,0137354917041079;
-0,00291643734272367;
-0,00366095006692298;
0,00257009401259783;
0,000224766270290748;
-0,00100767519654735;
0,000342178267064901;
0,000214851464857578;
0,219719489970205;
0,752705146131535;
1,01160188745649;
0,843041589656663;
0,798690219911765;
0,660270326211516;
0,110833002856692;
-0,168350510754734;
0,01325941730387;
0,0571146003005836;
0,19175678316951;
0,749043519487353;
1,03351870983259;
0,848296486183945;
0,800747695859659;
0,666656361668703;
0,111910626533298;
-0,170339250726823;
0,01359335475053;
0,0576999956020885;
-0,0294506476426759;
-0,00810227186036994;
0,0138505111140147;
-0,00291965289344579;
-0,0037004887221129;
0,220370559652599;
0,746841197937411;
1,00641762626672;
0,847137923479251;
0,805867678696623;
0,663347397217729;
0,110377779169643;
-0,16884879524231;
0,0135658241642962;
0,0571735276226559;
0,191464767901246;
0,746159156308195;
1,02492247003697;
0,837932092122106;
0,794884290081262;
0,665409244559298;
0,112315615509328;
-0,170203037624284;
0,0134141171696243;
0,0577232061146826;
0,192244262456998;
0,749516004019999;
1,0304343539003;
0,843154228073285;
0,799094165171612;
0,889461136367966;
0,868698773470963;
0,842617881251462;
0,856936251344606;
0,859162648309061;
0,855423444777472;
0,861560411798444;
0,865883390590933;
0,864789214005672;
0,863126495422445;
0,859741145258307;
0,85678156564878;
0,856420426256857;
0,855480363956935;
0,856138088372279;
0,858496102076935;
0,858729502319181;
0,861201242614656;
0,865737397251662;
0,864337054686661;
0,638865144460254;
0,103019489580304;
-0,156516008167572;
0,0109287541035813;
0,0539081928352701;
0,194253753870228;
0,748019465203977;
1,02657257841185;
0,841698888130843;
0,800392835255582;
0,670238888716079;
0,113249119570834;
-0,171442548169812;
0,0134639773451197;
0,0581646805967137;
0,191677504801631;
0,751426138251221;
1,0403817656936;
0,857965068773578;
0,808524738974333;
0,669071670981677;
0,111145348502427;
-0,170601368060608;
0,0139314686203194;
0,0576584633093606;
0,191050877469289;
0,747019739844652;
1,0294028390556;
0,846155608138374;
0,803660956628547;
0,670061119606981;
0,11203601006421;
-0,17114924358153;
0,0138163518387641;
0,0579058583952006;
0,193135816297298;
0,752508391303869;
1,0316294654836;
0,840336588171381;
0,795657293906844;
0,665421665590175;
0,111439320679015;
-0,170153677168666;
0,0137545348548658;
0,057555216607802;
0,190532645763307;
0,745914026484869;
1,03101820293775;
0,851803073850838;
0,808657570730073;
0,890923237349319;
0,864322088643737;
0,843456026213475;
0,865366858103112;
0,867690690055955;
0,638131629565168;
0,103350797549641;
-0,156131906364138;
0,0106085884279127;
0,0539123445487497;
0,193455256177824;
0,747242154740983;
1,03256404809077;
0,856160626279289;
0,812628854178386;
0,672435729478426;
0,111196394816312;
-0,171308556240627;
0,0141287684256462;
0,0578399829151028;
0,192094474778533;
0,751049753222753;
1,03498432330817;
0,849564719041796;
0,802013055323281;
0,665433961624628;
0,110599812519423;
-0,169718449901224;
0,0138567054748232;
0,0573599283502719;
0,191800923991867;
0,749084795459929;
1,03053003957709;
0,843729228124743;
0,800361349040727;
0,668958359520362;
0,112083914184059;
-0,17107485475455;
0,0138152886012968;
0,0578723990256024;
0,190563966176066;
0,746307591054226;
1,02966225911157;
0,847102034024593;
0,806730433411672;
0,899348089122229;
0,880671289248177;
0,857137832160484;
0,87004568131529;
0,867597708241991;
0,860814128272894;
0,864565291763036;
0,867374860140331;
0,866904972407234;
0,866705191339738;
0,643667703333816;
0,104200713326455;
-0,157976875172178;
0,0110034300695902;
0,0544147619912745;
0,193761185245936;
0,747662530629972;
1,02849462965281;
0,846538424268147;
0,805166823156809;
0,672233489062799;
0,113151826838129;
-0,171759421747312;
0,0135756359424538;
0,058239357212433;
0,192498979047364;
0,751196430850293;
1,03331091545087;
0,847717481613934;
0,805721408782264;
0,672556227684633;
0,112508420698022;
-0,171806272057005;
0,0138558909242344;
0,058133565521156;
0,193322632215733;
0,753305890922239;
1,03361788128099;
0,846180779376371;
0,806877709564213;
0,675373651748878;
0,11280173038617;
-0,172633140042811;
0,0140508652177479;
0,0583532681401544;
0,190212027575931;
0,746921912096245;
1,03410206565397;
0,854790729737986;
0,809276301681276;
0,670063680220706;
0,110967593990367;
-0,170786993518787;
0,0140577463295172;
0,0576738722002016;
0,191987096563708;
0,751938503372046;
1,03883831768627;
0,853792611752412;
0,804467436079449;
0,889945556777869;
0,872234119091393;
0,8543089910117;
0,870278151903479;
0,866011083598587;
0,858999912659375;
0,86573549448757;
0,867177554239438;
0,861421212016646;
0,858440587391213;
0,637715561006718;
0,103606154701871;
-0,156555305784285;
0,0107687089018322;
0,0539841250122038;
0,195675281336689;
0,752836856671483;
1,03374148509684;
0,850032430329186;
0,810744382735046;
0,678143332561973;
0,113840078063351;
-0,173348224554601;
0,0138697539986008;
0,0587009701563917;
0,192574260067987;
0,753764360435451;
1,03885883815184;
0,852883499788802;
0,808644293354315;
0,673254631697911;
0,111851796550873;
-0,171917732806094;
0,0141578679307558;
0,0580432309807334;
0,193332088727166;
0,755266022649251;
1,03839938439841;
0,847940756041931;
0,801335405171915;
0,6698775060826;
0,112991025098309;
-0,171351016772334;
0,0135403474626335;
0,0580965199175527;
0,191099274607006;
0,747487672713603;
1,03203575071383;
0,85204115295702;
0,811107271174256;
0,6750186055777;
0,112507960607715;
-0,172253977089224;
0,0139758934015453;
0,0582531573142108;
0,192350031756027;
0,75239879462672;
1,03523497155925;
0,846939194516742;
0,803801706499226;
0,672817977369238;
0,112959947347048;
-0,172163328404931;
0,0138568144413033;
0,0582582144703433;
0,19181202484372;
0,75083216130186;
1,03597390138511;
0,852190401475458;
0,808340660258822;
0,895117315940903;
0,871798129925556;
0,849950156673509;
0,868954822302692;
0,87031591370745;
0,864626058771327;
0,869857504733487;
0,872673608739705;
0,866386205192655;
0,859641904674174;
0,639683609551853;
0,10605900197637;
-0,157285099258329;
0,0100446003626191;
0,0545718387178749;
0,198912894787303;
0,764278184672584;
1,05336897742577;
0,87302343065137;
0,829760928878628;
0,685405814942756;
0,112438628056123;
-0,174383571908312;
0,0146496542227401;
0,0587663740088919;
0,197675911730607;
0,773423237689949;
1,07065890091248;
0,888171792256443;
0,840384974741916;
0,691323954166734;
0,112846458073753;
-0,175721753793549;
0,0149169147334734;
0,0591535684964491;
0,198418623496454;
0,775340854062116;
1,06128214146229;
0,851146826288014;
0,785174616856006;
0,651428429155149;
0,108165777243837;
-0,166554559130476;
0,013845496834811;
0,0561689397404842;
0,203636963903275;
0,771797411362448;
1,02486675323014;
0,809090159626992;
0,785869773745524;
0,904985984514018;
0,899567761242242;
0,895959494130288;
0,926411483872307;
0,920665021890692;
0,665441549060974;
0,102985132194499;
-0,161750314914392;
0,0124685214425623;
0,0552290737489879;
0,196523685244859;
0,754392157164047;
1,02343034900222;
0,827524656051982;
0,796055391458816;
0,903580604186897;
0,887408207380866;
0,870066969386704;
0,905794017510652;
0,920602852146592;
0,908342712183073;
0,897455489737293;
0,896645794315666;
0,913372438444287;
0,943765217707435;
0,964170241673608;
0,970871571564177;
0,990290847733635;
1,03828618314965;
1,11250414463768;
1,20863603518414;
1,31796262670471;
1,41461440110067;
1,45125348700587;
1,37770987469332;
0,930457097367577;
0,119624636441628;
-0,219748616574347;
0,024009521145543;
0,0720933154041018;
0,25274157075841;
1,00536528914374;
1,44447289056342;
1,29557928349402;
1,21394306528415;
1,10038638063412;
0,77588297072126;
0,553907361104399;
0,477649136675592;
0,461241064976836;
0,384998966525061;
0,0895091643008785;
-0,100505410657224;
-0,00141238811506384;
0,038168049604379;
-0,0157782410973282;
-0,0069114352775937;
0,00849586255774729;
-0,00110073090308949;
-0,00255896360381373;
0,135476041211416;
0,437695447566416;
0,526178771609735;
0,358034089476578;
0,349857074112722;
0,621332588545334;
0,915050971821286;
0,834800531989652;
0,559141083607308;
0,657247545846469;
0,737101027047891;
0,201635481159899;
-0,203057241675235;
-0,0093311165972957;
0,079681692954887;
0,154882320885557;
0,606946512223989;
0,842778227402135;
0,720315997330126;
0,758746602018531;
0,88009842476098;
0,881696862898921;
0,902351565275542;
0,964387539052289;
0,983332549283917;
0,954633579756813;
0,9037811543874;
0,853958659014788;
0,835561648552844;
0,847445958212337;
0,874844881239936;
0,896309830017593;
0,871474287973797;
0,833094108785758;
0,841903071632863;
0,865083623997442;
0,860764343728273;
0,840988188050947;
0,825854570430318;
0,820468184900491;
0,81965789989225;
0,821665700136876;
0,826107033337693;
0,829877088399431;
0,83394724468062;
0,624755139400498;
0,1042041270996;
-0,153818561180247;
0,00966636791770025;
0,053432453277355;
0,192588127716465;
0,741584475532249;
1,01767159816758;
0,828082986758918;
0,780896581250382;
0,875239078539951;
0,864152687240063;
0,843028897469533;
0,854367740274513;
0,858752016095971;
0,863557777974404;
0,869853285296651;
0,864980402533743;
0,85153815531158;
0,838009587015963;
0,616307263722375;
0,0986676718230113;
-0,150879220922759;
0,0107804587911026;
0,0518612663566428;
0,187183041447143;
0,724620779388597;
1,00290708061992;
0,832852849235838;
0,793056626500554;
0,876400916323559;
0,851859046832496;
0,825648155277389;
0,836668044792654;
0,831312258802819;
0,609951684459942;
0,0991456067829605;
-0,149242101716611;
0,00999166201393198;
0,0515991697264797;
-0,0255975675499629;
-0,00755041114680318;
0,0122502351025402;
-0,00244559419161184;
-0,00333022715308222;
0,22421821137087;
0,756402197239333;
1,00678194960904;
0,829850948983552;
0,783321330503104;
0,865003612415608;
0,849791810340899;
0,833341492850977;
0,849030037228277;
0,846451652477938;
0,83318505574715;
0,824142871916216;
0,819029824990443;
0,825507061726706;
0,843910057256639;
0,86452650478771;
0,878417847015053;
0,876740809470404;
0,856842383221074;
0,831920153037142;
0,823869938631285;
0,836730411936044;
0,853346386130846;
0,866351631349416;
0,881000741727671;
0,900356218306212;
0,935447988424643;
0,981003101606856;
1,00336041790291;
1,00138017272901;
1,00070580126725;
1,00755578055195;
1,0243206640937;
1,0458362644425;
1,02641450186144;
0,71423036545043;
0,0939202026844009;
-0,170363342403644;
0,0185171042808383;
0,0558807805424726;
0,161997101898366;
0,6446963316216;
0,91611187382251;
0,885121331883055;
0,981914497844636;
0,999574004682904;
0,837690936196359;
0,801208656822367;
0,856716934258645;
0,831848723920646;
0,794030964538992;
0,826831747591194;
0,855874559815325;
0,841313329979149;
0,818294280960515;
0,587664373489596;
0,0854696033313841;
-0,142144292620786;
0,0129175941166567;
0,0476863603938421;
0,152618786693582;
0,593680662110528;
0,784930821268904;
0,570674099413367;
0,475054709979999;
0,388166530885886;
0,0613122431781293;
-0,0994052876711643;
0,00966734733768362;
0,0328957684062235;
0,3279589619097;
1,16893760235308;
1,58488972251001;
1,40201611487161;
1,49822920548741;
1,27202326003531;
0,196680601091344;
-0,324004178049919;
0,0324596172148309;
0,106851185233665;
0,320164239333448;
1,23592678412845;
1,58409372605136;
1,09595439401576;
0,8975582707721;
0,73054847946391;
0,105042731063936;
-0,185899460223053;
0,0218751779414788;
0,0598691300128382;
0,202104365152555;
0,805231071057964;
1,12082454543567;
0,933097753838166;
0,890968858680298;
0,746232069633306;
0,127727114086004;
-0,191156111447776;
0,0144586083021326;
0,0650903938941185;
0,188589538175157;
0,739505414684313;
1,00321699016668;
0,806432661063614;
0,769954382104985;
0,857252845249724;
0,829859533010545;
0,821301071402162;
0,872146975876534;
0,900779185335329;
0,900404972325923;
0,906757555301734;
0,908379496746194;
0,877248403935106;
0,840452437866676;
0,839448876118419;
0,861581840995911;
0,877096438471139;
0,888609428416446;
0,904329042958071;
0,904422879697891;
0,8605683409053;
0,803054651981579;
0,799531800609788;
0,840163542990295;
0,869527748074415;
0,878840076490045;
0,872434512246366;
0,853113445381414;
0,84351772197914;
0,856641553344431;
0,877252623325143;
0,875774608344563;
0,852580430894338;
0,842505959492035;
0,631043029774447;
0,104232753977987;
-0,155698878133447;
0,0103856977646024;
0,053808708663169;
0,194745133932415;
0,746004997746902;
1,01574136906003;
0,827446461150653;
0,799157197557405;
0,677494998324343;
0,113739958841166;
-0,173838694261081;
0,014231601406515;
0,0587046073742439;
0,195018893494527;
0,764139379716992;
1,05674064062034;
0,871919466710918;
0,824232419256374;
0,68200448036953;
0,112436601333024;
-0,173828306860817;
0,014521473317728;
0,0586062757150571;
0,189103657329644;
0,744762667453258;
1,0316618420731;
0,850507886256143;
0,801122643529754;
0,662506813532659;
0,109789302238966;
-0,168891030026393;
0,0138857382795475;
0,0570398039407423;
0,189104240424593;
0,739092205356038;
1,01509199304108;
0,827165622440437;
0,783783531162039;
0,658141047803989;
0,111512418302226;
-0,168620569775386;
0,0132486101691399;
0,0571964968019865;
0,191211786116134;
0,747003337762131;
1,02872750939746;
0,837526511865574;
0,782786958226732;
0,65146159529971;
0,110014590124333;
-0,166576138932674;
0,0130762810804292;
0,0565179812713505;
0,18339105332611;
0,718788723115121;
0,992901713189056;
0,818532378800494;
0,778099752570918;
0,648545613304316;
0,108722489772742;
-0,165638039163523;
0,0132439247992731;
0,056098273869163;
0,186332448309298;
0,730634622146121;
1,01244596413703;
0,833388605321238;
0,777565286050729;
0,639166836143875;
0,10573172945727;
-0,162701316531323;
0,0133381926884577;
0,0549735585922528;
0,184267571215104;
0,718182410019029;
0,985598704175568;
0,804262177025023;
0,76284026767207;
0,855096753446295;
0,844811869793772;
0,822604642583819;
0,824908080345122;
0,815506288651258;
0,809200105514022;
0,809196156892725;
0,80308854954482;
0,801325503704309;
0,812995438832407;
0,824047201651572;
0,819995404658997;
0,813095449955719;
0,827276066787537;
0,858327352885872;
0,87868699212024;
0,874851998552563;
0,850327473416397;
0,812610994604221;
0,781527071608677;
0,785270781163944;
0,810528308567108;
0,820315873170968;
0,829895822870677;
0,858897253048685;
0,879528066565498;
0,866137953551664;
0,831197789781207;
0,808777536722792;
0,806114408597236;
0,599693020814997;
0,0974443664674043;
-0,147124856621832;
0,0100645978893985;
0,0507598167519436;
0,183361828214568;
0,702978260846801;
0,960464047856676;
0,7892460965049;
0,763850001169233;
0,645138350227415;
0,108829810457608;
-0,165216940541368;
0,0131474026299224;
0,055970334573832;
0,184384728052584;
0,728462510720059;
1,02164785922386;
0,855823759875717;
0,806269074936663;
0,667250813772994;
0,114601296529783;
-0,170337001142958;
0,0124237004320454;
0,0582227413442796;
0,217079343022898;
0,844826148997729;
1,19514800109181;
1,05864814204518;
1,1098204702568;
1,35404386548616;
1,5109144491675;
1,62304911510798;
1,63125159846806;
1,49881872442149;
1,40206061391505;
1,40391682609197;
1,32737063702192;
1,06880305841647;
0,778623459893311;
0,475616829970247;
0,0710878117117901;
-0,111979539977633;
0,00787929696820657;
0,0386812228161222;
0,172921568533722;
0,66319526939266;
0,940087913339086;
0,830434703112006;
0,799285333468735;
0,80681149293921;
0,69955812337462;
0,610871500822775;
0,554738815376215;
0,482193080673696;
0,502416778125133;
0,660082866302077;
0,690578344517294;
0,542515528514982;
0,45785189071705;
0,329257445267555;
0,0441769195015814;
-0,0801639544346476;
0,00910434636870866;
0,0260696815917212;
0,224059552665873;
0,865271555657201;
1,44035863840473;
1,57012180957904;
1,24340099387173;
0,555473784787376;
-0,0131310914875834;
-0,0979506212697549;
0,0308079533242833;
0,0242699484804341;
0,21751000046426;
0,821608111813534;
1,13502533747381;
0,997947304733781;
1,01522938635493;
1,06824306601085;
0,839966526486155;
0,646615759223669;
0,646052329998699;
0,631310160925648;
0,602926367620971;
0,645491430496039;
0,724784682638181;
0,8574047809595;
1,05027900586978;
0,882055381407669;
0,157615538992913;
-0,223513552153019;
0,0128836067206843;
0,0779648623264232;
0,156797330553804;
0,657392405034735;
0,931404752044767;
0,792699093242749;
0,794823320165751;
0,917653798412857;
0,930894552489665;
0,919622155904311;
0,918568874121378;
0,895085002613271;
0,873229179961075;
0,869857081398557;
0,868513211687057;
0,86314443334274;
0,864428433004183;
0,8733976340282;
0,873249858452355;
0,852120513840021;
0,82532982757125;
0,818853979386867;
0,836587000388174;
0,862690201411869;
0,882486396922997;
0,890350917834066;
0,888019485672896;
0,880746734865596;
0,873222653040874;
0,861115916153321;
0,840152191515499;
0,827157651951187;
0,837564895220857;
0,854605564641158;
0,855020284393906;
0,841911015860817;
0,833321205691083;
0,838971386066802;
0,857587041078504;
0,87958186987047;
0,890188126009817;
0,882161512915334;
0,860414934044841;
0,83758792304643;
0,821922518289093;
0,813403005935999;
0,816726151927905;
0,828441152014299;
0,836830140760797;
0,841646882010918;
0,840486360287336;
0,830262815600508;
0,818349016926529;
0,809139459270745;
0,809439950099593;
0,827527191457919;
0,849593662510625;
0,637991586845274;
0,103801860292007;
-0,15678844528094;
0,010805200892048;
0,054050377892957;
0,182023348166858;
0,713423680392502;
1,00218722832487;
0,857428588482519;
0,836994432740256;
0,698404667175713;
0,118349386291374;
-0,17824404213069;
0,013653193350059;
0,0606371085934217;
0,203757122780707;
0,795963729623617;
1,10765101864776;
0,934983577907642;
0,909162140461539;
0,761691767353221;
0,130091829454422;
-0,194546213177269;
0,0145477678287451;
0,0663357014650935;
0,121911319231432;
0,501519576192386;
0,693343867254622;
0,656945153453291;
0,786668800094024;
0,875349397782688;
0,79078083174941;
0,743596088316045;
0,73332792386426;
0,694669118281283;
0,648764082765693;
0,57078811856569;
0,455590547956909;
0,449155574094259;
0,647639655428315;
0,637891041715312;
0,134727230457265;
-0,16909279060015;
0,00486950744282987;
0,0609255013151286;
0,164707210219019;
0,597629436153637;
0,713093985815943;
0,478479416497322;
0,527913234415546;
0,530364142434897;
0,098913808520202;
-0,141127764426771;
0,00988606587861808;
0,0482506513191094;
0,293423602257376;
1,07278696551632;
1,43458618533698;
1,09354719553959;
0,883721828995688;
0,669937161479978;
0,0987066015631602;
-0,167094459909906;
0,0171049167566056;
0,0550477190809169;
0,332640340314047;
1,24472790823747;
1,65700311441542;
1,15629069242695;
0,79006752134943;
0,585341630786181;
0,0905336608309036;
-0,149069171333508;
0,0149097248671759;
0,0491721535060433;
0,237871843854453;
0,891825185959791;
1,1912773063229;
0,91010936308858;
0,789578581439844;
0,650444571341378;
0,110378129395595;
-0,166660963804653;
0,0130291649160387;
0,0565604904068894;
0,192407947117122;
0,751611514555004;
1,04531023575625;
0,874649592035623;
0,826661869046888;
0,674605595352171;
0,108958637780275;
-0,170969368078163;
0,0147546747564016;
0,0574615987793308;
0,199556852858225;
0,776959061403614;
1,06636120529167;
0,865266713100815;
0,802468266713533;
0,659714280457726;
0,107274260838619;
-0,167952327120624;
0,0145619047060989;
0,0563951504301046;
0,192008005257743;
0,748501377616638;
1,03218237930223;
0,858032595862645;
0,822521235178729;
0,680086268193095;
0,110390054231119;
-0,172917647131998;
0,0149670007245999;
0,0580802097077075;
0,190218789913943;
0,747828398784569;
1,03025119477485;
0,834331986054582;
0,775223011061526;
0,648558781310891;
0,112237784684927;
-0,16628766507208;
0,0121354680109916;
0,056814222453068;
0,194263959844958;
0,74704922219852;
1,00900957583518;
0,808463262437461;
0,780262750189755;
0,669313740789729;
0,114469434880102;
-0,172379792637671;
0,0135423629124512;
0,0584460504691284;
0,196678275839736;
0,768927621542436;
1,06023816700647;
0,846601995083227;
0,747639741130797;
0,608252519052672;
0,105237070634849;
-0,154936584804592;
0,0108051061766235;
0,0531885434255479;
0,192734955743656;
0,742918450537429;
1,02019350522185;
0,832893394430961;
0,78411603206363;
0,653474019774161;
0,109509745849093;
-0,167067227860387;
0,0134594003511301;
0,0565323855894868;
0,184471937041919;
0,72633850166768;
1,01113856414046;
0,843398956815335;
0,80074393650811;
0,660653775890404;
0,10876874720958;
-0,168204678177652;
0,0140243259704226;
0,056727765616529;
0,183134261490085;
0,722511580036247;
1,00701671515544;
0,841696967132531;
0,794365652277538;
0,648333953160642;
0,104490391514716;
-0,164397902937378;
0,0143250280284431;
0,0551893993114771;
0,18573538418114;
0,725264435617304;
1,00040271248351;
0,828463194783505;
0,788628773445463;
0,652691429524892;
0,107805677186087;
-0,166101626982809;
0,0136648281542766;
0,0561024607487427;
0,182822787043531;
0,717675059438735;
0,994795570842013;
0,828682621410978;
0,79170210755695;
0,870130718028631;
0,845323277903294;
0,827892160854423;
0,845099946301804;
0,838286115828637;
0,827051305093854;
0,830941176801968;
0,832312671911164;
0,833366788604782;
0,84502341672739;
0,636643760008196;
0,105002695680207;
-0,156938092542795;
0,0104609654678629;
0,0542446000929555;
0,182707789872435;
0,708935941855159;
0,97695731900181;
0,806275661718966;
0,770312565955017;
0,858527928774457;
0,845368288179274;
0,822062103338544;
0,81786223803551;
0,803289833667375;
0,802067553678669;
0,814754241846575;
0,815572610565905;
0,797461031613569;
0,781797548991034;
0,584115123228609;
0,0995318383071453;
-0,144169510862197;
0,00835517655008193;
0,0503825185613198;
0,187584153735607;
0,713608011733991;
0,966258272896146;
0,77111280381363;
0,725971461841918;
0,615990899085979;
0,105895318511553;
-0,15842696903151;
0,0121066075595254;
0,0538724054097249;
0,185103627348663;
0,729288952035841;
1,02104841445661;
0,838452823923753;
0,751754249356624;
0,60043422455237;
0,0961008416385651;
-0,152006833299346;
0,0134076263191241;
0,0509648765363278;
0,173232603966401;
0,680386837833579;
0,952596977346865;
0,80768119509233;
0,761593468028233;
0,612104815013978;
0,096590444426176;
-0,154190525964807;
0,0138046121133177;
0,0516292102488357;
0,199384525327534;
0,766603560960878;
1,04788489323925;
0,85752448709979;
0,82596109358706;
0,702191819340152;
0,121093873843537;
-0,180537913635218;
0,0136065134353468;
0,0614770723590831;
0,321125395608856;
1,20780612663514;
1,66106071304541;
1,28668239372291;
0,954041492764038;
0,837439291356825;
0,752860318846299;
0,747856374710649;
0,723326939073523;
0,673619858732603;
0,650309344849658;
0,561241171301908;
0,448415287892558;
0,468010305689064;
0,595204559092022;
0,687926903302205;
0,667467404130797;
0,576742958921748;
0,506491215530721;
0,500559074656129;
0,549150263836466;
0,605055832588424;
0,630073950608036;
0,616680661942026;
0,575664318717766;
0,545920909370721;
0,533613968585278;
0,506489860781693;
0,59045195295873;
0,939551281923102;
1,29900669344648;
1,24843353062896;
0,827764360233548;
0,449747896661918;
0,417608362159147;
0,768807354917286;
1,23872643948675;
1,4383980684829;
1,36555121904282;
1,29051364247595;
0,936565381527517;
0,136202581697498;
-0,229196638737662;
0,0221270602967547;
0,0762317089719834;
0,132610032553443;
0,600591088048353;
0,900742787382439;
0,841771165600087;
0,868232065586486;
0,714030513725009;
0,116229342706419;
-0,180586823623339;
0,0150200567166028;
0,0609556071529638;
0,181723579656786;
0,71375566539048;
0,967124519414499;
0,774910537086233;
0,75359219490258;
0,865685313135567;
0,836286725465749;
0,783906378039525;
0,790484303504581;
0,814983264852325;
0,842242158393579;
0,864792132959612;
0,871829562815817;
0,866208609781496;
0,844249472081665;
0,605567423655139;
0,0914359874883105;
-0,14665036081914;
0,0119942434742945;
0,0497840660699134;
0,193496883380172;
0,741589538152322;
1,01659693090809;
0,83769817858945;
0,801218787079015;
0,890436861891386;
0,864770966513179;
0,833580915886046;
0,839181826512795;
0,832892018219899;
0,827338567307851;
0,834779332966486;
0,842542467354135;
0,846667210144239;
0,845156233830414;
0,839868558434889;
0,838762641109996;
0,844335145721941;
0,856168334518918;
0,863185710155434;
0,849141466806678;
0,829316247465571;
0,833132125507372;
0,849600705899025;
0,855674387518298;
0,858540370815425;
0,861284798601538;
0,855687863638677;
0,847689109227241;
0,843268988544171;
0,8388303165049;
0,835803748647874;
0,841961300138668;
0,859958463791667;
0,880967682280792;
0,892281092507243;
0,88865623718493;
0,873597546952068;
0,86201219723193;
0,866912875623473;
0,879525081908129;
0,88616635828027;
0,884766042065486;
0,880212723845923;
0,885378675020054;
0,903260722234082;
0,915400406415797;
0,913245866253648;
0,905759376581439;
0,896914324764958;
0,887908415231854;
0,895001071969016;
0,953726275609055;
1,0512933231195;
1,10179486961995;
1,08170523666623;
1,03072326448734;
0,931753969724997;
0,811486124711491;
0,762343452209508;
0,567724646723994;
0,0881668639270817;
-0,140781495895114;
0,0121158145466256;
0,0474225217271049;
0,169419567344497;
0,644433830891459;
0,86951288555208;
0,734607704244067;
0,753528471072214;
0,626965077308809;
0,0915292982619588;
-0,158384409513068;
0,0175236258565411;
0,051536299110831;
0,113708537067032;
0,517582474543578;
0,819602026228524;
0,789840925748414;
0,703108292144625;
0,595987393699986;
0,473075431590812;
0,492867017860161;
0,597995454699787;
0,636776715509661;
0,604390135883626;
0,552588918642323;
0,527117994487677;
0,551803372190299;
0,582246959348438;
0,590367149470183;
0,715263192113841;
1,09410599875482;
1,43475287288121;
1,37625085613658;
0,86370433955801;
0,110258031780528;
-0,197065517696302;
0,0186246255740825;
0,0661615719766262;
0,283175277135055;
0,982197597537969;
1,08035990821085;
0,521721476198443;
0,402103648735744;
0,442697791319433;
0,0847496783583751;
-0,122027109793071;
0,00977001393305347;
0,0410586338445069;
0,250178972652153;
0,875307241160626;
1,06719279689899;
0,724531916853302;
0,687180286083953;
0,641888149070935;
0,114383874014533;
-0,169337638848276;
0,0133663819504129;
0,057269309583806;
0,215121571804406;
0,824398465383158;
1,11556567088826;
0,873481880700643;
0,786878078048454;
0,656801789215085;
0,113155591028843;
-0,168566835038224;
0,0125999198839159;
0,0574557764228787;
0,190862262582737;
0,749829449930961;
1,04683069372751;
0,874673317074161;
0,821904584697201;
0,670324925980139;
0,108275670649645;
-0,170101277877405;
0,0147826344596984;
0,0571177592638216;
0,201623474418506;
0,780613985416762;
1,06388524027714;
0,854233537040716;
0,793445420800101;
0,660651846043886;
0,110799245522426;
-0,168886657028145;
0,0135616625542691;
0,0571681720925813;
0,192930112862649;
0,754316895024516;
1,04771241345757;
0,86831325844254;
0,800551139629771;
0,642285656030446;
0,101678940883769;
-0,161967793403446;
0,0144486062038142;
0,0542513531534172;
0,19559083594072;
0,758289417842685;
1,0380789481064;
0,839823535227692;
0,782667755136173;
0,875705575914749;
0,875585006396101;
0,858243945829771;
0,855869245842241;
0,84265417809324;
0,836720092062347;
0,841603471251456;
0,842454876098875;
0,839892747293471;
0,835970545402373;
0,615792244404979;
0,0973913790804358;
-0,15064158435278;
0,0112106032461984;
0,0515845892724898;
0,186583413982788;
0,719037748357234;
0,98474236213079;
0,802320857234706;
0,756182333915687;
0,842306615394017;
0,831119892457859;
0,811563917441664;
0,818096272618159;
0,813810634969834;
0,810427558105292;
0,820249638674471;
0,829624345440783;
0,830610215488967;
0,827274676681918;
0,610285549879261;
0,096731594449741;
-0,149408694419211;
0,0110872295100711;
0,0511729326376282;
0,183338086927259;
0,710114705991701;
0,981719484762745;
0,814582602057502;
0,775187822803853;
0,643442481562279;
0,107097156825276;
-0,164108412511122;
0,0133337989092635;
0,055492719932754;
0,176929620564955;
0,699665326530263;
0,978779392867623;
0,825752342842787;
0,792600873844623;
0,655707403718985;
0,10901115591823;
-0,166960279482676;
0,0134822308447792;
0,0565021666980045;
0,180427938601052;
0,711011426643236;
0,988825244741184;
0,822231357118179;
0,773119439667253;
0,632322780874353;
0,103059165248677;
-0,160467873964424;
0,0135615134970634;
0,0540530696020737;
0,184014455246512;
0,717700589608681;
0,990457556668972;
0,82071209978107;
0,788455895948122;
0,66264206086644;
0,113673456841254;
-0,16958322649894;
0,0126394019771411;
0,0578325320990812;
0,185243918172741;
0,726896072350378;
1,00442762500324;
0,824946150781879;
0,779523349154978;
0,648588019218481;
0,108332370892892;
-0,165667691179751;
0,0134232008998734;
0,0560292578900185;
0,18008852059922;
0,706360743801896;
0,975747328700268;
0,811986968307839;
0,787586433390905;
0,869330244640921;
0,824390309454222;
0,793500761669928;
0,828601325811553;
0,848220456217115;
0,826338549893263;
0,784591159254492;
0,782221361295984;
0,8192087620485;
0,831033899565044;
0,610920170493691;
0,0986048610804234;
-0,149307104031102;
0,0102027404307465;
0,0515351863334675;
0,191948580539731;
0,746236319597441;
1,05771828876315;
0,924429757734515;
0,901150149265612;
0,738468582258223;
0,122490287698181;
-0,187172474360643;
0,0148049799706933;
0,0635050264539699;
0,398684359716701;
1,43608219724646;
1,85773020695203;
1,36595188140442;
1,2137974018746;
1,04862066357271;
0,185178637931395;
-0,272311156044022;
0,0200486379646403;
0,0928593869598292;
0,151437285384639;
0,670579809068037;
0,937367780954186;
0,672015861750227;
0,444010700667168;
0,298463877602502;
0,0421211817176595;
-0,0726583976544317;
0,00737251116796043;
0,0240193527649666;
0,148571200975053;
0,55837377783464;
0,792685310977624;
0,703946002255548;
0,671814393604911;
0,693822254370028;
0,60993814372241;
0,457346366888461;
0,393166418833203;
0,564045709993146;
0,718693972206836;
0,662719570738786;
0,692472678415416;
0,884257846710027;
1,02115525289604;
0,805040907305036;
0,148581459654804;
-0,200358586927911;
0,00766378216577023;
0,0717200858480743;
0,188726865322813;
0,724859299743059;
0,931202491289365;
0,644402573520829;
0,569954380569033;
0,512589655653236;
0,0917445743179962;
-0,134681789175256;
0,0101897323629264;
0,0457601419144259;
0,239109130853045;
0,878451710617984;
1,15278356699152;
0,852891946546171;
0,730657418653619;
0,610443235257441;
0,104320595937562;
-0,157245205690517;
0,0124009615978946;
0,0532926923874478;
0,192853037241376;
0,738827540297622;
1,00225463696304;
0,815627452361173;
0,788471757895012;
0,666104933145182;
0,110762324320139;
-0,170509029953725;
0,0142067411040572;
0,0574821810617717;
0,196080728677693;
0,760797406550058;
1,03346711714545;
0,817501857857773;
0,748227041162854;
0,624736887105853;
0,106175994609025;
-0,160080959003444;
0,0124505971002486;
0,054355670966897;
0,191029555222827;
0,739836698498507;
1,01638484493928;
0,830011357244526;
0,773995219929596;
0,6355462362767;
0,103386211104053;
-0,161579451599803;
0,0138837458174404;
0,0543175013207018;
0,196333569810062;
0,759871795782731;
1,04293290456804;
0,852887594547401;
0,798441082414495;
0,656426179025047;
0,106487049155139;
-0,16691928860924;
0,0144827397302763;
0,0560494432397094;
0,196683346021135;
0,765821139234907;
1,05385301622719;
0,862386528783782;
0,812119273410741;
0,675820845859837;
0,113215318876845;
-0,172681287739764;
0,013879035958129;
0,058449479138083;
0,235942848089056;
0,900640813732306;
1,22113571731035;
0,959030539188134;
0,859241792769718;
0,935807903505942;
0,889604086433411;
0,842397137936064;
0,829563491682246;
0,775400553772612;
0,715128268890057;
0,685907189664932;
0,693877387002496;
0,738286434373271;
0,734472797554137;
0,489424587090663;
0,0540240202632152;
-0,113590946627372;
0,0152294138548968;
0,0360787522447214;
0,188820665933171;
0,714165289484845;
0,965796910493944;
0,750531871357929;
0,630926809599302;
0,659755707475;
0,646703588088922;
0,635027661459313;
0,628086581194917;
0,622008719022921;
0,639969271693718;
0,642058945657252;
0,598712626749672;
0,553235391130984;
0,544915545713773;
0,581015485224129;
0,636107052520478;
0,658044055724345;
0,63707912621381;
0,60154362084521;
0,626151272517748;
0,852092321759919;
1,21227230617839;
1,34068693239609;
1,15610080402768;
1,09426359140266;
1,38916925069581;
1,69177684962119;
1,65830732980668;
1,43321641012893;
1,28994508644192;
1,15855740393645;
0,946861711264185;
0,839710684554687;
0,893200417444567;
0,701983321041665;
0,11389720057565;
-0,174169274782716;
0,0129774784578899;
0,059559120270742;
0,184237396174776;
0,746896024411187;
1,0928181920874;
0,978230795639485;
0,916879940040175;
0,707244800373779;
0,104897793348665;
-0,175866897950863;
0,0174570420143629;
0,0581960118753241;
0,190851529318702;
0,759395822813191;
1,06300581788345;
0,881828915397031;
0,794982604505857;
0,813487579828575;
0,757915877439263;
0,76722555963925;
0,840733546615494;
0,874828385633344;
0,878613174618783;
0,878154021874225;
0,861683854731901;
0,841345742849694;
0,838041844606038;
0,843511329285384;
0,847126609916517;
0,859964406920913;
0,87681490189165;
0,869279084999048;
0,853912538144093;
0,858316663626938;
0,85319285576858;
0,830099199187534;
0,820644863517472;
0,835347282555741;
0,858822273340383;
0,855817049121204;
0,829416321395038;
0,819903733053786;
0,824138684089216;
0,823209607249902;
0,822322698002484;
0,826641871944441;
0,833858427558021;
0,840858022116772;
0,846201106066784;
0,851315415119759;
0,85766472540352;
0,859507828131506;
0,846241613766649;
0,826341469144284;
0,821554663841517;
0,828330470810698;
0,834756281421066;
0,84664895982824;
0,85985361330096;
0,861045052086853;
0,85212669556312;
0,841068793663715;
0,830917477800615;
0,821871243429333;
0,818589754510672;
0,826219635591623;
0,839296000802246;
0,850291901313532;
0,853022384423007;
0,843672898820226;
0,831068869465226;
0,82494742605557;
0,820696433862108;
0,813065594251274;
0,809117226450903;
0,813662509239327;
0,824267520720956;
0,834594355433542;
0,835869224118585;
0,833912724531212;
0,837514032018397;
0,83868200262254;
0,831878873232407;
0,824102220257958;
0,819759366934697;
0,817586841948358;
0,81878963313083;
0,824086026486328;
0,83002117374475;
0,831632379898445;
0,826975585474833;
0,821138585054254;
0,817929153017032;
0,814822035501076;
0,812088073987355;
0,813824535641817;
0,819042836368606;
0,821520806417471;
0,821288595851072;
0,824835138430539;
0,83079090979706;
0,83178205792662;
0,827055513943606;
0,818069247426084;
0,805655303184764;
0,798295102600482;
0,80115063162167;
0,804356263870143;
0,803221187615881;
0,807209088059246;
0,817044831169929;
0,820553557261785;
0,811912646712018;
0,797899635932543;
0,785694023497589;
0,775975191171797;
0,774491145899175;
0,790687773734682;
0,817245736026114;
0,834072883899574;
0,83115766538986;
0,811044127569345;
0,784517418249712;
0,770889232633999;
0,780288155335058;
0,796233196422889;
0,799184011670507;
0,799729041960639;
0,810507220870974;
0,813439559474237;
0,799784193127022;
0,791490254577282;
0,794345372166206;
0,791224939195709;
0,786439705576132;
0,791266878345664;
0,793622556056861;
0,787877332366798;
0,785615982802138;
0,789164924123433;
0,792423689690907;
0,792121104525292;
0,787569514398238;
0,78549936040299;
0,790889289845634;
0,79610515558719;
0,795469401766095;
0,798727350558761;
0,814588228013275;
0,828353385032273;
0,822425584859298;
0,800785587422569;
0,786540727143114;
0,796917112298452;
0,807280564845312;
0,790180946130361;
0,764909584475126;
0,759295391407319;
0,773122955567905;
0,788455123139444;
0,794725223708985;
0,791842317679002;
0,782252048954098;
0,777956234625218;
0,787638443749753;
0,805320242218914;
0,82744850676345;
0,830586218210291;
0,793418697796889;
0,773837708570742;
0,804043638972456;
0,833135891306383;
0,872542123485083;
0,950470444353316;
1,01815190260287;
1,08550441818301;
1,21314275375843;
0,991674395062349;
0,180641425248833;
-0,250528624681107;
0,012594533221412;
0,0882300412126236;
0,333477577046626;
1,25717666715514;
1,65148495551848;
1,14683926035281;
0,82843424622342;
1,00100321529074;
1,36198184284112;
1,4730938004015;
1,16802854989276;
0,885545766677057;
0,739691997434874;
0,590518494619083;
0,567833537825364;
0,670500112034608;
0,692226477375898;
0,470777748986919;
0,0629165019305084;
-0,110770180436356;
0,0109001851550169;
0,0368873737012718;
0,127123163437794;
0,481970026482462;
0,621588582970692;
0,431783933930383;
0,386990593800657;
0,394374491291274;
0,106283225001817;
-0,10762593384404;
-0,00490503126639789;
0,0422431559678996;
-0,0162565402085275;
-0,00815754257632376;
0,00918748933265825;
-0,000947447067550291;
-0,00286901206437826;
0,146073618120266;
0,530712364014116;
0,875811320561257;
1,10096777088962;
1,40229653408741;
1,2214255451138;
0,226501106071806;
-0,311543162085551;
0,0155372225566808;
0,109684770038639;
0,189022974650135;
0,817437116314744;
1,16204615752834;
0,93957823684865;
0,835611718321427;
0,664758512036546;
0,102962890320852;
-0,167841925294662;
0,0160326802465251;
0,0557423113705771;
0,183368752130873;
0,719887527066875;
0,985530483517523;
0,797250646990799;
0,754040077786739;
0,852160839172826;
0,83990276383938;
0,809514920381326;
0,82618489983584;
0,840889746792702;
0,837901223463428;
0,843650662508178;
0,851913980167305;
0,842676192921865;
0,83130950027078;
0,830372083363759;
0,828841662330029;
0,825036689781426;
0,829123143428738;
0,836248960521221;
0,835440424602687;
0,832295158194151;
0,836732112569496;
0,850471730697134;
0,863051095424394;
0,854417841079445;
0,828090677556823;
0,811816085490168;
0,811850624323444;
0,814704450331171;
0,814288061445468;
0,81333844805666;
0,819625265593322;
0,830470736641859;
0,834125780850245;
0,618635180852519;
0,100351938020036;
-0,151705166347458;
0,010415770991857;
0,0523253324839228;
0,18490441060616;
0,712369007775358;
0,974470784762898;
0,792026077448398;
0,749253940695747;
0,839167463232684;
0,830725796557797;
0,823102502485517;
0,845948372588674;
0,840512932621311;
0,814951633613178;
0,800056026561547;
0,813547661555057;
0,844765865755773;
0,853977505302772;
0,622407550475054;
0,0953003045605552;
-0,151278353600193;
0,0120877369607934;
0,0514645748850823;
0,178822884620948;
0,699745735276478;
0,979917509447879;
0,835963191349223;
0,813695935634557;
0,90735794421755;
0,908737604651384;
0,898245132496248;
0,894103240088493;
0,891417527213785;
0,925100111886704;
0,976287712856759;
1,01421187867506;
1,02563190441178;
0,991568773702929;
0,909517075347614;
0,81531258017898;
0,745404864581275;
0,70202658261154;
0,676909966404139;
0,673872368748532;
0,685509780188337;
0,678554995361204;
0,651738290861754;
0,666846113253723;
0,77694712644793;
0,928743154844986;
0,967721253589284;
0,834696432390261;
0,643436478301155;
0,511924359967151;
0,479949992553068;
0,51714556152766;
0,539522429251481;
0,534906181472716;
0,57827320425324;
0,637069902540466;
0,645173598448591;
0,672608644158064;
0,74289324526908;
0,768653930617556;
0,741254988642957;
0,710572063938296;
0,652785197510595;
0,542307228569334;
0,441401249820724;
0,424801493316574;
0,498233774076808;
0,667085386840207;
0,966143549327397;
1,26744836370976;
1,3566866847394;
1,2839901166434;
1,26247567418312;
1,3515290728816;
1,43925935569654;
1,38068214335492;
1,22835092480766;
1,18905372303298;
1,21356614076682;
1,13463484379097;
1,07517535220211;
1,14509511792339;
1,1768950774571;
1,07332331331263;
0,915587440813292;
0,759526448073317;
0,662885459714246;
0,689078412341318;
0,80842107601614;
0,944838751178282;
1,02461527420474;
1,00113486516272;
0,909599646868742;
0,831704430411712;
0,813149009854399;
0,837029045765792;
0,871711552721174;
0,908964533556488;
0,923973111097501;
0,897158075548421;
0,861069709219105;
0,844397382353639;
0,847544126601868;
0,86600371926987;
0,65508479883271;
0,107495435510961;
-0,161706718275705;
0,0111240245883095;
0,0557328657087159;
0,195480278655994;
0,765458253262095;
1,07373469290786;
0,898206259266299;
0,838259983500541;
0,687078685766764;
0,115126576457244;
-0,175002249262699;
0,0137788600359338;
0,0593786577308643;
0,196313273670985;
0,767994615753022;
1,0632774341846;
0,883288989148522;
0,823037780966233;
0,652016976614581;
0,093370785445025;
-0,163420626447732;
0,0182436662190126;
0,0531412030721065;
0,192721209850684;
0,745365908996465;
1,00183764320853;
0,775184564635985;
0,69224260998408;
0,580054352484128;
0,10296988099182;
-0,148933880690657;
0,00988385218393723;
0,0513161022228983;
0,198727664386683;
0,75522950878411;
1,02756933856304;
0,831950035068665;
0,777500656224411;
0,641343076301501;
0,103956508503098;
-0,163202431623274;
0,014253705527339;
0,05475639137024;
0,183439097100747;
0,724534163151588;
1,01295094396588;
0,844065808043808;
0,786335623105562;
0,852890589644484;
0,830923664304521;
0,812572071258948;
0,826174840388991;
0,82270527306807;
0,813605724189206;
0,817031273459388;
0,823525132084489;
0,828284221040434;
0,830728153347275;
0,614618860999759;
0,0975148675457491;
-0,15051870856258;
0,0111536467683054;
0,0515586873834406;
0,186882054701293;
0,723035053447752;
0,996800029938383;
0,818653950278923;
0,769434637290579;
0,843993457043224;
0,815074997285753;
0,795077694740891;
0,822916365163666;
0,834221613143411;
0,616420854542152;
0,0994746256066368;
-0,150944465587681;
0,010471363151654;
0,0520217789724386;
0,181234152247038;
0,70383943890728;
0,974953592429921;
0,807312690196446;
0,763115104367038;
0,633127838474934;
0,10661906223715;
-0,161562113175485;
0,0126463117509836;
0,0548424847030316;
0,17883154614701;
0,699241093770485;
0,966936732407918;
0,802081612387263;
0,760993413362407;
0,627554430898358;
0,103498602000433;
-0,159517374061678;
0,013095942630039;
0,0538961683501934;
0,185988517480531;
0,720714943025305;
0,983565692915474;
0,796649497233098;
0,757364618524949;
0,640271834823134;
0,109692289188158;
-0,164316344483646;
0,0125377310992141;
0,0558938467658665;
0,192883727035574;
0,759956845208771;
1,06476138775128;
0,873345151689448;
0,783818387715051;
0,844157968596847;
0,827223569753988;
0,803494509071079;
0,806949867686543;
0,806241864381421;
0,602389031593593;
0,10173935740391;
-0,148490301093187;
0,00888943826499324;
0,051772297183506;
0,188007285978407;
0,719741382215018;
0,978832472874241;
0,779073377683947;
0,722674213049554;
0,818203841492795;
0,816096794919679;
0,80293300016779;
0,827651264248049;
0,845602366136474;
0,855224641975989;
0,859854105693548;
0,858604726914226;
0,865095641596151;
0,88080915597807;
0,894584808176673;
0,897391068319646;
0,91214344624552;
0,980655623058193;
1,09941293968252;
1,24460216991488;
1,39177607336567;
1,48096987815519;
1,49338785618212;
1,47598851980837;
1,43067341651651;
1,36786158072509;
1,35361448238861;
1,34114153723317;
1,20104181402485;
0,939802760898787;
0,682447434093813;
0,549720577657883;
0,56590059901844;
0,617936507545394;
0,649892393963396;
0,688028980576586;
0,660787751843967;
0,561811215007999;
0,532662548056763;
0,621387453543943;
0,735317834116924;
0,760319169558969;
0,662965064187864;
0,545263518872174;
0,505503052665106;
0,509642535741527;
0,502078337452427;
0,485234117669055;
0,466410866244383;
0,444756727358204;
0,435314502020342;
0,472708119179384;
0,517842669305646;
0,538348854982318;
0,699912509813472;
1,05120866301437;
1,25030428515475;
1,02683246183128;
0,660622646768909;
0,602294851049703;
0,858833071868643;
1,12134306847086;
1,19429355398597;
1,15535413790281;
1,15066194629136;
1,14890864229978;
1,07212552620156;
0,951558397703978;
0,849076087528961;
0,587291882878449;
0,0861591884894184;
-0,141358248261444;
0,0121939695615484;
0,0477337007426065;
0,220642953018402;
0,836448748964018;
1,14553502403013;
0,924005144664006;
0,833355288988571;
0,677542140322967;
0,111478298835331;
-0,172377011813108;
0,014339143997902;
0,0581533359147135;
0,192967026140046;
0,757819353842492;
1,05022994130056;
0,863687082324111;
0,801601845233233;
0,654402905733881;
0,106325387487754;
-0,166213248134936;
0,0142572760488871;
0,0558908923906875;
0,188017291848212;
0,737925199396107;
1,02271813614441;
0,845490370259294;
0,798030385493895;
0,660513623507594;
0,109782360546549;
-0,168452446089763;
0,0137477088639668;
0,0569348818868963;
0,17949157030274;
0,710758585257836;
0,99218010898536;
0,834567379870704;
0,809634656279848;
0,905241245228087;
0,882050524020599;
0,841225842187769;
0,832621724891704;
0,817050991861012;
0,819546832937408;
0,851988864986643;
0,878844100727683;
0,8882823603562;
0,882068903353097;
0,8604826414632;
0,842948446845886;
0,844726154352457;
0,857391694052666;
0,86375687156365;
0,858592095857063;
0,852153986205671;
0,851449235354237;
0,853701899154696;
0,859380861939853;
0,868615511824289;
0,870594980218;
0,860595901935145;
0,850617485026675;
0,851560779539526;
0,63827178105107;
0,105728783129495;
-0,157251512474961;
0,010243976786001;
0,0544611745048928;
0,197902863586784;
0,763406938572839;
1,05756586753402;
0,882268694746093;
0,839827090401238;
0,693587067571207;
0,114475619496391;
-0,176534665082902;
0,0145715938539273;
0,0596040598698736;
0,163678505837305;
0,653056455273808;
0,900472327227608;
0,738654266628517;
0,692157277432749;
0,746929423270559;
0,739063466646484;
0,756928503212693;
0,743839496726609;
0,66462558980359;
0,681950908510576;
0,838072653505009;
0,919559941447138;
0,845997780394107;
0,804702288048183;
0,635330933956032;
0,121115470267735;
-0,161141540307671;
0,00616511470091381;
0,0575901943897327;
0,143449252931466;
0,548634241940459;
0,734033303796348;
0,620856296857494;
0,643856591644558;
0,690946314440011;
0,611038252777664;
0,538893058509049;
0,539315953140287;
0,573968990109273;
0,555151862111573;
0,497508381040799;
0,477932013162224;
0,495112978601148;
0,582176762776984;
0,814375199036747;
1,15561996194491;
1,39726167541375;
1,44544788025474;
0,579062355610328;
-1,03799052237593;
-0,875763943918533;
0,397439751042768;
0,198403556697804;
-0,23285842295411;
0,181108659344042;
0,536557734571911;
0,451193858058512;
0,328839826771924;
0,639595821998637;
1,14937093806932;
1,36583042404208;
1,19685996762053;
0,904505895892614;
0,778999853477742;
0,815539298433728;
0,867449512946666;
0,906243871211918;
0,930025122290404;
0,911580246626495;
0,873898559807431;
0,848256830239819;
0,830390169330481;
0,818357188871659;
0,828104140720657;
0,861991668753974;
0,896813883031748;
0,908883767439805;
0,886842300015853;
0,836610155848202;
0,790045935982474;
0,774243815458902;
0,778626391771399;
0,786324039542631;
0,803549953066692;
0,61407398807881;
0,105194324104598;
-0,152313567891323;
0,00898129183137412;
0,0531373749243612;
0,182330724434848;
0,713153813811921;
1,00718870626725;
0,863372573393676;
0,824537795702273;
0,672071007289145;
0,109788448322278;
-0,170338139284875;
0,0141829908806021;
0,0574786377097253;
0,1895597241406;
0,737482713339664;
1,00465478611414;
0,810180445761955;
0,7667339086383;
0,645155837582902;
0,108996518653634;
-0,165247682792462;
0,0130938484552956;
0,0560048296863212;
0,177740237569663;
0,700970764496171;
0,977717828502831;
0,824043918623258;
0,795121727907485;
0,659611576773699;
0,109522589238702;
-0,167977813623921;
0,0136340826818698;
0,0568149021036536;
0,186999317477436;
0,736699797485414;
1,02612367863712;
0,848865855099245;
0,788598760532621;
0,644693734115032;
0,106393731670978;
-0,163903113853028;
0,0134415457630551;
0,0553835326594935;
0,188994611612177;
0,732352034173163;
0,99969296845979;
0,816447941192343;
0,785130795522733;
0,874653104303172;
0,838771643207999;
0,803321362909737;
0,821114549291044;
0,829886037089257;
0,829741702123323;
0,836900314121401;
0,838482235340695;
0,832189916412403;
0,828839980304595;
0,827944271345389;
0,82530456288542;
0,822862786425778;
0,822425277945524;
0,82299386861495;
0,821733146722205;
0,818466484483404;
0,819158293249843;
0,826558715958853;
0,831211464904598;
0,823922674943278;
0,812249314246502;
0,807012506635545;
0,807544415449167;
0,811561738406314;
0,815773963660136;
0,814597555614285;
0,812395643477593;
0,816372025969302;
0,82172056106366;
0,819306698255493;
0,809909153428003;
0,803427328710736;
0,805309639394782;
0,810747822292763;
0,81083341473804;
0,806878872512948;
0,8083645785785;
0,810471677986483;
0,805056463334417;
0,800545377266248;
0,802413750439961;
0,80346442221552;
0,799030751852103;
0,789876572020934;
0,784003163687494;
0,793903499330066;
0,814248591104991;
0,821852137980672;
0,810049354706153;
0,796295420733515;
0,790139811324765;
0,784791038655816;
0,777857348288477;
0,773736290294781;
0,774761836062911;
0,788263285508855;
0,812839333750126;
0,823322413957775;
0,813844751037977;
0,81304001022123;
0,832358068244554;
0,849773183815847;
0,863670376159435;
0,881573195144804;
0,863722585310488;
0,815136417542331;
0,802910413859547;
0,81954787951404;
0,823010946695313;
0,817850381872091;
0,806984554226166;
0,788752627441677;
0,776676678375454;
0,778682679601585;
0,792943668328229;
0,806609061863421;
0,80425974389796;
0,796038303584825;
0,797587103097225;
0,808165074344696;
0,8279153644484;
0,841462494934497;
0,826755192215476;
0,804614644259492;
0,81232923675733;
0,841266735960937;
0,866431827254955;
0,894103468517124;
0,925460360812589;
0,945126285187431;
0,955747662209121;
0,970025321566782;
0,997438564694885;
1,04954364082466;
1,1466956239398;
1,29753264690466;
1,43677382184635;
1,47201845000403;
1,40210920464908;
1,30666504728788;
1,25096798667695;
1,19679541449875;
1,06362740502577;
0,883308214008561;
0,755348440631868;
0,724667355436138;
0,742803274300347;
0,74893516506838;
0,771384926369185;
0,599087049933397;
0,0991109123979384;
-0,150251190041281;
0,0112004312296439;
0,051328992734361;
0,149187766689599;
0,587102103739225;
0,802907445421306;
0,659564417754386;
0,647188823252437;
0,547946865852887;
0,0901552017712327;
-0,140198283495743;
0,0120539399710416;
0,0471003088770596;
0,150326431890199;
0,658181975795688;
1,02440764186628;
0,858521619601827;
0,601780526671825;
0,407000966264035;
0,073554855774462;
-0,101353059174942;
0,00456757788479593;
0,0359718815390856;
0,208481553078173;
0,79629520279267;
1,16771492707198;
1,07814083772123;
1,07015553861906;
1,16590319602715;
1,12569353511598;
1,06071705714362;
1,0408741112336;
0,987800249340432;
0,886587626746532;
0,792538375613818;
0,737040472767529;
0,712702178952073;
0,719151884021885;
0,765481833906165;
0,829970849679372;
0,876651322207682;
0,893316720828051;
0,886361022805088;
0,864316197587561;
0,837559767911288;
0,81737533436258;
0,805203787527197;
0,79515214904928;
0,787920733624009;
0,78478841234842;
0,78259136982668;
0,783470889128664;
0,79195394535642;
0,808356091067796;
0,823283144762042;
0,825586690508798;
0,823827587082539;
0,82961722745094;
0,834367506064587;
0,827965255638822;
0,816943070970858;
0,811421397494935;
0,809158706201712;
0,807000634976645;
0,808006179190784;
0,808384961268512;
0,803959021579698;
0,799570174114105;
0,79858604843477;
0,801207408764138;
0,808887085959252;
0,813596698358635;
0,803665103073091;
0,790168803713357;
0,788271872157248;
0,794411078661393;
0,806618818388814;
0,821003448207863;
0,824094197399731;
0,816167152280315;
0,811792437062366;
0,813096442819919;
0,814070657759275;
0,821107979714587;
0,836021999897571;
0,848382410699502;
0,852217972433605;
0,848655260178001;
0,838032774274963;
0,823701228294018;
0,831041047503297;
0,874704748027933;
0,934352607354934;
1,01130948437261;
1,09404506318448;
1,11506399793239;
1,06893933694292;
1,03226841722951;
1,01414155340738;
0,948816169641187;
0,855416141728831;
0,795721402936095;
0,738831547299096;
0,661900247161297;
0,614234908154012;
0,620320481933629;
0,634484617189406;
0,622222509850183;
0,457247525889836;
0,079511696464297;
-0,111940524086285;
0,00533783098235381;
0,0396575621458178;
0,195193477899697;
0,690151853320878;
0,823969796884556;
0,489966613507098;
0,447259625697331;
0,696271093807567;
0,790336315991898;
0,716664884041572;
0,629144316489986;
0,591172690658396;
0,592243972951697;
0,579214433608714;
0,538554723836218;
0,541068803799402;
0,591498034737241;
0,602365508479928;
0,554184889308016;
0,463659632773356;
0,38034778108159;
0,548446047993532;
0,703331809344663;
0,234902208700618;
-0,202158085773717;
-0,0219805070155473;
0,0847313565767156;
0,349772265926811;
1,27353883293021;
1,73928451667746;
1,34996695068217;
1,12436396469328;
0,902317948208596;
0,162509684722419;
-0,229819595632779;
0,0133186967701636;
0,0800979913066002;
0,13118048598145;
0,604389935925735;
0,952487094331388;
0,939077370789129;
0,942321429331405;
0,947662124851596;
0,867895598354536;
0,852072438658172;
0,882099027298639;
0,873030050301127;
0,847689051756687;
0,8160276189757;
0,782949989676776;
0,781823947323663;
0,803633862809284;
0,823160332188695;
0,836279868803545;
0,838452559709464;
0,827711449616345;
0,806915565428403;
0,783246374811112;
0,772586072410518;
0,782460774040106;
0,812290084026724;
0,847959426504601;
0,85222804264618;
0,824979629728125;
0,809332150349057;
0,813151795387903;
0,828129002091671;
0,85351896496359;
0,854582475474807;
0,826923055181906;
0,810416895677292;
0,805755591218361;
0,805188815099352;
0,817757402263505;
0,835419663090564;
0,843571062832764;
0,842202893631958;
0,838371988675673;
0,834570104326227;
0,831353899106358;
0,826059938731223;
0,813280104197537;
0,808205198402579;
0,82703161065395;
0,839535463519036;
0,826215154119711;
0,810164026039002;
0,595003863834854;
0,0939801095862016;
-0,145570694488132;
0,0108926377889907;
0,0498213411950934;
0,186022864873751;
0,71886842680453;
0,993455559100149;
0,818077938882355;
0,770816466689168;
0,844411115849802;
0,797755341809765;
0,7657433903487;
0,807174896304329;
0,829668480575166;
0,829363087227891;
0,832710773306778;
0,823164434882628;
0,80346016093518;
0,794130990613204;
0,797936499801689;
0,804375057062465;
0,812343181920663;
0,823678396624423;
0,833813379003355;
0,843652363761907;
0,84478961655933;
0,829423592451359;
0,815494167076417;
0,814709677384368;
0,82110308305435;
0,82994365780013;
0,834419491376912;
0,833219883337812;
0,829127548699263;
0,821284343430944;
0,824249576164703;
0,844015951809936;
0,851696501691467;
0,838947017740963;
0,830789057711636;
0,832351753305051;
0,834667502932455;
0,835592878145255;
0,833006059594926;
0,832206600554391;
0,837439235461697;
0,833850927464324;
0,816542058016275;
0,812760975379543;
0,83036532631303;
0,843189768618282;
0,847204016648603;
0,851047341330463;
0,843779211196379;
0,822417394821153;
0,802675141401791;
0,800376155040295;
0,818697189679827;
0,843447151347161;
0,63780811706826;
0,105460616466675;
-0,157228441622856;
0,0103698715813855;
0,0543938689825509;
0,183319329751945;
0,712649303220945;
0,98379947714057;
0,807578170406344;
0,761526090322669;
0,63511301257728;
0,107853368904891;
-0,162395214133564;
0,0124948370027602;
0,0552118252061823;
0,182963107063867;
0,711715997785807;
0,973026388457518;
0,787317007714933;
0,740120151041935;
0,818547527712009;
0,798322033592525;
0,789908427128584;
0,825052902523553;
0,846445810721985;
0,843865070810404;
0,822482198662951;
0,810309220132502;
0,82369329983496;
0,833016038476287;
0,819224749771406;
0,79526141685588;
0,778428802227848;
0,786923092648403;
0,823917038301268;
0,85192687949014;
0,84203831464403;
0,816772546170812;
0,794841645671005;
0,775794634025599;
0,770599729933904;
0,777801790955844;
0,787461463766298;
0,800388477927452;
0,813097802198396;
0,809236748053426;
0,784144556705912;
0,777478152277987;
0,801300796097604;
0,816424926484426;
0,822375038882757;
0,830351343701868;
0,839400248457461;
0,876063297535584;
0,936834594331555;
0,976372742192832;
0,9880140673491;
0,994378050827694;
1,00563212995197;
1,04975576726302;
1,16106568340122;
1,30134177844921;
1,37825890445095;
1,36347087910897;
1,3269942765493;
1,34544099330847;
1,38986910042811;
1,330803056221;
1,12507979370857;
0,902138156449369;
0,756663399231868;
0,666763948349677;
0,660875839515106;
0,76878033908723;
0,864171471652439;
0,80559198802582;
0,638886452428026;
0,537642936794986;
0,580438580886868;
0,691703073049478;
0,766356840128059;
0,734689741558433;
0,625347510594651;
0,547045806665177;
0,52441817568939;
0,509138124720731;
0,507353587039311;
0,523833406875537;
0,500879398623905;
0,446027470739557;
0,450612248324211;
0,475185091424574;
0,448292538345687;
0,555373150065951;
0,915282643484637;
1,22033020541324;
1,1003830753831;
0,646301871111883;
0,367034415413647;
0,53868581196671;
0,896458380163975;
1,13376124961668;
1,2301445872226;
1,24656020103053;
1,18757225524285;
1,08120279227075;
1,00692348530877;
0,987103717944373;
0,959447568249314;
0,886196898746866;
0,806887362943288;
0,764954909273145;
0,756122391151448;
0,75538112019431;
0,7463078605947;
0,548042747576186;
0,0888919491533747;
-0,134034291939005;
0,00902325996731198;
0,0463209660174447;
0,201276372672792;
0,75832855360996;
1,02813859836658;
0,822659440436572;
0,762627747771674;
0,637678804586095;
0,107755785446271;
-0,163420397665897;
0,0129833269224897;
0,0553677518440705;
0,163201479951822;
0,640106896832051;
0,871974909368741;
0,717437832958438;
0,720508940425416;
0,817986875854493;
0,757848418651349;
0,697127203243218;
0,731842557322596;
0,779313925411813;
0,805263328320983;
0,810317464554957;
0,788921161047626;
0,77262050848381;
0,782647109795993;
0,794301079453946;
0,785924751425798;
0,776216116519704;
0,789260550884934;
0,809474368990331;
0,819038605106936;
0,825239111065089;
0,83127539949325;
0,833967686663471;
0,829785072934137;
0,822271794515685;
0,82334446355276;
0,831147784614421;
0,834658469296865;
0,829546814926491;
0,821780157916553;
0,822027636693071;
0,832755944156463;
0,855483112005845;
0,884273271690823;
0,668660822123838;
0,108990720267351;
-0,164761296878429;
0,0114922668058204;
0,0567245026721042;
0,252914188388962;
0,947061418942289;
1,27515703768325;
0,997025268655925;
0,857182943429513;
0,662229123262243;
0,0929371770848163;
-0,165307124019611;
0,0189406038230768;
0,0535590136393818;
0,121773191190539;
0,525260735239325;
0,796757088793944;
0,772880882357275;
0,755048292821858;
0,56056714819973;
0,0772885140881792;
-0,13585524957209;
0,0142634799940719;
0,0447173963329282;
0,0736868135344923;
0,348950413307898;
0,566542592432813;
0,605282396524992;
0,628821616797505;
0,46207129584798;
0,0565663148231965;
-0,111137707074925;
0,0142809123547321;
0,0354483969198257;
0,116794735509623;
0,48671776811931;
0,830671419683297;
1,11787351144657;
1,41076096916627;
1,32126493687322;
0,957260237140864;
0,916880003122573;
1,24872082674945;
1,50905749461509;
1,10628449948696;
0,13019215750786;
-0,264924036218126;
0,0357307637277112;
0,0837868238768529;
0,241803311442208;
0,95683209232975;
1,24992624227321;
0,92874618055732;
0,839713261992211;
1,0335979139188;
1,22840429264601;
1,23580135055647;
0,990574243671465;
0,769947340494243;
0,671183197738701;
0,629725282558345;
0,668938901875095;
0,760474168708454;
0,843689287270665;
0,663839193973398;
0,116081481708411;
-0,165319973378931;
0,0090954105212414;
0,0579445174902642;
0,200123905389219;
0,766616487657293;
1,04520282175679;
0,854258475906147;
0,825385870885436;
0,923152411395897;
0,886258157814688;
0,842524314917916;
0,849694429437057;
0,852185274705136;
0,847644910217402;
0,851493041664232;
0,864171883828078;
0,880764016515895;
0,890320100367704;
0,883991610522277;
0,866230198518002;
0,854762747002104;
0,863506337488438;
0,872920673002686;
0,852902506890572;
0,826609098232035;
0,834253979390654;
0,857880725532658;
0,86608291365752;
0,865724280473815;
0,865704877308856;
0,86024641567249;
0,848496977966754;
0,840568352094371;
0,846111439909471;
0,85367606477416;
0,850961801730416;
0,85324414952415;
0,866476621066128;
0,648541122415508;
0,1040093654871;
-0,159375932299351;
0,0116173705537819;
0,0546612471951624;
0,199193774911588;
0,76378593761758;
1,03297135118944;
0,814000050096107;
0,748658426440189;
0,628705677155199;
0,106456299609689;
-0,161423547489951;
0,0128839326518414;
0,0546560381640945;
0,180273829704213;
0,701280776461973;
0,965161504800575;
0,809629165894857;
0,794811780768465;
0,660979086773905;
0,105551251163736;
-0,167985376417893;
0,0152365201651331;
0,0561166754971902;
0,178306008936946;
0,704882839565464;
0,977049407994874;
0,810532062738769;
0,773956808943357;
0,858653955001917;
0,836822880869628;
0,805613746515701;
0,809690215915921;
0,811928898880536;
0,819581240227164;
0,829091409262601;
0,82151825451736;
0,81515948820503;
0,829862735695876;
0,629376307097454;
0,104495670464733;
-0,155455152142712;
0,0102279463575183;
0,0537821672302302;
0,19255515493494;
0,738884007915217;
1,00773019841949;
0,814216001624643;
0,76037821391295;
0,84117867469532;
0,823639219381845;
0,799954114766308;
0,813840720540677;
0,833079556367633;
0,839561057163883;
0,822955818236816;
0,801250381723143;
0,795971379407506;
0,805925217973379;
0,821159793063401;
0,835718779883453;
0,846359684243086;
0,847002784036029;
0,838579495980789;
0,831704270366722;
0,82705218376131;
0,816818710078438;
0,80812357910092;
0,811730726906607;
0,608779924449384;
0,0999343978025331;
-0,149951205295903;
0,0101342503504323;
0,0517715459116403;
0,187486512084562;
0,724112111086718;
0,99965921859794;
0,824936084094361;
0,782434165479108;
0,651994650441129;
0,10949816615161;
-0,166639826210004;
0,0133008553697862;
0,0564442836019707;
0,184581285129828;
0,725411948421133;
1,00692783778716;
0,832383249212862;
0,77990463973033;
0,64040156861395;
0,105249302343743;
-0,162887157013873;
0,0135794368286855;
0,0549398471201033;
0,179444286680648;
0,709253265269337;
0,992538363389691;
0,832724369771614;
0,791547936616035;
0,876341578122082;
0,86094208839806;
0,825925088789093;
0,809111331107753;
0,785104331506074;
0,78158655304891;
0,801401190050877;
0,809562036146057;
0,800314143726615;
0,795198561234724;
0,796841238110627;
0,789272287760343;
0,782290934987795;
0,788730881840852;
0,788556733695974;
0,781237560966417;
0,793719728815299;
0,818276982527503;
0,827083191266598;
0,825475870555604;
0,615598718634414;
0,101600099251071;
-0,151567468129084;
0,0099807721896822;
0,0524480840676389;
0,195217845186368;
0,75189570333794;
1,04739152690671;
0,900832053108737;
0,919279228281803;
0,801875340341381;
0,147518555586819;
-0,207289531606041;
0,0122911361510367;
0,0720322108672573;
0,356798602836783;
1,32561494201609;
1,80045198644007;
1,47170848410149;
1,34301578906771;
1,27680727521555;
0,889805067408073;
0,576815064112949;
0,503604729972015;
0,562298251426964;
0,703011450544594;
0,784058873237496;
0,697200890291017;
0,568177212908527;
0,551221324073623;
0,448200696795636;
0,0841033760802266;
-0,114477570696452;
0,00537491758235087;
0,0404477487862294;
0,0611025147505047;
0,248997228921619;
0,301467199606449;
0,174723009234807;
0,143684453677823;
0,134044487284771;
0,0208051157103191;
-0,0352693881946673;
0,00403725759688805;
0,0113744319423253;
0,252600535290248;
0,69457747083748;
0,525452031479767;
0,164099878224185;
0,570543378858802;
0,793377947215325;
0,147985636739684;
-0,219405721196136;
0,0195664627580922;
0,0729167539889091;
0,280732241090693;
1,07774181650155;
1,46307012169857;
1,15484218317426;
1,02144752621555;
1,05360209501369;
0,91728234766003;
0,796614845456486;
0,761332513012697;
0,715398630821299;
0,663102236461476;
0,636290680980093;
0,625290048302655;
0,629615714426276;
0,657166501845162;
0,510059371645921;
0,0877842854832308;
-0,126986306533283;
0,0075604344607612;
0,044254977620651;
0,207362209653075;
0,784638710279334;
1,09375304504253;
0,922285803955185;
0,862335852873648;
0,920373597111746;
0,86860424122761;
0,820883110297834;
0,819655927024769;
0,806963447317775;
0,789581413657504;
0,781499913476747;
0,769904839337008;
0,759376301170349;
0,762692153922322;
0,773210558624622;
0,775224385524617;
0,76575360263586;
0,754301454388156;
0,747214571851422;
0,747416950531518;
0,757927896564249;
0,773971257523297;
0,78587326999303;
0,791732152247393;
0,590831970303312;
0,0967583572227108;
-0,14525525368958;
0,00977358978252152;
0,0501778445459483;
0,189627129761571;
0,725105740121646;
0,991200197370147;
0,804690986951078;
0,750274708492714;
0,821286203774311;
0,791056594163866;
0,76598378862441;
0,783360386745912;
0,786908691340122;
0,7817183729078;
0,791522918221172;
0,815702886351735;
0,844365876068797;
0,872079890018612;
0,6637696750475;
0,112157217304179;
-0,164137596994121;
0,0100720125811059;
0,0571029974001335;
0,217035690955567;
0,837411494837847;
1,17434090362855;
1,00468094029468;
0,983927991846607;
0,986652321913471;
0,654662302601663;
0,420727465942077;
0,503747020048085;
0,581057617973275;
0,582719639692671;
0,583540146795244;
0,613672542742832;
0,729507189482456;
0,827980323600588;
0,810187020459853;
0,758696662229266;
0,734350695199913;
0,685519296549547;
0,581743327968753;
0,485583577135958;
0,500877698923908;
0,631456710316075;
0,722771731464456;
0,661810471233649;
0,40774262416663;
0,0435784398302157;
-0,0926657465875892;
0,0121548197287922;
0,0296156115155529;
0,10068337375648;
0,39961702590311;
0,564613968566537;
0,514554373077219;
0,541158597646515;
0,449137250082576;
0,0710203442065984;
-0,113402934536206;
0,0102201220812416;
0,0379341713234705;
0,429086777799627;
1,49015336286172;
1,88245445009738;
1,32769512315332;
1,11375217011419;
0,931574496649844;
0,147948523558806;
-0,240009677212379;
0,0236954711751523;
0,079225894172257;
0,128053275156968;
0,566712612791151;
0,802811153260649;
0,719292252036819;
0,795270621404044;
0,913853330390675;
0,876486532762475;
0,850693301748822;
0,882696009994811;
0,89668190024881;
0,882160683768644;
0,853204412003987;
0,820779586529579;
0,799461664132557;
0,794001769016396;
0,593057421378719;
0,0983147291438783;
-0,145981266595863;
0,00941092958877474;
0,0506057901094495;
0,179929902243169;
0,704700402421776;
1,00293654108105;
0,871817273467312;
0,828879428057712;
0,66390583817679;
0,10524821369783;
-0,16719930416328;
0,0147458166668505;
0,0560854345176171;
0,179490368376133;
0,712676554575978;
0,995841397955267;
0,831739116725752;
0,794466787640524;
0,666481007686655;
0,115671594654943;
-0,170812483768962;
0,0122900683404826;
0,0584401767898007;
0,17151396800315;
0,686051109151913;
0,970330788440573;
0,829212078024307;
0,794463288362309;
0,863653509737042;
0,83325271799211;
0,805462034933115;
0,821743910597033;
0,83305473505891;
0,83208990734234;
0,82703786793911;
0,825945085147176;
0,831066245859479;
0,831646724359209;
0,82965220818178;
0,834190718843428;
0,84170989896529;
0,849335760424063;
0,849284761514839;
0,828613079176365;
0,804164762294328;
0,79842779821086;
0,803116350981523;
0,805789895750812;
0,597495482629658;
0,095326525197543;
-0,146588052185661;
0,0107717259606721;
0,0502444452249416;
0,184036504785775;
0,707502149319442;
0,968621118036504;
0,790792757586402;
0,748034121244053;
0,83165728338874;
0,81674887153964;
0,802683522893183;
0,81815377559794;
0,812404571094981;
0,802400153535283;
0,807282823764427;
0,815609600300664;
0,815642091857264;
0,808935277025006;
0,805298992947652;
0,807966905737333;
0,815206627769423;
0,826337198614353;
0,838615228256108;
0,835693230203502;
0,804524241448653;
0,776107487578812;
0,784087597371335;
0,812431370253448;
0,834683581913169;
0,843384558780354;
0,838953477027208;
0,825000052777852;
0,812072043842719;
0,811948253676099;
0,821786422880919;
0,827456695464162;
0,820997504141063;
0,809360862815118;
0,804934489196578;
0,809891701326814;
0,816781403485596;
0,818207482363144;
0,813430840601213;
0,807279650982586;
0,802995319448616;
0,800961572739249;
0,800682190929907;
0,802804940413292;
0,599616450260482;
0,0986502225625119;
-0,147523908433682;
0,00979064299381134;
0,0510183831398782;
0,184667823801695;
0,71058300456429;
0,976647349550272;
0,801007851158057;
0,749994782974753;
0,820135452049333;
0,803650482210984;
0,789370477224079;
0,795301913877006;
0,788056131690631;
0,784738708363739;
0,794535081374802;
0,805945347221375;
0,803881593589431;
0,788700348314079;
0,77932880102617;
0,790771751932195;
0,80940669161007;
0,806739229287437;
0,782917349311744;
0,757932937269681;
0,742314507619167;
0,748233604462963;
0,780912068056327;
0,813575547870579;
0,610947622082358;
0,0973669863263114;
-0,149926434604961;
0,0110808172268344;
0,0513592393655642;
0,187794308833643;
0,728241978558472;
1,00328441011267;
0,80993477524074;
0,74051588869775;
0,61099601175582;
0,102151936452074;
-0,156232678453559;
0,0127000825389928;
0,0528150463193585;
0,171320987303551;
0,672689535261282;
0,933796867608809;
0,782652852793122;
0,755158080218878;
0,836561255772353;
0,817816600417112;
0,800616983831357;
0,826586363496074;
0,840275722750091;
0,825916719252513;
0,809657095106014;
0,813727976695927;
0,828563156958221;
0,843849118220604;
0,638010422203174;
0,107253335517087;
-0,157634206984417;
0,00983656089421414;
0,054771938969467;
0,292820470514812;
1,12947468352989;
1,66406883052834;
1,54664479155454;
1,50265286947784;
1,17667705954626;
0,179549332263639;
-0,294001167817848;
0,027734138759377;
0,0978884848522625;
0,276433816972464;
1,04856243517363;
1,29277172870196;
0,843834779564147;
0,711939826747757;
0,609518850692672;
0,0888587195595787;
-0,156457654360215;
0,0185200145558042;
0,0502988090064661;
0,187408358701525;
0,709299246550353;
0,902037404899942;
0,601370442453283;
0,441498370720489;
0,338929529780932;
0,044295118214485;
-0,0852728490112643;
0,0114590410398017;
0,0268586677086647;
0,232166240027647;
0,748773345699635;
0,806901995394562;
0,516590095775016;
0,704349235266102;
1,06540327911844;
1,12768021644636;
1,10056844137009;
1,09600055774808;
1,01003223434002;
0,893327515677641;
0,859247066768443;
0,875182498979677;
0,887618746783313;
0,887006304500829;
0,64734542278307;
0,0986057733680231;
-0,157551129632357;
0,0129105002618269;
0,0534493294959289;
0,182748392941458;
0,698634886818519;
0,92337333662492;
0,696323976194675;
0,631385686878525;
0,540694347788267;
0,0942646997994684;
-0,139609687031069;
0,0103891419185941;
0,0475816820304885;
0,171856094246805;
0,671252533601911;
0,946377900974239;
0,816941954147294;
0,802101175804341;
0,872166468157453;
0,799839569297545;
0,743466738202124;
0,774970289822439;
0,786798325750017;
0,768523632820566;
0,758149780628761;
0,745917456710202;
0,735331218236716;
0,741665639530565;
0,560145758340908;
0,0930839666719539;
-0,138302503082351;
0,00903753965117973;
0,0478770003849491;
0,17080216211919;
0,662450662585494;
0,916070375160507;
0,741721111933359;
0,667550641016135;
0,5406928048079;
0,0887187733262051;
-0,137393038407467;
0,0114488893287322;
0,0463472195325988;
0,177642187574767;
0,679946430963612;
0,924404761644606;
0,745297406561032;
0,702384755935947;
0,793156797639789;
0,798423707388328;
0,807733015156998;
0,84643108205867;
0,859041975029894;
0,850001495473845;
0,835553583845633;
0,821608576940996;
0,818697970152852;
0,826351948475321;
0,620308311192124;
0,102700560921456;
-0,152733054319948;
0,00992429824805401;
0,0529103593238722;
0,249282273052769;
0,914489856762145;
1,18283083719381;
0,842857266916806;
0,696955210943215;
0,760053362346253;
0,71070767009006;
0,647512896276511;
0,609626402393742;
0,554781643014255;
0,568797473964118;
0,677395025374724;
0,70253798638791;
0,602681710577555;
0,537456940038592;
0,396521753344033;
0,0638381194778218;
-0,097958539781145;
0,00729646798191601;
0,0335119166716772;
0,200091496219758;
0,731754050951854;
0,966182776200568;
0,704683361283328;
0,519607765007916;
0,506369088208231;
0,548021426533963;
0,606924892109193;
0,585863534670678;
0,556859279329477;
0,569587703927831;
0,557971080100538;
0,503531373082842;
0,486214746306286;
0,814902748911553;
0,544179830278734;
-0,492220095476859;
0,318415835371562;
1,73082548689447;
1,33496727205557;
1,21160932761736;
1,5997977419428;
1,27198997584421;
1,01935428106192;
1,0811107587672;
0,995424503872208;
0,886361546140982;
0,922549375052682;
0,969452770259931;
0,956604164011098;
0,908940211126801;
0,839655969098637;
0,795302122600832;
0,82629432116743;
0,898379890539814;
0,701313962242983;
0,118797487469861;
-0,174027723250499;
0,0108665746808918;
0,0604420422616194;
0,21360495985462;
0,810794315977732;
1,07848206421397;
0,816659373783854;
0,713786647259362;
0,586644122408431;
0,0958827128013713;
-0,149650660220371;
0,0129158962946003;
0,0502671997952975;
0,189124869838575;
0,710566043065699;
0,928826069682158;
0,712922276457484;
0,696753581892786;
0,617764197064927;
0,108741729196407;
-0,16044329120897;
0,0119700994936068;
0,0546414169222961;
0,189347045817949;
0,72943953827281;
0,995010442396894;
0,810464557284033;
0,765586417545836;
0,632034016927236;
0,101733957758739;
-0,160646754706699;
0,0142399826789154;
0,0538114847952899;
0,185289131382798;
0,72013340604914;
0,983762060925136;
0,798592797883308;
0,756820034576088;
0,845541995795343;
0,830259537981242;
0,813545377261248;
0,83154440917819;
0,832985155817212;
0,82772945444248;
0,829910660991722;
0,823056345221631;
0,808480694957727;
0,811367175962485;
0,832166945917122;
0,840212060917386;
0,82266513533328;
0,802041761740227;
0,799175869995164;
0,807850862539453;
0,815358981739274;
0,817657493479646;
0,810934862582134;
0,799576625704905;
0,590131217401328;
0,0957520319537333;
-0,144773371554926;
0,00995933330328772;
0,049924027546805;
0,18179612643935;
0,703236891333641;
0,975527461452938;
0,809916814608289;
0,757671605210036;
0,618125075366534;
0,100194840221206;
-0,156864657226551;
0,0134890175607427;
0,0527363806242067;
0,172166907784287;
0,673224970908816;
0,922472096365599;
0,752833691947878;
0,716697117153194;
0,599121665298255;
0,0992471329400596;
-0,153067753938747;
0,0127668612421533;
0,0516051071855503;
0,178305154351024;
0,690506902466338;
0,941349325995822;
0,761336797599654;
0,719366158654039;
0,602716920834834;
0,100930363208531;
-0,154184982389948;
0,0124994031012583;
0,0521359661418139;
0,173658195925071;
0,681642837877222;
0,949133188312677;
0,794339385525149;
0,754517688549619;
0,824285539792944;
0,800224400174237;
0,783227338926279;
0,799557617214151;
0,79906255019556;
0,796663352656058;
0,801524653787598;
0,797045459426535;
0,785829193548204;
0,781875978760324;
0,787776697954774;
0,794541467217236;
0,793482400541346;
0,788164012074969;
0,792773912284744;
0,808583225628042;
0,814638565545247;
0,802020098955222;
0,789833552231588;
0,787642213381798;
0,787277645468025;
0,79024317554779;
0,800836092732106;
0,810960171381943;
0,814453330402938;
0,812854999374518;
0,802780235988869;
0,789408869342926;
0,789815498097694;
0,799018186772378;
0,797643093738482;
0,791552927331482;
0,798313645247938;
0,810119827040254;
0,809311076543382;
0,798960501671745;
0,792333231242679;
0,793999538293507;
0,800869190861497;
0,806970762571469;
0,806165365072955;
0,801427531942109;
0,799313064844853;
0,797245656025008;
0,794705044850084;
0,796190389026619;
0,800613810059497;
0,801560028687985;
0,79685339837378;
0,794029541907896;
0,795317714960583;
0,795136327978075;
0,792629919036245;
0,789564473568569;
0,785956315379697;
0,779578219911323;
0,773193343772039;
0,775161959872022;
0,783554124773792;
0,787537989125325;
0,78500634407221;
0,781351136614081;
0,779176799515074;
0,779215106741436;
0,782338775317029;
0,787949433795927;
0,790416305175758;
0,785791352834549;
0,782133711897214;
0,786119642877987;
0,792255135903348;
0,794169343892364;
0,788919201267799;
0,778330313785743;
0,773016310525374;
0,576627209849357;
0,0949921992504251;
-0,141973537116835;
0,0094238813030407;
0,0490949547173669;
0,174267023004348;
0,671378213069936;
0,921728262550154;
0,759145664511856;
0,732241888450022;
0,825571242438955;
0,8146070393392;
0,795473793472714;
0,802987600463309;
0,792550211449108;
0,780817336693646;
0,780764917705118;
0,781768270378069;
0,788222684410971;
0,799397376035525;
0,801458597893122;
0,79501957624609;
0,789067949717636;
0,783028675515644;
0,778128389218899;
0,781785122343259;
0,792948363697072;
0,800950723450925;
0,800229988194424;
0,79625024038993;
0,793430006270442;
0,791131850705734;
0,790312356989293;
0,789263355363105;
0,786251077663464;
0,784166102289027;
0,787624430564695;
0,799284957243368;
0,808336776744126;
0,803565629906267;
0,791276095277595;
0,781855042793352;
0,780184653695853;
0,78697483555463;
0,798685685826067;
0,599960098366185;
0,098483334149264;
-0,147764014134466;
0,00998028666714864;
0,0510195819577305;
0,179410128875753;
0,695479122121671;
0,962007180602612;
0,7918819793534;
0,740459490007083;
0,81412981913492;
0,796049845738345;
0,774513202708941;
0,785766123872313;
0,787960888776469;
0,790404888049778;
0,800669950735738;
0,806056817250243;
0,808265208847968;
0,808578256098204;
0,800451192749901;
0,786115506622697;
0,775768597771773;
0,779761773746287;
0,797697791698571;
0,812493228443418;
0,813224040238199;
0,807512084513989;
0,801545121947573;
0,794922260412613;
0,792080693705525;
0,797948017255819;
0,806795871614839;
0,808453251632767;
0,803779310215898;
0,800324816911172;
0,80060596048573;
0,80611556687268;
0,814380082254654;
0,815800421992417;
0,602026491180387;
0,0957893855670457;
-0,147338386608042;
0,010754537627293;
0,0505447906093838;
-0,0254178821482226;
-0,00725235717522322;
0,0120617559267794;
-0,00247262746985941;
-0,00325190398900112;
0,204169913396423;
0,689959958159292;
0,924231246998194;
0,773520932617259;
0,740847885079675;
0,615245996646955;
0,103396315194901;
-0,156958906676578;
0,0123551656576853;
0,0532504048954306;
0,176305445506083;
0,688293233171203;
0,948019654476216;
0,780455233474136;
0,745691587623642;
0,624275073199218;
0,104940251710926;
-0,159610322381816;
0,0127261457664325;
0,0540676735887551;
0,177237800286467;
0,691968399530769;
0,948689295037043;
0,771127185621849;
0,731047789857397;
0,615298164673043;
0,104874596491174;
-0,157721594215067;
0,0121689629918762;
0,0535963571941565;
0,175051120711517;
0,686341464057902;
0,952290345385275;
0,793969334216537;
0,759141091335831;
0,830878434527305;
0,797390507655874;
0,779360120218117;
0,810031354404215;
0,816557417406096;
0,598453614863389;
0,0957544293136677;
-0,146151778120771;
0,0102854662792808;
0,0503170294491492;
0,181572037079676;
0,699230417964965;
0,958749928431264;
0,783825524574487;
0,743481398871492;
0,622443239800368;
0,104921113058123;
-0,159251051338751;
0,0126299595549363;
0,0539727377482873;
0,175556632640921;
0,691980688155595;
0,964936871070492;
0,805040041689089;
0,762670609752304;
0,630343629752551;
0,105201516047432;
-0,160657857802595;
0,0128789847856067;
0,0544065771265053;
0,179875005859439;
0,702400559854562;
0,964963966308012;
0,786304458354614;
0,740740716341275;
0,617674546974005;
0,103531054845409;
-0,15786680528531;
0,0126856894154372;
0,0534349675927621;
0,174197483764657;
0,682325604568579;
0,943467481003376;
0,784542571173572;
0,754322738347242;
0,833773153826927;
0,80389650571042;
0,773165169904116;
0,788354278907409;
0,802557365257965;
0,812090954961678;
0,816097658908708;
0,803240390559643;
0,783392300513399;
0,776101444920494;
0,786629917080069;
0,803264726388397;
0,81227600949339;
0,810724478913277;
0,80181766887775
