0,848280994327942;
0,854462468928931;
0,858144600192189;
0,85784907190679;
0,857294689775136;
0,85348626629154;
0,843546834977077;
0,837404497000427;
0,839884035029463;
0,842920300762322;
0,626856085844714;
0,102061830396229;
-0,153879162792815;
0,0104866651494483;
0,0531051108322596;
-0,026414589971778;
-0,00774184645834768;
0,0126205684756783;
-0,002532624582704;
-0,00342541422593436;
0,219521882576645;
0,7431631671113;
0,997514222019947;
0,835027455528604;
0,796340875820144;
0,878376366441231;
0,856048132833626;
0,826461580856517;
0,831952502255099;
0,826884843857291;
0,822009041968075;
0,830148845208512;
0,837922226291223;
0,844248440220283;
0,853717197882746;
0,861767756432544;
0,863559477426062;
0,860148992118852;
0,85620430481219;
0,854032545041223;
0,8552288654906;
0,8605532996984;
0,863134816636442;
0,857434088665504;
0,847810377148493;
0,625061662694322;
0,100517494623177;
-0,153133397439671;
0,0108085810579826;
0,0526916755931948;
0,193373547376739;
0,743762813553428;
1,02186397572763;
0,840491096774027;
0,800210776966861;
0,669346498255151;
0,113015190994688;
-0,171140406072336;
0,0134384758427651;
0,0580651310061104;
0,188780619162432;
0,739326482135832;
1,01883042487278;
0,834445639149596;
0,788905427477986;
0,876005751922919;
0,857684426020341;
0,83684615686468;
0,850883609858916;
0,8495121467925;
0,844866152003301;
0,848480943478716;
0,844793093279323;
0,839245077072383;
0,841384671727303;
0,842415043619049;
0,842688522578373;
0,846429115582793;
0,846809412439725;
0,844479274929174;
0,845625830377382;
0,850269141661286;
0,858291772790596;
0,865735293339178;
0,86513222174481;
0,859552583581471;
0,855850027790305;
0,852753521278844;
0,85017557636743;
0,851218010339925;
0,852050438728457;
0,849660193024712;
0,849987210184715;
0,854680094496445;
0,85874215268486;
0,857676964844601;
0,850966969893646;
0,848647173454761;
0,854585678571472;
0,859288295593973;
0,85592451792434;
0,847629314306344;
0,848914330869775;
0,857694214894759;
0,855828508474757;
0,846418262458856;
0,844255160106419;
0,851804697917581;
0,857984128357102;
0,854631994845835;
0,845475340024725;
0,838842765817024;
0,84090444524066;
0,843842819436365;
0,837933993798716;
0,832477999776386;
0,837185877650403;
0,844111786929182;
0,843421980144383;
0,836917382332495;
0,838534564687501;
0,855907999624117;
0,868771849617455;
0,864794565510034;
0,858146152664288;
0,855959047426697;
0,858634477409004;
0,864361489818504;
0,865209460671243;
0,859613397842305;
0,854620858665963;
0,85564412060512;
0,857929043093759;
0,853323288278134;
0,844704948048393;
0,840516862498804;
0,838972428183911;
0,836235096331645;
0,838451493442063;
0,848120381057495;
0,85736131952914;
0,858973535434729;
0,853569496536665;
0,8491063611931;
0,84970001169443;
0,632146116055096;
0,102294003868833;
-0,155246168056417;
0,0108800141396262;
0,0534415682455208;
0,190363660935122;
0,734720456753061;
1,01002643616308;
0,828930297424671;
0,785978705106946;
0,873272325184293;
0,852966541582868;
0,829580939025107;
0,844770213178503;
0,846287909709563;
0,845716128121606;
0,85798985232177;
0,86239831430253;
0,857076748937422;
0,855481179272478;
0,854039171112851;
0,84954022900968;
0,84692337360572;
0,845645571002322;
0,842784893647436;
0,840026032074207;
0,840591931914627;
0,843064019971757;
0,84426653332227;
0,844363922690142;
0,845511730083069;
0,848174611759192;
0,850319117902344;
0,851594236195094;
0,852469580057929;
0,850929385258093;
0,848382313549388;
0,849904093653026;
0,853166149937336;
0,853544604601866;
0,855000852609989;
0,858631153479126;
0,856856627306734;
0,847407789329122;
0,83752091763868;
0,834282106872606;
0,839379729528534;
0,847063023283838;
0,847481532298331;
0,839744871376813;
0,834365393232915;
0,83900103999167;
0,847246737572562;
0,847530522516094;
0,839660423104572;
0,618999621279214;
0,0997007169758916;
-0,151637742861835;
0,0106310110369971;
0,0522093107994242;
0,18892259330989;
0,728590376565363;
1,00406495900502;
0,830365174181612;
0,791946038493144;
0,87595613665398;
0,850309342738125;
0,8290509488108;
0,851628390919846;
0,8543377984685;
0,845043626561484;
0,844968255671756;
0,845533349963402;
0,845495598135726;
0,847870708539552;
0,850608006865684;
0,852246548351028;
0,852129430596683;
0,850865695567095;
0,848761045522044;
0,848492659540454;
0,851503886579286;
0,852835698613949;
0,850890342371663;
0,848490733490451;
0,843627546070958;
0,836751958348587;
0,838108650130092;
0,845188057884137;
0,846232360263614;
0,842190813410771;
0,837192649683104;
0,838399224283942;
0,84491533288805;
0,846242418064426;
0,848791446395221;
0,855080932478857;
0,850551429665245;
0,838953683379177;
0,836180779687246;
0,844480644617977;
0,854496290245301;
0,851313421346484;
0,839003111650555;
0,835863763205666;
0,624088574762877;
0,102169067269628;
-0,153536921186093;
0,0103996815262995;
0,0530049310876751;
0,188401236158825;
0,7277533350738;
1,00315510750318;
0,826333152404139;
0,781296806691304;
0,868158137714114;
0,860235024783679;
0,843738216170778;
0,849862255391042;
0,844353946628997;
0,841018027625697;
0,846725578752202;
0,850667938509403;
0,852147279653294;
0,853104078058843;
0,852976054706636;
0,850446123052721;
0,844630483450106;
0,840985904425461;
0,843301525670988;
0,847561660173095;
0,849380417273617;
0,845776069837968;
0,841078941882574;
0,842824623469138;
0,62894684358988;
0,102223687043189;
-0,154645203468814;
0,0107428819506265;
0,0532712060654577;
0,190172381576666;
0,734236149090566;
1,01118033636948;
0,834234322671895;
0,795708323057103;
0,882634726254127;
0,858386358384309;
0,837997744769863;
0,861310629553216;
0,864467154637067;
0,853567796113722;
0,849719823922664;
0,852361786616975;
0,8583109423322;
0,860628030784987;
0,853888262976622;
0,841867142741799;
0,841278591929182;
0,852462499110456;
0,855258497065096;
0,849462243917399;
0,844663866914693;
0,839669308811695;
0,837673468384182;
0,842911592150709;
0,849839541344839;
0,853544287366623;
0,855010139345986;
0,854751732607711;
0,850843690446777;
0,844140619286601;
0,840263995301906;
0,841973669708547;
0,847766384704949;
0,855790510909238;
0,860113556637003;
0,856087242472967;
0,849800982925947;
0,848517905183061;
0,850835129793984;
0,851992117425351;
0,852206790995324;
0,855353394851572;
0,860563429841911;
0,865970511653943;
0,872094544082556;
0,876084354138099;
0,883062569999946;
0,905139208889468;
0,936522730983335;
0,964543727175139;
0,994607091005609;
1,03520597561161;
1,0770800449336;
1,10751220602302;
1,13755329357684;
1,18891436359706;
1,2503396466465;
1,28337355937919;
1,28626574126074;
1,2944277515944;
1,30747723626792;
1,31990818051012;
1,35930149759381;
1,39503461691379;
1,02974415303695;
0,157907665940721;
-0,250907125886972;
0,0202586025324296;
0,0852455245520448;
-0,0436266096989918;
-0,0119129144743972;
0,0204786684968652;
-0,00434034674945611;
-0,00546154894741505;
0,177250624013043;
0,563804249180731;
0,659308098034606;
0,377643040370924;
0,219601672330435;
0,204371561297553;
0,163031120410836;
0,163012248003688;
0,172943570104047;
0,122658847593833;
0,0508845127466308;
0,00208299248499574;
-0,00948234501824293;
0,00173035711416683;
0,00288343135067834;
0,0558626492506128;
0,223018658662713;
0,363990111277363;
0,3709605127473;
0,348968262627287;
0,377586200737596;
0,454363172976226;
0,564759963572995;
0,661739614711759;
0,711388440477658;
0,711177816685466;
0,668778038657757;
0,63031454241546;
0,643033107159463;
0,686981790353418;
0,728117348027168;
0,767132757171466;
0,799336043999195;
0,806415970420564;
0,784401414301031;
0,562577971415165;
0,0861965606576751;
-0,136362953957805;
0,0106860450778888;
0,0464950814714602;
-0,023669223177375;
-0,00654978319067488;
0,011146627477806;
-0,00233915951876292;
-0,00298251074523366;
0,22362701723904;
0,752247066803834;
0,994340452549502;
0,807691043666145;
0,746913599797851;
0,8020727266;
0,754172372381555;
0,716534006517364;
0,735490553023116;
0,754630219012544;
0,566637355685728;
0,094099421450312;
-0,139455554365838;
0,00890936291421606;
0,0483801639919079;
-0,0238338828179607;
-0,00714981607022556;
0,0114563171394795;
-0,00225556896148533;
-0,00312760549786943;
0,00211179141903107;
0,000227154204657049;
-0,000845773336022509;
0,000273515921834453;
0,000186063611018966;
0,189569331083437;
0,655823596817172;
0,901680737133129;
0,782564260700207;
0,751577237818627;
0,611541469503149;
0,100876454679819;
-0,154937886468748;
0,0124599500627444;
0,0524793401250042;
-0,0268260725629528;
-0,00735147053912928;
0,0126040148644117;
-0,00266455934154798;
-0,00336425112310272;
0,196538598376431;
0,665161831966165;
0,893785876036462;
0,746456680597635;
0,705316715956348;
0,775575095603247;
0,760791093390224;
0,745990076363413;
0,766097537800472;
0,775537965884664;
0,577965210224767;
0,0962284882105353;
-0,142044889494252;
0,00886829239145382;
0,0493761590089958;
-0,024245716077664;
-0,00732987486509595;
0,0116778885408672;
-0,00228433741140876;
-0,00319431831764586;
0,20647811342886;
0,696558814571505;
0,926470559231325;
0,760894161773807;
0,713670158468945;
0,77888126526865;
0,752147225670923;
0,738577016279872;
0,761212902982483;
0,751956805973481;
0,728961582768367;
0,719916073838094;
0,713952628465429;
0,710430167771258;
0,711112915894297;
0,710470319964449;
0,713103787226521;
0,718151515428982;
0,714617935653306;
0,706304436139543;
0,522423952424741;
0,0848990398278159;
-0,128252977059595;
0,00881247554164074;
0,0442289453500005;
-0,0220274394955142;
-0,00643618361094525;
0,0105161473041788;
-0,00211556352813113;
-0,00285204638292449;
0,180651410182347;
0,61264603457297;
0,826020796011231;
0,697986307047454;
0,668331602847616;
0,730874598057853;
0,702899677918054;
0,673920454156418;
0,688624242588338;
0,704284291194768;
0,714541292811896;
0,727406785447129;
0,734201621867548;
0,729826630209516;
0,720262488575679;
0,529002299273507;
0,0838924865766799;
-0,129429058335641;
0,00954556569151525;
0,0443584980240197;
-0,0223452203540629;
-0,00634866221094493;
0,0105923687982408;
-0,00217858687222197;
-0,00285274320668745;
0,00196929762167083;
0,000189140165548327;
-0,000779202041301598;
0,000259144109105767;
0,000168420779162828;
0,180847310436196;
0,618103475878212;
0,826851835438111;
0,684059923388143;
0,646733557572045;
0,712647155005023;
0,696547003745189;
0,680579611169668;
0,693770556798459;
0,69055139981228;
0,67537218277888;
0,665257493433118;
0,658924819358141;
0,65352513677335;
0,653719745916891;
0,662357169208827;
0,67578358245603;
0,689375295092792;
0,695844435438878;
0,69537531457572;
0,696182444816766;
0,697337886229386;
0,693236300625809;
0,681836042742172;
0,667720058299636;
0,660129960419392;
0,653888878994756;
0,636397400134377;
0,611385463285188;
0,581349146216711;
0,535029625776469;
0,473962350859147;
0,421439641950909;
0,397074429271276;
0,388290606100008;
0,367783427313029;
0,346262579652878;
0,342629503025483;
0,332377212510016;
0,308735592395912;
0,309755898640583;
0,342093145503204;
0,355972371440884;
0,329700570972894;
0,304887536891894;
0,394305758354692;
0,637918595610171;
0,809024690067763;
0,815923285190856;
0,85109925637283;
0,93307065762252;
0,974448690808979;
1,02545627057492;
1,11993863075487;
1,17574119637855;
1,15086158133043;
1,11446034483452;
1,1253559451243;
1,16696397254842;
1,21314563916946;
1,2211237376939;
1,14740222102103;
1,10296670951978;
1,16203792469056;
1,22357810663404;
1,21596223471624;
1,13104777137764;
1,07273923210105;
1,10930328082869;
1,10571615647974;
1,04981053508478;
1,07217429964632;
1,12098045639525;
1,11564244061514;
1,08502382669871;
0,987743721316095;
0,828509889341211;
0,736413159980286;
0,725018253674272;
0,721368765412228;
0,734203437219606;
0,773008818830468;
0,80095980480813;
0,799521320686916;
0,7779410994035;
0,746260457617837;
0,701973133989153;
0,651178742455468;
0,6156560642139;
0,605554766928565;
0,610441962382354;
0,619401139674192;
0,634957349400377;
0,65562292203306;
0,66325508472252;
0,65404006415701;
0,645756144354289;
0,651141057267843;
0,679158573217254;
0,730711963855014;
0,79192195307332;
0,845875069120923;
0,877072921558527;
0,885221647149217;
0,887859336070152;
0,663956505787813;
0,109679910260419;
-0,163439516532373;
0,0107034302213233;
0,0565835417929194;
0,218362833804995;
0,823421401911018;
1,09601488383581;
0,840211054825527;
0,753572298306791;
0,825268105164793;
0,783423028038309;
0,754819521954354;
0,780223970517603;
0,787836206486528;
0,780452877709064;
0,775745835466813;
0,772602233086749;
0,775720182866525;
0,783367662713412;
0,783601515458092;
0,783593692811427;
0,807751504772541;
0,845827531463454;
0,867901326636674;
0,872222760516534;
0,867353746599637;
0,858881886329511;
0,852551377449774;
0,850220822447127;
0,85391343273464;
0,861385374502901;
0,865462508402742;
0,864736242719993;
0,861164739990494;
0,636456565384554;
0,102056376897675;
-0,155941662668337;
0,0111390434079783;
0,0535987744162505;
0,186611782401906;
0,722880253096668;
0,994740186415756;
0,816724485867536;
0,774326984540304;
0,645439216406678;
0,10786497462619;
-0,164890602632956;
0,0133490444877638;
0,0557706112097013;
0,189696895124386;
0,740115393963209;
1,0217087667801;
0,841024556292931;
0,795045841769225;
0,881253970306398;
0,862938156467359;
0,841572508319876;
0,855225265053271;
0,846598446623481;
0,828110743717313;
0,825783124084294;
0,825938717242794;
0,819748523229671;
0,816910762763804;
0,821543051363728;
0,827486822541858;
0,826150733563251;
0,819277283802945;
0,81699744200474;
0,822761857354441;
0,832920341697981;
0,839666421583151;
0,842782962660297;
0,850597877305937;
0,869702208506693;
0,880214504967926;
0,852429075347262;
0,830090344135014;
0,849878918325734;
0,861376098590076;
0,852307869388273;
0,860078313431762;
0,8786231052165;
0,883467174767519;
0,653640886840464;
0,105454582308012;
-0,160181433336688;
0,0111856620138134;
0,0551688350514433;
0,189421447844898;
0,737419646480872;
1,02487328660662;
0,856831517408744;
0,814172350161497;
0,891563139001079;
0,870140805780735;
0,857832689118056;
0,891068311797191;
0,919115053629314;
0,940580004643804;
0,966691994386996;
0,996216261779406;
1,02243220191323;
1,04673998872573;
1,08282408965472;
1,13944619775248;
1,21159414393741;
1,28458556998175;
1,33575817085239;
1,35060862803117;
1,34662389730457;
1,33753700401574;
1,30512925043268;
1,26872760192892;
1,27456533587911;
1,2877465156306;
1,24351657032043;
1,14283649410145;
1,01234312513413;
0,905150918521675;
0,875829669366572;
0,880094996824765;
0,843329766013186;
0,754838113313355;
0,637870926689938;
0,527910298498458;
0,436245151285876;
0,348332610356544;
0,287103637433147;
0,277327477493314;
0,28809078515537;
0,276275902974362;
0,234053924540507;
0,197396618674779;
0,143616654089788;
0,027170582609899;
-0,0358435332402349;
0,00114491934884015;
0,0129278155394089;
0,0731536313843199;
0,283696794631743;
0,427927089652959;
0,418354043721354;
0,450314416929609;
0,542508461570992;
0,615160207562081;
0,687986486587075;
0,75177979972951;
0,788961414198926;
0,819681195671066;
0,831020022571468;
0,81459921367375;
0,810697524142136;
0,834369992095187;
0,63594585704608;
0,105592682006529;
-0,15727836942088;
0,0104478284883083;
0,0543624930703328;
-0,0269326552146575;
-0,00797095935223886;
0,0129005477873933;
-0,00256843749470556;
-0,00350993478662739;
0,231801477319913;
0,787719916975446;
1,06053532414098;
0,885327177792797;
0,844174897078147;
0,948174440246291;
0,932659465600013;
0,882832619706515;
0,865443593313383;
0,840353578738095;
0,606986357193383;
0,0968978664062312;
-0,147689001807449;
0,0102101573174133;
0,0509445095273862;
0,175118316420908;
0,67210100569488;
0,909431816150166;
0,730294188951156;
0,698231951091641;
0,793692598462192;
0,780371933367461;
0,74503883527939;
0,744697181817726;
0,75316143613695;
0,760460539628751;
0,779103736915027;
0,826242205816049;
0,878416408713668;
0,903531765573514;
0,87252830366922;
0,797044665148472;
0,798759323825659;
0,880404285351356;
0,912966181624494;
0,671977953514106;
0,10994198898311;
-0,164232026734274;
0,0105987724755607;
0,0569634707162937;
0,188045660186598;
0,724693901312618;
0,987943750459955;
0,814658480565794;
0,807812117247315;
0,894982406772574;
0,812505719856655;
0,762747919617893;
0,812521683252567;
0,829226215810438;
0,821572893889516;
0,830679443587533;
0,829905817845621;
0,821234206206367;
0,8187772914324;
0,813813532640335;
0,802961013698456;
0,792091011519574;
0,782178126748957;
0,773290477780401;
0,571342978740103;
0,0927392182674957;
-0,140074820136013;
0,00957563072455102;
0,0483333411732251;
0,173061710679017;
0,665204599855632;
0,909675699490628;
0,743417935150909;
0,710919830430169;
0,792988221438534;
0,766141771986221;
0,736731106457575;
0,749152177308085;
0,752966235805786;
0,759491168555615;
0,780529796138793;
0,791465337614503;
0,787437544975637;
0,78115869988131;
0,773838728745962;
0,766073270285445;
0,762721858669645;
0,759828913426096;
0,753454654833934;
0,750216213811209;
0,749809212236281;
0,747440879635142;
0,747029295172506;
0,747865326700379;
0,744239767265852;
0,739856036824025;
0,742363240641416;
0,748504611631409;
0,750233217848831;
0,746143225561969;
0,738349780083683;
0,731194148692605;
0,729652820362979;
0,735222585894954;
0,747173672296334;
0,760421205371559;
0,764136148899946;
0,759196863027669;
0,758951236306271;
0,763523269835029;
0,768385115656007;
0,775911208851743;
0,782509537659847;
0,786088419188574;
0,787590104420463;
0,783477998763387;
0,77421234156004;
0,764682590573858;
0,758955448251004;
0,757613264949561;
0,757357094590325;
0,75668423581817;
0,756017420088075;
0,753579966826982;
0,749582400670644;
0,747420063021715;
0,74914299828636;
0,753456790576872;
0,754344782760137;
0,752872262581087;
0,756319542011641;
0,758193817167225;
0,750424808731306;
0,738839307296007;
0,73801927104271;
0,753539062065059;
0,761902820417497;
0,750292774556467;
0,737507646574985;
0,723282789436385;
0,690213816541311;
0,643041134979987;
0,597267098951852;
0,551658016804609;
0,497360541524177;
0,44208089538315;
0,3995385431104;
0,369803821166854;
0,353750616843784;
0,355764786583258;
0,368770839816708;
0,391864713151791;
0,436616829387076;
0,493615299207373;
0,535378368228069;
0,555856736823234;
0,571855400861068;
0,595006316071193;
0,619390210790088;
0,640313529206119;
0,674229561180627;
0,737946205235982;
0,822408907109199;
0,904521329455021;
0,711590729736385;
0,123524891661079;
-0,177406815854356;
0,010244612397187;
0,0619601818015589;
0,30665779880166;
1,13718724644357;
1,53436988317382;
1,23405522490841;
1,16420957868101;
1,2929349632259;
1,22671812334648;
1,13857101991277;
1,09520691701481;
1,01203149095643;
0,940439361185179;
0,931002765944622;
0,937426025333031;
0,926141658181648;
0,897327058650658;
0,858063162855904;
0,837205005792864;
0,851935178300567;
0,880644031735544;
0,898864039277463;
0,899291136964574;
0,877684438849201;
0,837766853315304;
0,801449135374342;
0,780265561585269;
0,766072950059974;
0,7646083718622;
0,780488984715156;
0,783747112761331;
0,750552458281219;
0,696001200027063;
0,641652990516068;
0,606072702685374;
0,60694141530937;
0,630920595008559;
0,649466652589647;
0,661826909996302;
0,671331142629162;
0,672336373763523;
0,68411282536502;
0,725438589138914;
0,780706127829069;
0,827636312306194;
0,853315461772848;
0,857330249125715;
0,859651552404595;
0,881078162344457;
0,917967361961264;
0,948160781335254;
0,957137061277267;
0,94829308417268;
0,927777432111513;
0,895957559477782;
0,858712380456771;
0,827107231609734;
0,806179465553977;
0,793260710997023;
0,782878291442295;
0,775473483693546;
0,776355000654266;
0,58077695680955;
0,0952697531262896;
-0,143021369730403;
0,00967804483465353;
0,049374577936401;
0,177883652776293;
0,688007295277404;
0,953194354499305;
0,792365874686;
0,756439638279514;
0,858310241455638;
0,876779551640629;
0,863968854735169;
0,854639560932996;
0,842559965807447;
0,834352056305236;
0,828621146685258;
0,825172750826656;
0,822123522715737;
0,817365343115356;
0,815962608178192;
0,819107738900567;
0,818794705642593;
0,81328997025451;
0,810494942809102;
0,814369388106936;
0,819784484469083;
0,818882634408435;
0,813043465578647;
0,81056204917761;
0,833498210630474;
0,880219457135601;
0,885772995338923;
0,844774869697423;
0,826538353201634;
0,849936522162149;
0,883971340117356;
0,881153075076137;
0,844933747732748;
0,828184044250451;
0,831789007716933;
0,826062985099419;
0,812968217832888;
0,810037357299593;
0,818625382542354;
0,829848738922995;
0,839922262774164;
0,847817472571311;
0,854076355465956;
0,859064311676176;
0,861004073639272;
0,859498091126065;
0,854234713300774;
0,845802706707362;
0,84115106260474;
0,843941159270523;
0,848891502630904;
0,851156336434137;
0,849297504274782;
0,8430207979647;
0,830678250487642;
0,814712064342217;
0,803221399847516;
0,791534661800457;
0,771016918326729;
0,75238534653428;
0,745401944156173;
0,752864129922851;
0,781357731347048;
0,821352905996028;
0,853351684494966;
0,878003526701624;
0,912601046674039;
0,972731184737086;
1,05128680493905;
1,11985780924908;
1,18063955551458;
1,25409400973822;
1,32833042703011;
1,39640904368022;
1,44923194844814;
1,43884944822974;
1,35884286992636;
1,26995643257468;
1,21225219702447;
1,19296673944345;
1,21691389109948;
1,26713158495566;
1,29350100928855;
1,24651385513728;
1,11863349061653;
0,945190031353574;
0,778542460117391;
0,660440907598452;
0,611020192469251;
0,613483767527082;
0,606295331080436;
0,559216291278703;
0,481523195279927;
0,34989444419559;
0,204686440372291;
0,1629988458263;
0,212266749814941;
0,270146837538262;
0,342639960523188;
0,408435628053862;
0,404614940481455;
0,334153205519735;
0,247894650422571;
0,208035455589045;
0,243998000316483;
0,32160471616065;
0,394962910181623;
0,443420157163026;
0,464362688267338;
0,479108813853434;
0,506393169617469;
0,537125963643944;
0,573787273948784;
0,612016731363602;
0,614969929695755;
0,590607415177912;
0,586861440163796;
0,604433605437874;
0,620716785066529;
0,622981329217619;
0,600127014545623;
0,584099301667686;
0,60156176033743;
0,623003637546907;
0,624784385716356;
0,604634281231436;
0,5882921429134;
0,596699790497312;
0,605644594453019;
0,603280822886343;
0,598031272114265;
0,594263132519707;
0,597248748213414;
0,603180958894907;
0,614218355737598;
0,644427361586725;
0,684960771215547;
0,71345025124784;
0,729674049545935;
0,713710152002206;
0,661867322673334;
0,659977845089627;
0,714914345736675;
0,738384567939414;
0,759620018427385;
0,819645095772635;
0,842963331248115;
0,824520313971789;
0,842353247758417;
0,886181289711237;
0,903685080260858;
0,889600005097862;
0,855937276222727;
0,810651961509503;
0,776529075945708;
0,772890854598461;
0,780407211284538;
0,774396238897193;
0,76003460408024;
0,751634968347618;
0,754035242777664;
0,772164962485939;
0,800065685348471;
0,813045130709488;
0,803584192258661;
0,784750635124728;
0,761481872553095;
0,737020131757556;
0,720334118444834;
0,530569479892604;
0,0857046134515987;
-0,13005812644856;
0,00905612971479402;
0,0448043353516238;
0,150918331593683;
0,591923981911871;
0,828866060906717;
0,702304581509642;
0,680890888897468;
0,755499357865807;
0,736335998865035;
0,715895684424066;
0,731734081897511;
0,738689816952202;
0,749326900526286;
0,776055635921743;
0,78402205037364;
0,761435108942633;
0,734591840200682;
0,533682944710889;
0,0833719326395755;
-0,130262968975641;
0,00998298821268276;
0,0444870384741594;
0,166105499904002;
0,642263633205715;
0,891961767675853;
0,746994620166147;
0,707425357365988;
0,768180692751034;
0,737998929066991;
0,70948877491593;
0,714431061507588;
0,709574130556866;
0,700482166499642;
0,697292203160862;
0,690194990214006;
0,678052834577383;
0,671487182425413;
0,679324052318003;
0,695189041695926;
0,694730835667799;
0,677512790392213;
0,670004159125384;
0,666399986700331;
0,652999448480498;
0,65306501547052;
0,670956895026054;
0,679357939104704;
0,689900094922309;
0,704166023929974;
0,679266310773906;
0,654834918878164;
0,674732293260811;
0,684518983230817;
0,67798408691345;
0,687798808567341;
0,697714926666865;
0,695275728664488;
0,689816035416326;
0,685424987495159;
0,682402331474848;
0,68472276620294;
0,690974125525487;
0,69369204535678;
0,693150665131613;
0,691133741890125;
0,684030842703668;
0,675149789888274;
0,671530641574588;
0,672622060423502;
0,67640210493923;
0,682274633856434;
0,685932110641542;
0,684769180204268;
0,679866385760393;
0,676551721966416;
0,681445278773886;
0,6882450662597;
0,691067270223256;
0,697491116475629;
0,707342348506542;
0,713355426413511;
0,718869320336602;
0,726191383011687;
0,728474180014018;
0,724228129750817;
0,718090629214369;
0,713322510590739;
0,711453973870134;
0,711047290195084;
0,709860945720878;
0,707670525341557;
0,704691070475969;
0,699890238828465;
0,694475852419045;
0,692470723107272;
0,693328148661327;
0,694030804538592;
0,69453685615565;
0,691218587842492;
0,682907676682201;
0,681784351166544;
0,695377028032174;
0,714550575298316;
0,727983793176101;
0,729191239092054;
0,715288156011894;
0,692206408202505;
0,501870335056357;
0,0793068247366134;
-0,122352024191902;
0,00892204216814259;
0,0419915798139995;
0,125224111563972;
0,493350262998156;
0,677098120929089;
0,543598000334645;
0,495852818996368;
0,550214772901218;
0,564240139348532;
0,564584094997196;
0,55471942421572;
0,532899137238882;
0,479179756403396;
0,380712811189489;
0,337148004716662;
0,390903765786816;
0,433768752145958;
0,427756943582477;
0,430240194218413;
0,456904834596775;
0,488632124231072;
0,517234552280738;
0,548158500546372;
0,599114113309039;
0,684041797414348;
0,781018009383958;
0,844746794309112;
0,871841132142878;
0,905953645784554;
0,96550739476164;
1,03687301432449;
1,1108684035394;
1,16782054629659;
1,19761622313053;
1,22340724289748;
1,25286828579464;
1,27276546263645;
0,951666942434747;
0,155193044633678;
-0,233987690114265;
0,0160325418468685;
0,080701404837687;
0,257176414791639;
1,00357532203004;
1,38865822627869;
1,15652944110474;
1,07325305093773;
1,07583463486349;
0,901038307735592;
0,776463841040165;
0,76302415432147;
0,770503808711795;
0,796838974431088;
0,819838092733251;
0,789466270256872;
0,735174961231105;
0,700485422329942;
0,674756577457048;
0,659828874218533;
0,674492100986445;
0,693421414144089;
0,68387758125878;
0,665554284885868;
0,659583416333219;
0,650439652124598;
0,640606968066504;
0,649958171530949;
0,664731212817019;
0,666283241461765;
0,656434432496071;
0,631262065354333;
0,603175884985259;
0,605783653026561;
0,640515061415611;
0,681964117748249;
0,71705414726523;
0,743065711308226;
0,764578417323572;
0,788531483912206;
0,814143145272269;
0,84143989631451;
0,868636254458381;
0,89146404542609;
0,909563283583272;
0,915947355388412;
0,908047453363409;
0,897840580550233;
0,889612386888922;
0,883524628881038;
0,882741408952707;
0,874714357264819;
0,848940512446777;
0,819231687976874;
0,793101296216624;
0,764082844487115;
0,738282016516911;
0,721958872611587;
0,716517707699303;
0,730473629858662;
0,757323700265554;
0,779838834395768;
0,796851634216805;
0,80697798940248;
0,803838777045863;
0,797113151080273;
0,799946091566137;
0,811329023645919;
0,823982851683157;
0,834220644374506;
0,841103517966467;
0,841743938377965;
0,836483472770358;
0,830112218669046;
0,824776214324527;
0,82309324137624;
0,828602870665268;
0,837488108362206;
0,842032199618535;
0,83872280382963;
0,827803843375199;
0,815394145514062;
0,810240945559408;
0,81276063084676;
0,81943160749613;
0,8275571373791;
0,830574495821079;
0,825500394304738;
0,817635416257242;
0,811083146776595;
0,806362374231844;
0,804500197264706;
0,805912260905696;
0,809660994306626;
0,815536979890149;
0,823876343918707;
0,832258287236035;
0,834234978832349;
0,828869534980992;
0,825909610631785;
0,829017285972934;
0,831173175695699;
0,832109015964925;
0,83776068330372;
0,851639430031965;
0,879344324452797;
0,919074225264322;
0,94552090912479;
0,935036191700866;
0,904974548984029;
0,897410690543;
0,938568771969418;
1,03048220989944;
0,833347440863484;
0,153335556795574;
-0,210110141485831;
0,00969397842026822;
0,0743936111827494;
0,24350167294973;
0,95430125748374;
1,35444569792602;
1,18070726359801;
1,17731650603382;
1,33186215154584;
1,28892683975149;
1,14194198350196;
1,01320769110669;
0,91870288642166;
0,872506798312324;
0,855893967012132;
0,828614039066425;
0,781818959666494;
0,696072555065888;
0,547804927329128;
0,386211160661041;
0,299088755800416;
0,300214115683255;
0,33510624176095;
0,371222083804982;
0,398476417971472;
0,401268730712148;
0,371168127616527;
0,321788626365174;
0,281492093749607;
0,264816233725403;
0,27176298995254;
0,295292710450042;
0,326512340738633;
0,368553444975311;
0,40843495449092;
0,412136733877885;
0,396692125526797;
0,426577350608922;
0,499355117397088;
0,563893645736766;
0,624729152074799;
0,677770030222758;
0,683674394504902;
0,630539570770004;
0,567636810973032;
0,598552267179298;
0,683916248184281;
0,690956889588644;
0,674346819100538;
0,712791079939691;
0,72827381755152;
0,692028758737016;
0,66939648299645;
0,681807021480581;
0,71456587506775;
0,724014955363587;
0,693318572204697;
0,670348367245439;
0,700021827578745;
0,772136361965525;
0,781305996473254;
0,719509520105414;
0,719074060208547;
0,77860476418285;
0,797817648158508;
0,758129802999788;
0,717631722112936;
0,728487634110017;
0,776945560141106;
0,808020218239651;
0,801681179402939;
0,800011906680763;
0,833058652782984;
0,875887365902429;
0,896674139767575;
0,884587057990622;
0,850590892624759;
0,823225409801988;
0,814163782385575;
0,812825717534735;
0,819650760880527;
0,824830131206555;
0,804265159822779;
0,768546080778888;
0,741517527126537;
0,723397960295295;
0,716485973442501;
0,735693089750216;
0,774111471126669;
0,796645431934231;
0,782754938400302;
0,745516234342433;
0,70914328743906;
0,681660141363101;
0,659717161268481;
0,647572569420035;
0,641847684983811;
0,635813037188363;
0,642379188156239;
0,675249907202516;
0,722326322344484;
0,753506834686815;
0,764217006717404;
0,776198684046826;
0,7940586834046;
0,8183151932091;
0,851053194947004;
0,868668691929576;
0,849818357647578;
0,812034904586471;
0,788977265118277;
0,792767678052271;
0,811872395972841;
0,821541057155117;
0,801227680420919;
0,76130448619721;
0,729992912382778;
0,720291679375009;
0,730086787804088;
0,744572984955778;
0,741705176485102;
0,731367400649079;
0,753033865126458;
0,806457108698791;
0,843979484328025;
0,841973065400788;
0,816362449275531;
0,78302389931318;
0,745831991816681;
0,710466118672589;
0,690862704160834;
0,68596045133808;
0,67949503866469;
0,673022259535859;
0,675355157733003;
0,680725028344814;
0,68426620554822;
0,690583231583988;
0,702108090743719;
0,714545584126888;
0,720261465076854;
0,716257766570568;
0,70866775260567;
0,701949252999404;
0,69696002185024;
0,696452183521745;
0,700513826146485;
0,711428989993796;
0,730556832353628;
0,744618653455402;
0,742167677342226;
0,727902747973832;
0,711571276249541;
0,704509321860429;
0,710929902893635;
0,722083013287455;
0,72984691121283;
0,728453884673967;
0,716307249040835;
0,703506879559507;
0,699114573192797;
0,704925878635889;
0,721033428328332;
0,737538552515442;
0,740726933148848;
0,73042212071321;
0,717223319547863;
0,713719813503441;
0,721999164560608;
0,730307961275239;
0,732974316381854;
0,735258177855867;
0,743716431871526;
0,765335452495796;
0,79568652290445;
0,811821053423188;
0,794886764898373;
0,756489739529177;
0,721959085301179;
0,701348567572237;
0,70210624177184;
0,720178155307453;
0,725186400895504;
0,700313200654229;
0,659306589670011;
0,628281351583436;
0,631548149648696;
0,664000109709142;
0,694671885599072;
0,704117609523459;
0,688166571966253;
0,657070251515317;
0,631632012773307;
0,616437886196165;
0,606404390312015;
0,595025146026774;
0,559401785220367;
0,488434370253227;
0,40674043241;
0,351258664934589;
0,354496021724087;
0,414625115822081;
0,47892997075171;
0,499785611425832;
0,480745195921553;
0,458745323107483;
0,469268962207162;
0,52264382119547;
0,607059135961333;
0,702655825902811;
0,779947062921868;
0,815692852065546;
0,810408975366133;
0,783884807682579;
0,783275791837243;
0,837671576140325;
0,897625542280771;
0,924082227760665;
0,960811519033646;
1,03301037132019;
1,10817763720347;
1,1644302692716;
1,18554219840148;
1,16498321801162;
1,1476864035902;
1,16389928522618;
1,18218752661468;
1,16923177300921;
1,11299524903692;
1,03814685265181;
0,994652094011115;
0,972026791435416;
0,922245616968218;
0,861875279017966;
0,824717930363864;
0,78508022394241;
0,735484092195515;
0,714552776404424;
0,717246852458288;
0,712901233587591;
0,710449395139826;
0,712934379239148;
0,705157603612215;
0,519682065910803;
0,0863546052097078;
-0,127291922252334;
0,00779813776723578;
0,0443271574399116;
0,154689244202952;
0,579716692159995;
0,752946992611948;
0,560285273861193;
0,526926003988805;
0,624309691934621;
0,628217369764989;
0,616057341144609;
0,622673266516301;
0,609430472149353;
0,587824375736457;
0,585453008467694;
0,60927269614565;
0,651808920283439;
0,698461641407823;
0,73863821473586;
0,767531645932758;
0,77970485614116;
0,778019160147901;
0,779303383904214;
0,801655048676615;
0,850529639143396;
0,911374666751687;
0,954755845722852;
0,957250423329891;
0,918798097325392;
0,8611944076021;
0,808877255741527;
0,771826264073995;
0,752724226846359;
0,750270931546334;
0,753471767188018;
0,756980317255286;
0,760548793991541;
0,753567142044529;
0,736841720191359;
0,734452661706076;
0,758490258662006;
0,792824071683504;
0,821806062833526;
0,845772986640024;
0,86245738120192;
0,865721348826341;
0,860562845472643;
0,85054555026835;
0,622221383924533;
0,0972048229514802;
-0,151870766135226;
0,0116368809544559;
0,0518674800552939;
0,188943987966843;
0,732444787130265;
1,01356423489433;
0,834122046424087;
0,772428455035516;
0,629826194859998;
0,102616920497875;
-0,15995177640875;
0,0135906850746861;
0,0538434444777766;
0,183357076269642;
0,714403303296198;
0,978521051661506;
0,793166819617906;
0,750144075670382;
0,844781546162534;
0,831169650662593;
0,802818062299441;
0,808102802562316;
0,809058043694036;
0,820403129453826;
0,843262077436894;
0,846052827928012;
0,835102470213298;
0,831542178007695;
0,616873313502241;
0,0987950800259815;
-0,151266499460169;
0,0109184054890499;
0,0519378142739053;
0,179073615907712;
0,695531204934149;
0,958539052617327;
0,786542022652389;
0,744437279717389;
0,622059107738813;
0,105182631927373;
-0,159136988525348;
0,0124754381781427;
0,0539991007418617;
0,177623064299469;
0,68928002882522;
0,930418064166984;
0,726897935490897;
0,67232429893121;
0,778210146886938;
0,810040418832482;
0,834819844097295;
0,875365048274587;
0,905516113063587;
0,94686163272166;
1,00038999906863;
1,04715588068234;
1,08485881335785;
1,12759182958521;
1,186114200309;
1,23885053980369;
1,24838844584783;
1,23174011792233;
1,23344881303341;
1,23941801719254;
1,22723484209422;
1,22119406792793;
1,23958250074816;
1,26326653049268;
1,2716445048078;
1,2668702867918;
1,22463048598183;
1,10071963934786;
0,91769481061264;
0,733921360250959;
0,565072984294738;
0,423148854459971;
0,35179312557616;
0,349616686323194;
0,337869995081595;
0,283661337907769;
0,250185113140168;
0,264933761010091;
0,287830556491886;
0,305262548101492;
0,315055652496032;
0,303803245481862;
0,286619880149605;
0,27219353019412;
0,249167435601281;
0,243244972023584;
0,287531366411109;
0,356384382238688;
0,420576886165097;
0,486659400036624;
0,536646359990772;
0,551058306590854;
0,56163898881993;
0,593651214671394;
0,620251167862637;
0,619244582923485;
0,604639880926518;
0,596927578119159;
0,627386053318955;
0,700173878322585;
0,755404754411218;
0,761454156469166;
0,74530925550767;
0,729256368913419;
0,730157322253732;
0,747478591291605;
0,757950468565804;
0,763178527059917;
0,780344940153011;
0,805950694134168;
0,830679206574862;
0,851807848223891;
0,855856523385169;
0,833242183192686;
0,804901189163345;
0,795366607376755;
0,802226552103736;
0,81068950805628;
0,812291970092215;
0,80562352760442;
0,797468981283915;
0,798014446270135;
0,810468536628149;
0,828708488742794;
0,843302128761308;
0,848798160624504;
0,841124874030837;
0,822389369535186;
0,80624266670607;
0,800987105398782;
0,800626837406369;
0,799067956056313;
0,804116437027703;
0,822187411615663;
0,837799809682122;
0,837095911008013;
0,827516209526416;
0,815041968263959;
0,792827437267846;
0,758542432111534;
0,726965615287012;
0,718768800617578;
0,73399772482393;
0,750953192463911;
0,760921338816126;
0,770931323214305;
0,769873431890786;
0,752889155665095;
0,74581246215769;
0,559645323547075;
0,0928306892210736;
-0,138210041537905;
0,00911916934518285;
0,0478051401561441;
0,170051301681947;
0,657405645635697;
0,913877560734189;
0,774073519768087;
0,752781683881124;
0,825282430601221;
0,78538596899105;
0,747028958257982;
0,753439044216115;
0,753344546232469;
0,756728093282723;
0,781582717699104;
0,809047321106771;
0,817567641009;
0,804636898281607;
0,58431712146689;
0,0907512510272358;
-0,142291030582736;
0,0109630076596907;
0,0485791769085422;
0,164210996596672;
0,638110452814078;
0,873005307911663;
0,70370323656453;
0,651715293854216;
0,713173608060005;
0,689366578809407;
0,673778146988617;
0,694736692221105;
0,704761153533959;
0,709202551329201;
0,716943425552983;
0,72394677418497;
0,731474589280493;
0,73774297441011;
0,742959162077981;
0,748171029264696;
0,749180006007723;
0,748348063539903;
0,747701591981439;
0,741908140200928;
0,734469460144609;
0,729843014733492;
0,721283844152835;
0,709228213565171;
0,70633662336268;
0,714246831488872;
0,720580174813057;
0,720493663427887;
0,715984270915772;
0,707149128713418;
0,701375694171712;
0,708782857622008;
0,726037792543831;
0,743167004430181;
0,756837373570859;
0,765024746663908;
0,765298010268067;
0,762030716235906;
0,763262138417236;
0,770468839444896;
0,776683751793374;
0,779066742547312;
0,779117603752472;
0,77189978075514;
0,759978328077204;
0,75729357920452;
0,761565107183031;
0,760118877154085;
0,756841194597413;
0,756013503274197;
0,7484836401509;
0,731911712448462;
0,715219334816211;
0,706613877679475;
0,709801071276618;
0,718991420389502;
0,725183438507936;
0,731164776881907;
0,737802390196953;
0,735615678612839;
0,725697006081055;
0,71922216550808;
0,720366579845866;
0,725378942350359;
0,728467470055056;
0,727658023596482;
0,726916738450513;
0,728594190742585;
0,729803169414839;
0,72832973304821;
0,721001794705211;
0,707688899662834;
0,700529536642635;
0,703837205118408;
0,706183212866042;
0,702174698334456;
0,694688097755512;
0,688713222772259;
0,684427496239192;
0,675306368115478;
0,659616838947959;
0,640395587230805;
0,619167699314476;
0,587581338642428;
0,536894357804099;
0,479478894784848;
0,426652162563594;
0,372784767464101;
0,323355801555969;
0,22007916824273;
0,0328369871641088;
-0,0528801615547653;
0,00428450732241934;
0,0179823443890245;
0,0744027437863812;
0,304330247296104;
0,481004205893534;
0,504362073262438;
0,558786833907666;
0,480051563888608;
0,0920876829592293;
-0,12328691746292;
0,00529923650149797;
0,0437576089339797;
0,293873896212022;
1,09688517969329;
1,56801809312192;
1,38213907657664;
1,28195438668019;
0,998546855840354;
0,154441476210638;
-0,249720307394383;
0,0227918383575499;
0,0834777904085347;
0,266780836111725;
1,02105238255265;
1,31952471094114;
0,951390245071342;
0,850343476544167;
0,957461237167266;
0,879437825964932;
0,775527960794795;
0,706185725245428;
0,617735619701046;
0,579050773934633;
0,628024134123859;
0,709321378497147;
0,779339081222354;
0,811832549450675;
0,788776902381783;
0,744701856582403;
0,725443750453076;
0,732691298375997;
0,753005530140111;
0,77676936346933;
0,790017301737669;
0,777162060384332;
0,740366699880709;
0,706254569731954;
0,689123264278579;
0,674041520320981;
0,653615289870424;
0,635896346952636;
0,615240873312393;
0,589057150703167;
0,579931045624693;
0,602674742251004;
0,645128269589448;
0,689683379959421;
0,716394391579841;
0,711390873719757;
0,696333176246506;
0,704690870586131;
0,736999546636613;
0,779119001405046;
0,828006193622661;
0,874306051332331;
0,904908642067219;
0,917573663298546;
0,891047767797247;
0,838874517008997;
0,848668109359042;
0,908822502869686;
0,925516319542349;
0,676313394112331;
0,107571294596864;
-0,164912614404566;
0,011747490123402;
0,0567209109457389;
0,201711570412834;
0,75010319276039;
0,965189506231525;
0,715318515416175;
0,660055614547536;
0,558863035230056;
0,0881154533447383;
-0,14273434137107;
0,0137636446498029;
0,0472979066171176;
0,194953149627331;
0,74459899176945;
1,01302120345617;
0,814528186086292;
0,747279212632606;
0,810361507681902;
0,77593034196114;
0,748866107034683;
0,764185041514823;
0,768852868614201;
0,770410001499894;
0,782267192850423;
0,792332886316467;
0,796926874187182;
0,801499306487079;
0,805137120912009;
0,806244394130838;
0,809537130128595;
0,820576019653845;
0,837121592654653;
0,630679739253674;
0,103810867367905;
-0,155422388660865;
0,0104244953968569;
0,0536934444691914;
0,180933096145171;
0,702260121076016;
0,967508581204547;
0,794714529541341;
0,751991794996258;
0,832658137559019;
0,81078411367809;
0,7853154373544;
0,797080735115804;
0,795567191623168;
0,782970252361724;
0,77536750527023;
0,773377849961574;
0,774678745781063;
0,77870766566968;
0,5854794929426;
0,0991190492160897;
-0,144395479303242;
0,0085829135395777;
0,0503696089889116;
0,221270243845615;
0,853274444028265;
1,2281648322133;
1,11377358688598;
1,14250675783747;
0,975943271516697;
0,177779651633458;
-0,250825668737795;
0,0148586769183639;
0,0872094849987704;
0,27927862116412;
1,07360151945436;
1,44315782472424;
1,13332053908411;
1,05636485198175;
0,887035191086006;
0,14561050458909;
-0,227024290173976;
0,0196933654858183;
0,0761906276925393;
0,192437147322413;
0,749431829309486;
0,933909468750742;
0,57736629324149;
0,418921200036641;
0,582685399646778;
0,813303490117269;
0,824638201881143;
0,591531959216898;
0,45323761074064;
0,428224998522406;
0,364485734056111;
0,295276683408873;
0,262609922127476;
0,253041968678969;
0,284111718207775;
0,345895222563883;
0,331646623835228;
0,257570135028017;
0,241657362617707;
0,19364688649229;
0,0321483973367446;
-0,0487620941319017;
0,00368589460982296;
0,0166297061051621;
0,0962485810639395;
0,374933587513865;
0,580773878259067;
0,613315344258974;
0,67336040195095;
0,730243665677257;
0,733289195330018;
0,784431091695545;
0,857761906865333;
0,861527518036329;
0,613328841461745;
0,0916537726397809;
-0,147917537224143;
0,0121969037172832;
0,050189300258752;
0,203723974946517;
0,780775808018816;
1,0645817906087;
0,833353269934395;
0,720500412625005;
0,781700570065293;
0,795088605320353;
0,823443744734621;
0,861540271461688;
0,849542485212548;
0,808444038430726;
0,7852795020442;
0,804320013742049;
0,849603368498168;
0,89950327004813;
0,958885378281558;
1,00866371205451;
1,0026775663455;
0,942794558810087;
0,875092372414136;
0,82781845216156;
0,809834680718853;
0,815959702399782;
0,819299311698885;
0,806470125049023;
0,788976534803934;
0,775302878898248;
0,769640723259128;
0,773969026148809;
0,781371553115385;
0,785925674014107;
0,789951279970987;
0,787281459078905;
0,767470409698212;
0,747188381784982;
0,748224031566954;
0,762706286606141;
0,775374586263408;
0,781136230181162;
0,787113563509652;
0,809357852931662;
0,842237200640256;
0,857462544325494;
0,841613704176388;
0,81202054060285;
0,59041112035874;
0,0945108367550734;
-0,144263947714808;
0,0101730355151717;
0,049655677451441;
0,18024839540491;
0,691059115724127;
0,947392974175377;
0,792004840780746;
0,784138810483515;
0,66497338799059;
0,111954179365986;
-0,170224911130778;
0,0136037300485072;
0,0576433276947531;
0,170994743321833;
0,679477951881431;
0,937757281222033;
0,760413475580771;
0,711167930785248;
0,59341022651559;
0,0995568401126071;
-0,151921881904689;
0,0122963252134424;
0,0513759700083463;
0,161431649061653;
0,634288849238431;
0,87329371866379;
0,716485938076736;
0,679493624701827;
0,751006565066774;
0,733498504008399;
0,717437325532421;
0,731415778279371;
0,731028494589405;
0,719015530624288;
0,713188928717514;
0,718959482104121;
0,727622336502966;
0,726929540017491;
0,723178209238893;
0,732377255285174;
0,748729239558959;
0,756383486495861;
0,756765990246282;
0,75551675095149;
0,754657688587033;
0,759845877015093;
0,769562221280235;
0,774217563445572;
0,773193008343427;
0,771587483953243;
0,771194589438609;
0,775637515547236;
0,78383549577573;
0,784323734003317;
0,772477614191294;
0,757525423232693;
0,746380297336963;
0,739134905652099;
0,733931219113811;
0,72674044428186;
0,719945296903058;
0,722332437857005;
0,733838084434522;
0,552948197105552;
0,0914868773207142;
-0,13631902036852;
0,00897142745948837;
0,0471684674180893;
0,173557987907103;
0,669285405958923;
0,924535616901511;
0,76078430446509;
0,714909021527075;
0,594394711749674;
0,100839634808089;
-0,151923940648766;
0,0117010236172258;
0,0516482527694106;
0,165006945280498;
0,640988000271546;
0,865958865857963;
0,68121816892535;
0,624882743062163;
0,68041223879486;
0,637091400314393;
0,592702460694274;
0,573364904786774;
0,528661996813929;
0,471895932537494;
0,4181465943653;
0,365455479058466;
0,320953357083575;
0,280124821650878;
0,231404040653677;
0,18844317400466;
0,17253369345855;
0,176235783971542;
0,191476174850521;
0,241053299099179;
0,333382321593831;
0,43713186308864;
0,523685531382525;
0,593575031226061;
0,6693754808854;
0,755845069960693;
0,832985803625204;
0,911792032448888;
1,01385859204605;
1,11453683191893;
1,16185899239852;
1,14720692966553;
1,14198611112693;
1,20308686382779;
1,29604397513756;
1,36257195046446;
1,3708894823594;
1,31549785628386;
1,25582148664122;
0,930476353438827;
0,161041280007984;
-0,22968278565619;
0,0122738381997824;
0,0807260884673329;
0,224868662297971;
0,889149960199089;
1,23090327570855;
1,01581715622581;
0,96967279391783;
0,80219472680965;
0,12885749973773;
-0,204099666044599;
0,0183028275767702;
0,0682671408471398;
0,205841091274856;
0,816386629451378;
1,10891768056116;
0,843774030700497;
0,708818458764713;
0,807693368390256;
0,915960413582094;
0,948493776574089;
0,860495656716204;
0,761225054716161;
0,723265655780331;
0,714552215342535;
0,706839225973175;
0,700544182871615;
0,718788902653667;
0,752557319115737;
0,777927083198857;
0,806111867017785;
0,838006040555559;
0,841421139879827;
0,805890842365673;
0,75844738873642;
0,720448825415183;
0,690582254973777;
0,661474395647816;
0,626712378025543;
0,590986446724131;
0,567128802167914;
0,555586463543853;
0,552667324332692;
0,561912495352195;
0,583092285226444;
0,615210355463001;
0,662267665655588;
0,718216631046151;
0,769219657014125;
0,814189563417566;
0,857892318082548;
0,894454969326789;
0,917477923384351;
0,929665111324396;
0,938726793518772;
0,952478985097703;
0,964965823874604;
0,962926027834498;
0,947932323389502;
0,937911365978767;
0,949193972175097;
0,966177609675888;
0,963658018185207;
0,707446941773269;
0,112826676943669;
-0,172922578368775;
0,0124017810204891;
0,0594258632826685;
0,171628236482294;
0,679604192122581;
0,935215556636305;
0,760333384896249;
0,722754272007105;
0,609495837362425;
0,103861758814345;
-0,156308315817495;
0,0121070182352845;
0,0530930316558922;
0,183473895621787;
0,718421031353712;
1,00341767465279;
0,841795578985096;
0,800306693994789;
0,875017064516976;
0,835735905848871;
0,798420548214328;
0,81430489600126;
0,817111762912247;
0,808869569171111;
0,811329613343556;
0,813447546950834;
0,814630846663247;
0,824833822903233;
0,843212239405753;
0,863955516477242;
0,876257031388111;
0,870756867907437;
0,853760096023774;
0,845502886770974;
0,859849247392382;
0,877130397048764;
0,871855739857123;
0,852988579880178;
0,624312687605727;
0,0995690157704472;
-0,152702639782384;
0,0110021516055522;
0,0524516475660407;
0,20207799868505;
0,770363814569928;
1,0479348049919;
0,853672393432633;
0,831197976161002;
0,990707860286767;
1,05658937592671;
1,06266046651616;
1,08845363116963;
1,16248098652454;
1,23738214367662;
1,26557886190849;
1,25116228838011;
1,21986801785481;
1,203880876848;
1,21956201708039;
1,26438135892212;
1,30844264084128;
1,32434761128564;
1,32226970564809;
1,29889670150081;
1,2704846554545;
1,28996085114258;
1,32797543434819;
1,32762735996282;
1,18378850166662;
0,855682390039373;
0,645613598336032;
0,636476640313302;
0,527766459723012;
0,346515162707197;
0,280305137325169;
0,277838270868769;
0,280274939634812;
0,326148502984045;
0,397932800235674;
0,438076323014361;
0,445098371434138;
0,420087366325913;
0,370654658106277;
0,349659951270485;
0,380775350056828;
0,430795636415205;
0,450431423958259;
0,422754997135526;
0,387018098838271;
0,389533790708457;
0,445610091819056;
0,533526548737327;
0,598265583996029;
0,613694148880318;
0,607643186269973;
0,605421675042037;
0,62058775340892;
0,659543449643627;
0,695548879418099;
0,699333826099808;
0,677589570109168;
0,653383069364729;
0,653513705117701;
0,695027686835441;
0,748645939693116;
0,773174639090974;
0,773360566933226;
0,761817602237328;
0,734749105424084;
0,714648978569443;
0,72654186156104;
0,752165736006205;
0,768757298939648;
0,774125717301879;
0,77006619886228;
0,765353513781519;
0,767633491008547;
0,780247662688307;
0,812790538388372;
0,859922501463585;
0,892609373741779;
0,895121844796722;
0,87886210771766;
0,859850083253455;
0,851714091660889;
0,86109527045312;
0,872037164194616;
0,866409157602477;
0,848707774250152;
0,824851638841782;
0,806276815985666;
0,817645279742651;
0,852203531221169;
0,877933402775864;
0,885672607025325;
0,881704959394587;
0,870265646218878;
0,861468762402131;
0,640404675779163;
0,105390850624394;
-0,157478893645385;
0,0103976898872112;
0,0544873761726395;
0,208169723494969;
0,787647408487652;
1,06531948804593;
0,863368283948561;
0,824226624689874;
0,912997515326777;
0,86766451071055;
0,818418062836597;
0,821796383322417;
0,815115959247392;
0,802882002827708;
0,799414801426679;
0,78379105207111;
0,763315882563968;
0,762004738866627;
0,778722359328405;
0,804414512606188;
0,829509453541429;
0,845287595982384;
0,85740886415417;
0,873581458940367;
0,890486003234139;
0,899333698722425;
0,896457152481678;
0,889278528005762;
0,884807099468252;
0,880149875648281;
0,868145425832801;
0,845442119424217;
0,819729863000708;
0,809979810045638;
0,824688981582405;
0,845844799407062;
0,86048503131088;
0,873582759887195;
0,880390514201474;
0,874424520315999;
0,861557641671655;
0,843095452002834;
0,817175849253605;
0,795988656370871;
0,786318942881893;
0,771796129021075;
0,744506588753208;
0,717768059048844;
0,701560050671475;
0,700866834753853;
0,721479411776589;
0,754332996022242;
0,776360677352187;
0,776697398296034;
0,763966831366581;
0,750676595328897;
0,744379451444323;
0,748221031912099;
0,760102462454409;
0,772646237836212;
0,781692587708642;
0,793233268408035;
0,80927255188662;
0,819978114998407;
0,820324290850846;
0,814564896653673;
0,807026267510715;
0,794828851721588;
0,776284701233852;
0,766370377142983;
0,774062561960075;
0,781810563998512;
0,774353842465642;
0,756343331460324;
0,736188516052166;
0,721277362594545;
0,718010288402942;
0,726881089694985;
0,743532628956224;
0,759154005253799;
0,768347024337509;
0,767604441756029;
0,753318488673191;
0,742260690443545;
0,752468700206147;
0,773151632873696;
0,79627816968331;
0,825174757853214;
0,844102212781295;
0,835712704407732;
0,808552329673545;
0,783281728661803;
0,773526152806221;
0,776824391188653;
0,775784908881789;
0,75611378988055;
0,719783590479031;
0,678606991605689;
0,638549617493239;
0,597691917726965;
0,556940149125377;
0,50890609925922;
0,436065532499735;
0,351568017654445;
0,291572204964986;
0,261365893393863;
0,251031769267825;
0,26050745857897;
0,278581757391131;
0,296488358165799;
0,327720582503583;
0,37756841337803;
0,427540539173118;
0,340283090241813;
0,0599148353941764;
-0,0849477567520028;
0,00460698848949528;
0,0297974835022174;
0,188837935128569;
0,73203340314343;
1,10094437319477;
1,03551668060902;
0,999913644470013;
1,07568572940421;
1,0972052741835;
1,13304662509267;
1,21432017850986;
1,27831545605567;
1,30463785723957;
1,32328260752674;
1,34769731076782;
1,33804207958363;
1,2817426670334;
0,921454980328954;
0,147977699252108;
-0,224218294131499;
0,015137439792057;
0,0775036933238277;
0,261107932110864;
1,00391250088999;
1,35659487183626;
1,07213372853312;
0,983820145769645;
1,06835792440522;
0,985415280247122;
0,865098139107971;
0,757859381411505;
0,616170528573201;
0,508691075775393;
0,499194968192349;
0,545723812949687;
0,599722960884425;
0,666178185407116;
0,668220946836042;
0,548015064506078;
0,497510538771709;
0,597980841354028;
0,684771105514579;
0,718378267982654;
0,74053252427026;
0,758596848435941;
0,777720243386358;
0,775064422131874;
0,745027424226107;
0,712041057280604;
0,681865387399818;
0,644933671487106;
0,610741212576321;
0,595676807178835;
0,594528993462839;
0,596037504304799;
0,597361423000932;
0,599005010742516;
0,605802457436851;
0,624585918299384;
0,661434539690369;
0,717980766578953;
0,784358949831713;
0,844972838396158;
0,893371225089775;
0,931096984337749;
0,958020241370596;
0,974398826727199;
0,979612751953482;
0,969951076825719;
0,944588215083019;
0,908392141244539;
0,872000080327167;
0,843212970182761;
0,819212136048505;
0,798299979345016;
0,783397915577594;
0,77206343232922;
0,759473358846753;
0,745153378914029;
0,736723994328471;
0,741956230621899;
0,75581127955454;
0,776283549416356;
0,808539407451339;
0,842634637697598;
0,866687335551192;
0,879134156300899;
0,87641291927134;
0,866220551116496;
0,864098805637673;
0,865196812291807;
0,856811084174132;
0,83968339091399;
0,819142260776415;
0,80037051626669;
0,788828891670263;
0,782297738046197;
0,788825054498044;
0,8116074314404;
0,812458092307387;
0,787892730153703;
0,778163935456359;
0,786315295998433;
0,798481111085324;
0,79593831588844;
0,77328046762644;
0,757219106719129;
0,759473982066655;
0,775929188234217;
0,799032305969215;
0,815307420773656;
0,828439230732908;
0,855300005238936;
0,893132841229491;
0,920037707186458;
0,926115495787667;
0,924747778756324;
0,940402164141398;
0,979381652435313;
1,00969356924101;
1,0048724068273;
0,987955675659593;
0,992026081983422;
1,01767278359485;
1,05297432834052;
1,0920379710053;
1,14214701236182;
1,21610050749296;
1,2776449166632;
1,27807560174065;
1,26379405859391;
1,30649721719603;
1,01753142163013;
0,177224877008594;
-0,253882390377589;
0,0145158393514204;
0,0887279026132061;
0,318094719452885;
1,22314753988977;
1,66574878005475;
1,29939474769011;
1,11460103582625;
0,873129226878065;
0,127330264333512;
-0,219812930302779;
0,0240239122715995;
0,0716783294049024;
0,0498422993683499;
0,301883006028708;
0,454877844497974;
0,388660675228621;
0,381329553641247;
0,425451679407399;
0,409672305473987;
0,400348159805028;
0,432843849581178;
0,451367579804638;
0,433248654606118;
0,39845277140125;
0,377027438535212;
0,401923872014023;
0,461085755010186;
0,524728336435321;
0,597389497397503;
0,6660438540685;
0,689784138816882;
0,663010199073496;
0,615033701654337;
0,598457917547346;
0,64819489678118;
0,69455269200468;
0,667725906843361;
0,617734495613574;
0,606763122148217;
0,624746656225306;
0,63336495721672;
0,629639594782106;
0,631125579993478;
0,632859343000291;
0,635346162268841;
0,644966525120332;
0,64933778946345;
0,650143826995818;
0,670344809699731;
0,709030982695886;
0,746818232742343;
0,779089689832035;
0,798939236682677;
0,791626240998117;
0,767530867868936;
0,752686956947382;
0,752228578616584;
0,767606336700778;
0,800937938482253;
0,825009897741683;
0,819931606826182;
0,804450969913067;
0,800640777672928;
0,814720681003757;
0,845828910551356;
0,889279674753958;
0,927766036573378;
0,938835548250496;
0,919835257863464;
0,889217443855978;
0,868978724333433;
0,868033922629986;
0,650565835770004;
0,107382324798009;
-0,160288759081564;
0,0106076348449596;
0,0554392377920696;
0,179353684091686;
0,703240589306524;
0,980024234630881;
0,821915254050027;
0,787879641926342;
0,860310448262539;
0,811539345272034;
0,757694060900127;
0,752328826929164;
0,74804600638973;
0,752080386619415;
0,768670485456339;
0,772875754002151;
0,761639871691363;
0,743887463160529;
0,722319242048469;
0,708516032017285;
0,713063077681232;
0,729031749227363;
0,748263913383427;
0,767790552356296;
0,784751350943457;
0,807276106780579;
0,837769259902518;
0,865396397777441;
0,657461183049196;
0,111226841864597;
-0,16246088907529;
0,00985171979886248;
0,0565753232029167;
0,195463307926991;
0,746805782278978;
1,0068386410608;
0,798633487831003;
0,749607354492642;
0,840438686101511;
0,824750860805421;
0,813654163746249;
0,835362594487613;
0,830120182713745;
0,816930826094872;
0,817284917327993;
0,820900177501646;
0,823060233498693;
0,823075521238187;
0,610551636917187;
0,0989466857181869;
-0,149763416601297;
0,0103427127550213;
0,0516276115853362;
0,168700507263979;
0,66153794519652;
0,919671782828761;
0,762679641016168;
0,720364092178678;
0,788932636930749;
0,760717777278939;
0,740648929131495;
0,764413804049833;
0,768354414812023;
0,756464496152158;
0,75341236284408;
0,75592155457632;
0,758656620750837;
0,75663038996002;
0,744163904208536;
0,725747400079291;
0,716377981615071;
0,726445490198255;
0,74640061912025;
0,759985181795345;
0,763373310024248;
0,76231092693337;
0,762721868590138;
0,769579087601027;
0,784011309922499;
0,79664774025649;
0,798686926961326;
0,793845104130718;
0,787008281548445;
0,778894414908832;
0,774048109810653;
0,773972551198077;
0,77220468901856;
0,768229573440481;
0,767024437138719;
0,765121168557226;
0,760726410336106;
0,759068782696843;
0,755698207075086;
0,745951240416071;
0,737599383491303;
0,734129178134097;
0,730136318990909;
0,720920424280128;
0,703735192858113;
0,68195090505672;
0,661976233438125;
0,641651864933377;
0,616351951136446;
0,586317240080353;
0,551286057810394;
0,508918180967476;
0,458904985956375;
0,407444466222771;
0,420642201764866;
0,52282016823738;
0,550223813570077;
0,45639529127956;
0,393073533742656;
0,39844079055994;
0,435989288213558;
0,458912015917335;
0,439576528763591;
0,442515038467094;
0,500059533913705;
0,573293530067903;
0,63872978794984;
0,697799319890558;
0,756802599465814;
0,810045821033073;
0,848025906442288;
0,895320932692159;
0,977151466265454;
1,07761107367857;
1,17657934543746;
1,24711478738306;
1,26334352388052;
1,25884439530992;
1,27866372933106;
0,973021281463802;
0,165336241400904;
-0,240745221106886;
0,0144528032802723;
0,0838924990635437;
-0,0409688647806938;
-0,0125495334647174;
0,0198013199875863;
-0,00383045978961674;
-0,00543433964518835;
0,31536760340055;
1,07389179727742;
1,45393429079551;
1,20971922601542;
1,09007691498946;
1,12235642839009;
1,0285753278086;
0,956620313177463;
0,944361957363026;
0,896993541409557;
0,823458949321872;
0,758160914894814;
0,693704274741345;
0,636483402476626;
0,607323479103046;
0,60771376145576;
0,630990943136605;
0,667126156177384;
0,689885225755038;
0,68887717449443;
0,689884236813692;
0,706135406688342;
0,71973610616496;
0,725108872807059;
0,740085507865081;
0,771422519129021;
0,803668812004869;
0,82178618920704;
0,820974622109221;
0,800836590608192;
0,771200062753111;
0,756781236514287;
0,77230902788556;
0,802505655159818;
0,825754089730688;
0,835700085708835;
0,834871364955795;
0,823855540803814;
0,805368512145668;
0,794435316134097;
0,801480282064813;
0,822934177525852;
0,858280424561577;
0,905630898216055;
0,952553593348694;
0,984186809283344;
0,99038838557405;
0,969993373358633;
0,932850205796561;
0,894235953024068;
0,862099924925138;
0,83761997680634;
0,82341460266728;
0,817608183775026;
0,810641103513292;
0,797557171750964;
0,783253714346318;
0,772879777742402;
0,771790993618346;
0,787009138618615;
0,815037055302413;
0,837443469740544;
0,84085722938821;
0,834381486073878;
0,83406965155554;
0,841069866444303;
0,846353759986002;
0,851800351154449;
0,867924769336102;
0,892073783713304;
0,911954651115528;
0,920983052377344;
0,916925025018014;
0,904304110293801;
0,894806240376587;
0,899019197237596;
0,916028708265048;
0,920978533414437;
0,904782169467157;
0,893099483787257;
0,663115301849937;
0,107355861069375;
-0,162994741174409;
0,0114742991665994;
0,0560818020597525;
0,197101074155844;
0,758851609882418;
1,03353311748602;
0,832497068794098;
0,783435266502216;
0,876036920169571;
0,855426011985765;
0,826620866284022;
0,841051907446698;
0,848995477735246;
0,847989489814004;
0,847182865153163;
0,840710112388595;
0,837974869025322;
0,845293073862413;
0,632001781809104;
0,102510576630368;
-0,155313107692728;
0,0108354324436869;
0,0534833444307478;
0,195756507199857;
0,750017977363809;
1,02157867144414;
0,822876220994699;
0,764122187611568;
0,83649822843819;
0,80691498839931;
0,79202059364694;
0,84199940348483;
0,920423076113992;
0,947573023287882;
0,842582813456747;
0,765555105933635;
0,835978924843625;
0,933053140336743;
1,00534359467428;
1,06429107035963;
1,11903756781697;
1,19731405645609;
1,27718603114477;
1,31888104941873;
1,28833090736253;
1,1892927191127;
1,0913420021936;
1,05450910791151;
0,794292738122569;
0,137966262585989;
-0,196687480456141;
0,0106271156046194;
0,0690587107942948;
0,191958503887795;
0,752771917180295;
1,0255439439296;
0,82304240161306;
0,771403681386175;
0,823486748639527;
0,723576561069443;
0,603116183783662;
0,514384088595187;
0,421362749345632;
0,366498238214114;
0,373667413809709;
0,391352250196367;
0,38994321977091;
0,401146835372876;
0,43392084199535;
0,452131291265716;
0,427776670982274;
0,360049409078756;
0,285873110119025;
0,267017736318562;
0,314396923343427;
0,378022499932316;
0,424850520115312;
0,444135115014531;
0,436061601730122;
0,437243513807489;
0,479871981573096;
0,557118596769339;
0,647767363760804;
0,726164691871832;
0,762272818776202;
0,740298869971904;
0,684162877953215;
0,644611506467762;
0,654345045380097;
0,709622816560987;
0,774235948378333;
0,805391391533189;
0,79268597602943;
0,755281684362144;
0,718991349612097;
0,709779473853786;
0,745540705468014;
0,816383882187054;
0,875775606868977;
0,883896598760531;
0,846657272612714;
0,795193370824039;
0,767075147682433;
0,784355747090752;
0,826569274724834;
0,858688444480821;
0,870154707343657;
0,868562261181453;
0,870771713357528;
0,891460708307792;
0,908392095801186;
0,892606203225168;
0,860120754514838;
0,831731575327967;
0,813815115651842;
0,822749329780706;
0,859474305688165;
0,899589519537748;
0,916689348684998;
0,902226532726779;
0,875669024201314;
0,852448373984397;
0,831686491679634;
0,82353492508432;
0,831781244395369;
0,833133607315657;
0,808900873384985;
0,770215608826092;
0,737409718508765;
0,717794421724325;
0,717454534402955;
0,740802302417185;
0,772088452350036;
0,788735236576132;
0,783119538109142;
0,759403726021158;
0,728876468759553;
0,70886360316677;
0,707482538277811;
0,719976286152211;
0,745067910969344;
0,777156234741868;
0,797605634594065;
0,799033792046877;
0,790694359136708;
0,781946528845563;
0,778703535378792;
0,781331875531511;
0,78761825875446;
0,796627853833317;
0,802505672871889;
0,798298851200153;
0,789727619701972;
0,792684541428512;
0,812439923251487;
0,834770658968104;
0,844022804820656;
0,843173847978413;
0,846831109715028;
0,863563010044695;
0,884039195413451;
0,885985025845769;
0,866486019801905;
0,841927777450732;
0,821236059089466;
0,810011797943575;
0,809586678106999;
0,808063022824437;
0,794872130385833;
0,771947127975879;
0,748474533668142;
0,734643862785614;
0,732946643680363;
0,737568762190515;
0,746588067237498;
0,759301955893775;
0,768895889861321;
0,77442343827628;
0,78345327494196;
0,799597031926964;
0,819512605187476;
0,834084567360472;
0,832500182427628;
0,818871144797452;
0,811861490161214;
0,816633370784192;
0,824204560184903;
0,827295578424554;
0,816717580885736;
0,79324354157318;
0,773634261458541;
0,766502295362636;
0,767086318796212;
0,768007308053021;
0,76604703458795;
0,766710199538563;
0,771838134115482;
0,773930619747349;
0,770867511471225;
0,768563337767235;
0,771412568419795;
0,778282432518471;
0,785946722146953;
0,792373928533322;
0,796052748499857;
0,797874769607879;
0,798343730983536;
0,795529278927222;
0,788714891024192;
0,779601815715857;
0,773123075122731;
0,773908211099414;
0,77936652023781;
0,775967073487518;
0,757063237804699;
0,733458115940411;
0,710525475763809;
0,688194365650534;
0,501266144710963;
0,0798753099832521;
-0,122450372141782;
0,00877304712270225;
0,0420870635353754;
0,133046693875201;
0,512418997499987;
0,675942698314481;
0,492563787240635;
0,408558127358962;
0,424077090892669;
0,373686766448165;
0,342842563311422;
0,359183260932605;
0,371822770366152;
0,376008807612897;
0,380890036909456;
0,388767552235751;
0,409901380088493;
0,451294573301778;
0,367141585083796;
0,069234648456827;
-0,092722089897289;
0,00365161315233148;
0,0331033981760608;
0,194575976914124;
0,729403461642069;
1,05325112731745;
0,993188856544436;
1,06244114078099;
1,22000214044775;
1,23551114298582;
1,23653843665053;
1,2944556383071;
1,35659652632693;
1,41383426497103;
1,45961901140749;
1,45436578444249;
1,403627146404;
1,34997567833641;
1,30899302608699;
1,28466863030917;
1,27884038809288;
1,26971279370944;
1,22952276233283;
1,16804949267797;
1,11817715477168;
1,07727364171904;
1,04272462714758;
1,03488412855243;
1,02746271958265;
0,986363573135617;
0,942795241802777;
0,9207767003167;
0,891545659500614;
0,843210467717349;
0,792881661041009;
0,750019230254577;
0,726748566694299;
0,72919763648601;
0,733159479682274;
0,714903739897082;
0,677262974017811;
0,636246602322549;
0,605853203172147;
0,623952071317885;
0,694604813387009;
0,705260807417351;
0,634795017877161;
0,596024766486178;
0,44319802876901;
0,0701766755512942;
-0,109281375360417;
0,00853120135864891;
0,0372181607407893;
0,189491046508629;
0,707559090411052;
0,962865377051925;
0,78001587568576;
0,716707672770098;
0,772627597723856;
0,732464793329787;
0,703840046747804;
0,729858730676222;
0,760850646281443;
0,796809578800582;
0,837805685288368;
0,868156102277717;
0,89012570543967;
0,910115691171308;
0,926193355556958;
0,938983408642462;
0,949442537219526;
0,951422381424723;
0,943015300209543;
0,927344416072543;
0,899727579958126;
0,86156353216772;
0,824491554866305;
0,790797014859016;
0,762421058759328;
0,745578038480031;
0,737771945039906;
0,734482800971386;
0,732985329329727;
0,736382171812904;
0,744788110256225;
0,742915477315621;
0,733312844571797;
0,73153567105344;
0,54460484677441;
0,0880155281409977;
-0,133724345995643;
0,00940755395499758;
0,0460177448506097;
0,193917305915164;
0,73685556132897;
1,0126840184782;
0,833587446891255;
0,783758543920213;
0,648917812354147;
0,108472275700993;
-0,165530090367206;
0,0132661956563681;
0,0560539731844883;
0,193132579610695;
0,74786521899777;
1,01802829018301;
0,813546050005897;
0,75254422511975;
0,831870577535656;
0,812250715082906;
0,798491130038072;
0,823415614022987;
0,829720268180049;
0,824904792261562;
0,824907950787332;
0,824230093964504;
0,821331476884098;
0,820263906593731;
0,825230140435124;
0,836243333068931;
0,850636499715086;
0,857632330912909;
0,847436356371971;
0,834020609405625;
0,835117849361563;
0,849498634459037;
0,858268988191242;
0,847612150441101;
0,891955238856901;
1,03601769332397;
1,12799704575695;
1,1194678132721;
1,14144949155728;
1,19134824752164;
1,21255835753498;
1,21560341011151;
1,20787679332798;
1,20469930709929;
0,902376105818588;
0,150108324414105;
-0,222503807070118;
0,0143231861923373;
0,0771306167527983;
0,282990948834759;
1,09469866338991;
1,51489587650186;
1,22762031453372;
1,09621847197596;
1,1389720424812;
1,00992879687818;
0,862930846841899;
0,772128181501134;
0,676701306581822;
0,602196107071129;
0,552255670033997;
0,484902958334512;
0,403438889275343;
0,336834516638951;
0,29469424419269;
0,275330145903179;
0,279287814105622;
0,331498053257411;
0,449048321143636;
0,486266115859909;
0,329605562431716;
0,224237731006335;
0,329597557397871;
0,470309220491552;
0,404975899984777;
0,0799003081668434;
-0,103017157105366;
0,00296573864553548;
0,037241191583034;
0,0868778467311345;
0,355192847011333;
0,51809107977778;
0,478408697075194;
0,507778822097745;
0,599881768065235;
0,650079667905644;
0,66964089506292;
0,674676065191922;
0,684920590576754;
0,689722753981089;
0,691739412457599;
0,708390220536337;
0,711096677982702;
0,69487071960621;
0,699774490067832;
0,716180457991875;
0,706323784961716;
0,686862402583809;
0,69096472697103;
0,7101875160396;
0,716788170611414;
0,703118040152328;
0,687870338502;
0,691700834613584;
0,719412884823738;
0,759159065040957;
0,786723551337983;
0,795438928582145;
0,796945568728265;
0,785030251871019;
0,764782423775982;
0,771971017168229;
0,797888752833315;
0,801437279183405;
0,588021003732681;
0,0942382802115325;
-0,1436474278807;
0,0100666730636192;
0,049472378267697;
0,215678785238953;
0,813657541241678;
1,10445360602686;
0,880176941478606;
0,798529275340089;
0,87086690824038;
0,847399479573177;
0,833792464060917;
0,856364165981024;
0,85241817496731;
0,840751015762571;
0,841795047707807;
0,841678230557204;
0,840158775139959;
0,833624759166889;
0,809425434654086;
0,781010720663759;
0,769474227679194;
0,772513638251299;
0,77706796687488;
0,779561572497983;
0,780859954660886;
0,775571948528797;
0,770738630725708;
0,775529121178919;
0,783568122647092;
0,793189891859388;
0,795046420542349;
0,783599016199038;
0,779504728390398;
0,788755994706869;
0,800543325723591;
0,814091480585413;
0,827154423868267;
0,837150010910204;
0,847594722741427;
0,857439044333943;
0,863881019906726;
0,864062665478172;
0,856562264010703;
0,851780725098636;
0,855326283459084;
0,858541331787524;
0,86133970334168;
0,867389340098205;
0,865938785032613;
0,850016404451052;
0,832412663741848;
0,825144067479855;
0,821681903356985;
0,813216304908342;
0,807631257043345;
0,81215878916112;
0,814102554665525;
0,804030743820196;
0,790751973113084;
0,780115718803416;
0,773323325016378;
0,775060677954079;
0,783966582841411;
0,794909401480366;
0,804904791674105;
0,812114422616866;
0,814270203571058;
0,807744251859435;
0,794185461832482;
0,780854715510632;
0,774171899628313;
0,778190049450301;
0,792721933876367;
0,801111254030915;
0,786745391878041;
0,770938502873872;
0,777181983128658;
0,794336006682657;
0,800128149195839;
0,786249758023925;
0,774794437889833;
0,775565569175675;
0,767404303629529;
0,752409866700453;
0,750837062945361;
0,765083674498559;
0,778847345908506;
0,777260412041462;
0,766864662650016;
0,760810803806454;
0,762287384865459;
0,770454244565274;
0,776779958611129;
0,773285817201879;
0,770496995553327;
0,778524780297214;
0,789612263592893;
0,79698170309971;
0,80143022667497;
0,802782334644664;
0,803489842765895;
0,805381290314958;
0,803993339246695;
0,79986406642599;
0,799731446328218;
0,800655567158671;
0,796458827923218;
0,791191524940396;
0,787090160717123;
0,774603355240296;
0,748695749111182;
0,7235155729215;
0,710901047137957;
0,704763966152221;
0,70129220109142;
0,70073011924893;
0,700339722555018;
0,699993997772595;
0,691906254980643;
0,666383510715114;
0,628454808136901;
0,587835506754798;
0,55020072744351;
0,51314688281618;
0,471043626311006;
0,428431222312385;
0,386531884617166;
0,343873162337176;
0,313768965392393;
0,303497390954929;
0,308483654774761;
0,3328181020255;
0,37374634148645;
0,415819019597784;
0,457140280276209;
0,500630349349764;
0,547684280200056;
0,617447560601509;
0,710911814787629;
0,799733396240713;
0,897538486408341;
1,02597082847085;
1,1398920633478;
1,08608731868056;
0,851342419831637;
0,808082596385547;
1,03471903155985;
1,16966813644;
0,872613392645777;
0,146932506881725;
-0,212887897283351;
0,011787570586822;
0,0747172003768831;
0,328851388753429;
1,22491460741128;
1,64148856359935;
1,28855714990968;
1,16597522010232;
0,952045424365911;
0,149223407832914;
-0,241860508924852;
0,0230736599099529;
0,0802937132174572;
0,192583063547138;
0,784591499923908;
1,06982134105954;
0,854750389303228;
0,801757004255696;
0,660555131999534;
0,103086289324351;
-0,167605791016579;
0,0160809645504309;
0,0556078943105205;
0,169095599812112;
0,659433453244087;
0,87009595820431;
0,640570490333107;
0,552509625770881;
0,606593180055408;
0,586783984139838;
0,585272761797988;
0,612029555710237;
0,596533710270268;
0,560218029547686;
0,545595796832935;
0,563436169258615;
0,619935494175215;
0,701021648149076;
0,773743009360821;
0,825338504809652;
0,861446745492938;
0,884984104560124;
0,899993174998202;
0,911405807350822;
0,922769918504611;
0,940063747391555;
0,957748670035683;
0,964131785736253;
0,96187790354002;
0,952638252497984;
0,933661056533134;
0,910502442162768;
0,884002350738209;
0,852851627786471;
0,824446414259293;
0,800150061408842;
0,777697829200312;
0,762611803486937;
0,758149781300212;
0,761734995275207;
0,764121739071843;
0,756386573739638;
0,745749402268174;
0,740763475745427;
0,738950969016456;
0,743812440674843;
0,761214012852202;
0,780410883391257;
0,78316833036969;
0,76422020907673;
0,735890349692939;
0,713318505361246;
0,700787631714639;
0,699189671190967;
0,708612660373959;
0,721692510890814;
0,734485462020964;
0,752243682257759;
0,772460957243639;
0,789572665676372;
0,807144623239318;
0,822909480417916;
0,831575231128306;
0,835713401199519;
0,83676387589925;
0,83604119890088;
0,836958415369904;
0,836078746057609;
0,825655421888335;
0,809049750148551;
0,797583267609658;
0,794496504876531;
0,800058043646871;
0,811810716721428;
0,820166812849863;
0,824876317108418;
0,82977973016268;
0,829557528478454;
0,826678165515437;
0,830133775356818;
0,837410583588221;
0,84090010435514;
0,837331275308103;
0,826971973652733;
0,814909816642752;
0,807060753015885;
0,803321681090777;
0,804185105282689;
0,811821405897152;
0,81944416059989;
0,818141129723328;
0,810230174144597;
0,803955887484837;
0,801751433185551;
0,802822625223409;
0,807172445211356;
0,808520766362293;
0,804734081134993;
0,805965189797576;
0,812358377041129;
0,8164377861534;
0,821008196278914;
0,826356844310656;
0,823636688006144;
0,813598390326397;
0,812210257583413;
0,821930619031544;
0,827537691994446;
0,61436731775523;
0,0995202676372947;
-0,150684933614834;
0,0104179080081744;
0,0519405987024526;
0,182825722060443;
0,707160575605488;
0,975835345525137;
0,808230026559182;
0,771686417042002;
0,854621520116767;
0,831942345152151;
0,808409234347782;
0,819065264893775;
0,811289553996559;
0,799310487530962;
0,799574668581974;
0,801697859402692;
0,807872301827211;
0,820270902355087;
0,827937542606958;
0,826590986051756;
0,822354562545925;
0,818114954675915;
0,814160826131494;
0,813373577207406;
0,815671762155591;
0,816938391694979;
0,814999952563543;
0,809762934228991;
0,803245280469297;
0,800638094837474;
0,803571779313715;
0,808519790374561;
0,813119327622367;
0,81655460782534;
0,819754643351577;
0,822911178347402;
0,822917461028357;
0,821527746572908;
0,824297938575767;
0,829682677219698;
0,833199424144949;
0,835250013534628;
0,836733372955674;
0,83721347105555;
0,837512469111739;
0,837900660690924;
0,837899791774217;
0,838268574088149;
0,838990773484162;
0,836709123535551;
0,830205117334422;
0,822696787252825;
0,815475802387858;
0,811118153739007;
0,813228684742731;
0,818535933915327;
0,824032463292951;
0,83040445184084;
0,835384033043135;
0,837023927918814;
0,835986151660712;
0,834107764299664;
0,832714799405168;
0,830919678855702;
0,83046946837631;
0,831157211359415;
0,827021061371838;
0,818888268259781;
0,811834093532282;
0,804185793135974;
0,795490078031335;
0,789298112924789;
0,784958760683268;
0,782990748016023;
0,787999224921643;
0,798837364353156;
0,810040004808161;
0,817976749554562;
0,821467617769349;
0,824428311270428;
0,831463385649708;
0,839960603858879;
0,843322033519597;
0,625170049235911;
0,100524799764638;
-0,153259957570996;
0,0108724536177864;
0,0527077759282497;
0,189737724620867;
0,732490650243779;
1,00755742028557;
0,826940473958678;
0,783119393113838;
0,867840896192524;
0,84462383309689;
0,819834287989568;
0,831483020457602;
0,823647467026497;
0,807168045294933;
0,801468707054549;
0,798335242418107;
0,798645798521555;
0,807259746012007;
0,818249426158118;
0,827323539188877;
0,831752871991366;
0,828325400255363;
0,823690825287275;
0,82456725354313;
0,827855647575735;
0,831415584614152;
0,834824101652975;
0,833820054904584;
0,828464855113238;
0,823899971977666;
0,821589815685299;
0,822123720102834;
0,825759788845756;
0,829885353119184;
0,833890656933891;
0,836909975220916;
0,836569908039245;
0,835533794873427;
0,835885798964373;
0,834398140666156;
0,831120945359237;
0,827880954796982;
0,824678110106856;
0,823734267561894;
0,825436059953917;
0,826176867743708;
0,824629825692548;
0,823954150898739;
0,825723381399637;
0,827285267027735;
0,82881175594481;
0,832786146511066;
0,837616546688701;
0,84024802436978;
0,839227801157958;
0,834592920160721;
0,828706244909895;
0,822826060001153;
0,816748414068985;
0,812906744133852;
0,813596678001338;
0,818281532629996;
0,825303366430653;
0,832015537399306;
0,834198903936743;
0,83149983498574;
0,829234355209059;
0,830271725050393;
0,618752711976522;
0,101163859125589;
-0,152069165977323;
0,010276811844867;
0,052513366749971;
0,185815854694835;
0,716366037098894;
0,9828238768446;
0,803751595790687;
0,763372668938246;
0,854533747025524;
0,842369300832002;
0,82729563550461;
0,847364442832214;
0,846742956079331;
0,835596568226259;
0,835141388501101;
0,834432510785555;
0,830204089352975;
0,82950394526461;
0,829473381869842;
0,824880897575375;
0,81889669825903;
0,816903869943341;
0,818892324208575;
0,820254866688814;
0,819212279296113;
0,820585822443644;
0,824170428939598;
0,822709658977632;
0,819595721593256;
0,821744817404976;
0,824942112291887;
0,826724768156424;
0,830263505752983;
0,835207991006624;
0,838523155857307;
0,838982132008773;
0,837824606041407;
0,836466009067973;
0,835956324079216;
0,836888739030525;
0,83852373860767;
0,838579642430337;
0,83509238274804;
0,61715272509041;
0,0991359975070358;
-0,151247843428489;
0,0107481117930942;
0,0520090531117325;
0,187163491641126;
0,723175909580615;
0,996433529006367;
0,819590003538278;
0,774811706322803;
0,856871073747739;
0,835240879273635;
0,813048595268368;
0,8292177617529;
0,831607141210463;
0,826633165473306;
0,828856447495356;
0,83002264433529;
0,826261126609791;
0,820790125353371;
0,815778032813497;
0,812016979250732;
0,81101180337004;
0,812347185532176;
0,814642667097582;
0,819600993766243;
0,827393760324841;
0,83390994231086;
0,836195185069541;
0,834997665420868;
0,834044566205871;
0,836664766264889;
0,8405142876354;
0,840251499886384;
0,835135059524215;
0,82890309045552;
0,823100432587739;
0,815457198685957;
0,806437301500464;
0,799858069908486;
0,795690537800667;
0,791045018346136;
0,78611667799466;
0,785039824901826;
0,792847209173961;
0,809787204969604;
0,831510540955177;
0,851718810250693;
0,862272450869722;
0,861550745146782
