1,07246948061533;
0,158441996078255;
-0,268434855741473;
0,0277456271096966;
0,0882865986912658;
-0,0475532081782183;
-0,0113505071868197;
0,021639008532966;
-0,005026301507644;
-0,00558666643818208;
0,00412666276459765;
0,00025727345369401;
-0,00157456769017443;
0,000568069959498935;
0,00032173547298707;
0,127074390187216;
0,430243595516131;
0,552663768334985;
0,397953642855506;
0,369551507467148;
0,38942441233354;
0,110497337169973;
-0,10771018127313;
-0,00635518240473258;
0,0428785335771821;
0,281938977979916;
1,01326927987484;
1,40683134316425;
1,24388082883254;
1,26210262342054;
1,04529625605859;
0,16636625867605;
-0,264948856193674;
0,0239207930162023;
0,0885779843842006;
-0,0463043944654598;
-0,0119789481917076;
0,0214586324889043;
-0,00472741762950161;
-0,00564773455370471;
0,288270696986785;
0,922181101178278;
1,10272139384761;
0,730265589013662;
0,559001369716062;
0,410800901814998;
0,0328651138163753;
-0,100221078755995;
0,0208626332157677;
0,0283789805938123;
0,0137839787765214;
0,106310003474181;
0,0899957904206313;
-0,0760035264864053;
-0,154925156648741;
-0,101159036051971;
-0,0189954645556145;
0,0211908050170825;
0,00147482370017579;
-0,00871994295383756;
0,0110591403608532;
0,0305340416665416;
0,0507271214846706;
0,0473846213420661;
-0,0524275190183395;
-0,0788262210750369;
0,190398213884666;
0,424177095591759;
0,390819808348614;
0,378640642815415;
0,464986329580143;
0,50252601982685;
0,549011776351337;
0,724942949673534;
0,936856997765226;
1,07877874412295;
1,1543510306506;
1,11538335630163;
0,950999090567443;
0,760124013833973;
0,608604818496039;
0,491805308077288;
0,455505794769649;
0,506811593403153;
0,561807411211277;
0,449699757989443;
0,0904133687373249;
-0,112762033999776;
0,00163877409660351;
0,0415255759036059;
0,0757749065130228;
0,383611103376343;
0,62438194197643;
0,455558648871084;
0,206746191457787;
0,127719217359762;
0,0368851475493472;
-0,0358367250413317;
-0,00206150653937628;
0,0142289197319417;
0,127965096841307;
0,457334506373278;
0,690720626084132;
0,78310627375777;
0,947984825610719;
0,781102477532925;
0,118589601604403;
-0,194500248839625;
0,0182799567471145;
0,0648094872543136;
0,259854460486229;
1,033021808587;
1,57012417023263;
1,74430581111509;
2,34789574480964;
2,24076420909263;
0,448514395634733;
-0,589381164315575;
0,0248882967691711;
0,208976687360268;
0,360733007723125;
1,48206012172108;
1,96983722864367;
1,42238653327869;
1,07553734504363;
0,699052081928733;
0,0330389556824095;
-0,160813755897818;
0,0395381128650034;
0,0431461565672827;
0,090961725127479;
0,375947828861988;
0,451773840619267;
0,373316325441953;
0,505830573779836;
0,695342155022777;
0,812816720978741;
0,894792530992549;
0,914665612303459;
0,977654283892654;
0,812647402304518;
0,154946443741212;
-0,208900567374114;
0,0094816669408001;
0,0739152947944876;
0,0689834028195745;
0,324424079830269;
0,445929644138516;
0,358495624976774;
0,359017368933845;
0,300546642960244;
0,0488953395017955;
-0,0752340532426858;
0,00588477799841452;
0,0255831444467309;
0,0987154256769391;
0,378814349184968;
0,534085000822902;
0,488811720503921;
0,539534543706283;
0,483366413562674;
0,0931483827748254;
-0,125326883039528;
0,0058427809807246;
0,0442445696251558;
0,0790200746802261;
0,350951795951312;
0,533903009343507;
0,505697971896845;
0,494189225734507;
0,3554166394745;
0,0303281421475609;
-0,0854687188644072;
0,0165350159575236;
0,0247975268052552;
0,112894499696182;
0,399763951980274;
0,445489588528189;
0,289217121729398;
0,347907824396204;
0,420492394637368;
0,401839775031869;
0,582545178423684;
0,897571923387001;
1,06983390826958;
1,07433135201916;
1,03622700434001;
0,98390209107459;
0,953478236354296;
1,09130360326909;
0,996160627203393;
0,230194414742631;
-0,261651918274544;
-0,0021380226112734;
0,0986362342812945;
0,340928447575031;
1,30437319092365;
1,79490512026704;
1,38576686045543;
1,19810461780547;
1,02014702970014;
0,195968809125292;
-0,265865948828116;
0,0133800356060231;
0,0933828127357622;
0,323931665563138;
1,26848253640067;
1,76624249737524;
1,40468598091946;
1,18365226983743;
0,900592738326878;
0,12299833730692;
-0,225428954588218;
0,0275467399942057;
0,0722574523105086;
0,300431872001127;
1,21371378487875;
1,81483895913834;
1,66176050760161;
1,5020064711077;
1,12314419964963;
0,175090961431979;
-0,277122880157483;
0,0228855422812109;
0,0938192420457728;
0,461436437199771;
1,63922916551575;
2,02541636910228;
1,42223183520861;
1,33344110340396;
1,18809156774958;
0,200622326525599;
-0,307804642781421;
0,0261711425669356;
0,103426485219647;
0,109282078309831;
0,51711496740084;
0,684553814132172;
0,497880194732727;
0,492450668129172;
0,606058557916565;
0,606203391069389;
0,544785926186552;
0,513016397473958;
0,537650291417453;
0,618695030960996;
0,788730587044042;
0,982357172326963;
1,12557545155532;
1,25744890626262;
1,01200943194204;
0,182442884109682;
-0,254046482267899;
0,0127205447844663;
0,0895396718455583;
0,384567952694864;
1,49780174933527;
2,17107978907744;
1,93333489400359;
1,83760881591839;
1,45147604425432;
0,220756965695986;
-0,364814407886681;
0,0357591411012059;
0,120804359941062;
0,421844363372839;
1,66369778583658;
2,3499004262374;
2,02070383760678;
1,9062699153607;
1,52761801374221;
0,246814768744221;
-0,384474429693413;
0,0318302761003643;
0,129897620310411;
0,338992331840393;
1,41976406627477;
2,09390537634592;
1,84870985260462;
1,67838100505517;
1,28548135595548;
0,198363691694337;
-0,319953694517279;
0,0286539545478691;
0,107244773104066;
0,312532629703263;
1,16054648040864;
1,39741733139034;
0,885566967801163;
0,790316729295785;
0,738148799028079;
0,133552181719305;
-0,193785205770502;
0,0139743558001706;
0,0661509067874656;
0,147166052975534;
0,607704148424816;
0,879084260197097;
0,762763506065236;
0,491539720152065;
0,070312583451377;
-0,124239362198198;
0,0124265594038502;
0,0412710361019217;
-0,022070343599821;
-0,101415617582713;
-0,218697949779346;
-0,0433989503170627;
0,368026302506996;
0,623807503821971;
0,447610990486647;
-0,114894866820323;
-0,181115227619211;
0,372830241890299;
0,673277590781075;
0,0680306628345584;
-1,8241677144011;
-4,93136873563255;
-9,1387415645396;
-12,4279926789842;
-9,56180676220806;
-1,24565329252432;
2,29391509981874;
-0,260437033554877;
-0,747082031972672;
-2,68903550794742;
-10,0044810377345;
-12,2642985892408;
-8,5215792627755;
-9,19549682955256;
-9,10531321723637;
-1,65282028848652;
2,43472909517954;
-0,195682137644597;
-0,820932324925759;
-0,0687393276751491;
-1,00456765484131;
0,033712753682991;
3,2836929271219;
5,66606743297512;
5,20597614173192;
1,20627249062413;
-1,35286516910742;
-0,0209435835499954;
0,514800684434178;
5,07637196238441;
17,6472417610357;
22,8831088044193;
17,5732444710244;
16,4421960002272;
13,9905514740011;
2,2566825003481;
-3,59937863346074;
0,33823837472113;
1,19588140558092;
1,56505003330599;
5,09854746105979;
1,13972705801348;
-9,66105363814535;
-17,4801010852583;
-21,4388812185497;
-21,8279775519133;
-18,3310414385742;
-13,5783558241174;
-9,81852461775116;
-5,98506774698263;
-0,822823791379032;
1,40380044889437;
-0,126331314914213;
-0,47285858819331;
-1,91289970747077;
-7,84715469140398;
-12,1509690094689;
-11,9633947965382;
-12,1274865287518;
-7,50037004737423;
7,52689521916597;
17,8016239240662;
15,19029612894;
11,2905395976523;
7,9508513420089;
0,60929106101899;
-8,03386064227794;
-15,7413614326492;
-23,0735368447955;
-30,0871402899635;
-36,4606484089546;
-42,8200979680081;
-49,944062039822;
-57,4174677252008;
-64,430216137922;
-70,0502770384634;
-73,5910146113786;
-75,3033767374868;
-75,7335012651983;
-56,2477987396934;
-9,15570914156845;
13,8008944185382;
-0,938080371677065;
-4,7640993972207;
-17,2172724948545;
-67,4037846288438;
-95,7680109325189;
-84,4312275636364;
-81,6433672248256;
-40,4676000910976;
73,4925292070987;
135,167806511254;
110,458232403688;
103,917896454264;
88,231939415196;
14,2125610888504;
-22,6391984974655;
2,1063742664935;
7,53290821914015;
-3,96221696723652;
-1,00871397445754;
1,82940046938944;
-0,407479731136387;
-0,479615801833309;
20,5433279596245;
65,2152710252629;
74,0422481397418;
34,7238650729098;
3,92035140865222;
-7,1014219676411;
-7,40082819003543;
-5,81011620485503;
-14,8278071533419;
-20,2126197332661;
-11,8025571860357;
-0,654961955938812;
2,37975351331104;
-0,432984343423185;
-0,716940553230921;
2,62652879751226;
6,94926029777684;
7,57403058539753;
4,17671854180328;
2,79258027702655;
3,95632060552071;
5,28473984005088;
6,97076396728644;
9,45277169284828;
12,2737246268388;
14,0413533133578;
14,1671299067151;
13,4998587264778;
12,8523546784841;
12,6830947058577;
13,1757600891618;
13,9008963568759;
13,7760500538416;
12,8539502214268;
12,580667982087;
13,7557498200924;
15,7065974450838;
16,0368881318273;
14,2613743826563;
12,6006415205631;
11,6315871501009;
11,0645493258075;
10,6043037314639;
9,66613032200856;
8,85187289228031;
6,43866809641176;
1,0439033479131;
-1,58795247759309;
0,113846388783712;
0,545292166122366;
0,663575072436893;
3,00882639694071;
3,94679844414586;
2,61140487320528;
1,97447606296474;
1,84505612697063;
1,09336817873742;
0,369089426280446;
0,194150997704751;
0,233266306354803;
0,172355737147067;
0,255750774052371;
0,583931639126995;
1,03900524903665;
1,45843266847803;
1,17839732077515;
0,155471310116639;
-0,290569929160248;
0,0358124407023625;
0,0931336356794768;
0,27484099218136;
1,04279991064479;
1,250777589975;
0,874986509567948;
0,962912263935702;
1,18832443745628;
1,34414367763462;
1,68537873732486;
1,96863994880259;
2,33848898306433;
2,08235897601347;
0,437202399246311;
-0,542950955374992;
0,0117759290331049;
0,197598850730474;
-0,0884623603110142;
-0,0329435290442097;
0,0452043486400567;
-0,0072184416244816;
-0,0130452021237464;
0,554917499086679;
1,85745650273304;
2,44820435805826;
1,92374651483256;
1,5668364026665;
1,17086280522818;
0,258345618418261;
-0,150980477268462;
0,194533397358381;
0,405325607527734;
0,319732246582966;
0,245097940227032;
0,108557327098206;
-0,319294618107703;
-0,878883813428478;
-1,15766561624473;
-1,07181622654516;
-0,699818422113828;
-0,117675129329963;
0,507728814895414;
0,860322515570672;
0,583690214769997;
0,0321598076618165;
-0,136775370154792;
-0,237975951757784;
-0,367359771905656;
0,120192826351978;
1,35739414667632;
3,52037919236836;
5,92121800059928;
4,61775892728515;
-6,45893364124166;
-27,7964816224349;
-48,6242895695452;
-59,5914597073758;
-47,0185453102001;
-8,25508804702952;
11,6628041003595;
-0,603339770744809;
-4,10620891098931;
-6,4605648546679;
-29,1409973037395;
-44,782653719236;
-44,9920046575007;
-49,9790729620957;
-53,8682436771519;
-48,5827896485164;
-43,2558069268972;
-41,3354950587422;
-43,1673874539879;
-48,4475762054566;
-49,7237104646014;
-44,4496765847587;
-40,4702880856806;
-43,099030532673;
-36,0848127319005;
-7,24526201931848;
9,22874712311043;
-0,239773912406344;
-3,3462705637798;
-1,96415856924813;
-10,1118367201718;
-11,5678761393075;
-2,45054785598502;
4,16973033400061;
5,03689182992257;
1,48160488588633;
-1,381723182991;
-0,11089822738825;
0,563397633789191;
16,5235197105904;
57,0253274876424;
75,5081341424228;
60,4924050195866;
60,3915776495835;
55,663492729885;
11,2760359668346;
-14,7281430541444;
0,611894280451786;
5,22412015239584;
17,2238396299003;
65,909052118036;
87,7108307882102;
63,1970238752689;
48,7846713317005;
37,4253102502144;
5,37739491548178;
-9,43198329368636;
1,06946591343558;
3,05821685833231;
2,02518340171036;
10,9060642359237;
12,5504189989742;
5,98865996721044;
5,70726676905335;
6,27099312242474;
1,02165412688978;
-1,68606472397687;
0,189304824311588;
0,544369543697418;
3,47809047377611;
12,8159486449787;
17,6216389177212;
15,6344766280183;
17,0103553638388;
20,4904366785641;
20,3124163933121;
18,2935754496593;
17,5974687165176;
18,5570063490384;
20,2529463976994;
22,2544601201156;
24,2677425620227;
25,7941802752858;
26,1524736679282;
24,5612238091834;
21,3537220943905;
18,1482037995658;
16,0623172030056;
14,6963586165931;
11,5858761747597;
4,6837700629472;
-3,10965760404501;
-7,65809896961793;
-9,11125165170838;
-8,78294008770993;
-7,13710520762675;
-5,10751308392776;
-2,94791944232327;
-0,250650960931307;
-0,413922537239164;
-5,48162670599374;
-7,28884937559291;
-2,85817568815948;
0,524405839264383;
1,14656078758906;
0,53826795534808;
-0,320073399500976;
-0,106823318997125;
0,166362564880792;
0,52373309205509;
2,18566605173888;
4,03771581760737;
4,74283366299639;
4,36667691013435;
2,59831736824812;
0,160737216165664;
-0,572077558785275;
0,116151386880902;
0,16519855654994;
0,728768993369496;
2,90008252486035;
4,18968626102625;
4,22462537595501;
5,2279467987012;
4,82019350137114;
0,917847717791652;
-1,25577390926522;
0,0663837369053945;
0,439677497848444;
3,17411124362606;
11,4312356529798;
15,3050973850847;
12,3960357051222;
11,9568643002977;
10,2280687807915;
1,76827653288066;
-2,63447314476842;
0,19907651359644;
0,896722539244206;
1,26775059923581;
5,62371557984945;
7,61595425114064;
5,83876283734208;
5,61640634647842;
4,78465951692662;
0,728724605999165;
-1,22405194046392;
0,129842675274349;
0,400313619912027;
1,29827918279827;
5,08038556689113;
6,74699218711473;
5,11140730797225;
4,98284433253587;
4,67889462346894;
0,964661166287028;
-1,24468296609728;
0,0481910251159783;
0,442865584382481;
0,7134257707122;
2,99754642031898;
3,92040812564013;
2,54430240298706;
1,87600351114389;
1,54161323907902;
0,233786004389914;
-0,398794321519839;
0,044803769527951;
0,129182222494772;
0,395504686670666;
1,59253210041505;
2,2604859660263;
2,0195297799539;
2,00159251989712;
1,55456957460792;
0,196998002674695;
-0,384213413845867;
0,0511743755153863;
0,121425875368855;
0,527805470938967;
2,07380380121742;
2,95443957912483;
2,56304960165245;
2,46967164980223;
2,93702493659315;
3,43629094421564;
4,02844088470129;
4,46706169507097;
4,17710446326501;
3,34795093537141;
2,75983785864765;
2,61465665857465;
2,49727557526125;
1,10692250443959;
-2,40008567289248;
-4,98494926677694;
-3,54075706280802;
-0,56592746386917;
0,916817742770089;
1,92190625847848;
3,05982918397011;
3,22848198691203;
3,12382987794662;
4,54465177323856;
7,04046710109228;
7,9309627938113;
6,7899656034713;
6,44244578886877;
8,66583198577939;
12,1898170763363;
13,9202458297586;
13,5757873285273;
13,5853438798003;
13,3081894696371;
8,88693609887524;
1,03911117361652;
-2,06308228933114;
0,252301124985767;
0,666043868742278;
-2,92100025102884;
-9,58988685226329;
-14,6650438898074;
-14,9873313673614;
-15,1588282439677;
-12,4486690687131;
-2,39484216674526;
3,17999331908612;
-0,12468193623098;
-1,13448553478413;
-5,48928741415649;
-20,4559250228325;
-28,719000124316;
-25,8612169776082;
-26,893609207114;
-22,7372445564936;
-3,89788090224984;
5,79394911418431;
-0,420382511499614;
-1,98171095260087;
-14,1825462090069;
-53,0695699211916;
-76,3743409209216;
-70,1606400349878;
-71,5470504913889;
-80,4196692277792;
-80,471188211014;
-78,0696084715608;
-77,1783510742162;
-76,5506088236271;
-78,3375295807036;
-84,4521888900751;
-89,8913614993678;
-80,0947822991745;
-48,8475769415201;
-14,204760683249;
2,48631554424438;
1,75496328991288;
-1,26204285450803;
-0,15169120113429;
2,84975837584334;
17,7251860700954;
53,930851147438;
93,324196104832;
116,984105684365;
126,445954788158;
122,984525658002;
112,516869308631;
104,038432617213;
93,6291505289135;
92,5361459984691;
113,041949272037;
122,085200723177;
104,617882444993;
89,8186099121408;
62,7624395564068;
8,49668139230027;
-15,183346245906;
1,64730068467672;
4,97491040881769;
-0,606526649785056;
-2,46235347940787;
-14,0235381797265;
-11,2886481604482;
8,46523905157945;
10,4123399197673;
-0,322643898550258;
-2,14957652500504;
0,790723736255831;
0,468389713780459;
1,57530348069348;
5,18386513455964;
1,62891283741274;
-6,75159413590747;
-9,24053426571578;
-8,62236947940846;
-10,0038583737057;
-10,1973360635128;
-9,20257062417269;
-10,5563307327176;
-13,4707780545473;
-16,5247412585728;
-20,6031617725609;
-24,676619335222;
-26,5664727908177;
-19,7584298504963;
-3,07584634937577;
4,82474289836304;
-0,375339970779921;
-1,64519097672931;
-0,253489938978526;
-4,27035033763756;
-9,27091922506895;
-12,5248713342698;
-14,5896704583382;
-13,7725679257814;
-10,8496952388396;
-8,29806846358012;
-6,05332719941658;
-3,63456508108389;
-1,2658830844849;
1,18339361822412;
3,96990640157752;
7,25780160432461;
10,7073514281322;
12,8099166852491;
11,6713049744678;
7,60944679723998;
3,90036160163493;
2,55763865928282;
2,40903220389558;
2,56234678636699;
3,15116609885561;
3,95263981241586;
4,97952089785094;
6,44225422372629;
7,95406563133188;
9,02540180569264;
10,0430975383756;
11,2394974305904;
11,649020898985;
11,1643351686883;
11,0903398336739;
11,7652712335114;
12,3025256633602;
12,2587765584725;
12,0939130532507;
12,2596129683842;
12,5887951619259;
12,8693752934001;
13,3197859153432;
13,8755563053451;
13,8292115849923;
12,9728558535478;
11,7598910391975;
10,2148856484431;
8,40482529750131;
6,90397159091711;
5,98433566212447;
5,40560858440538;
4,74977070090622;
3,86784423201293;
2,8024089292173;
1,38199601785177;
-0,109931467053341;
-0,665457980353978;
-0,154989682212492;
0,194040882697757;
-0,00917217502921972;
-0,0678238893174102;
-0,679446383282068;
-2,37387525872839;
-2,96922527277583;
-1,67846710686468;
-0,03846532455077;
0,995327123976918;
0,543701619623119;
-0,329662294803531;
-0,0950660319326038;
0,163314353892518;
1,12088551251999;
4,56818615951271;
8,3010408689822;
10,7305597827745;
14,0026795244044;
13,0214565317336;
2,82874229960222;
-3,4148677254836;
0,0450011541144579;
1,25512011556386;
-3,60126447342422;
-11,4882635689789;
-19,0430782684618;
-26,9849596299679;
-37,1446810346418;
-42,0788464301997;
-39,0341354085005;
-35,1963190734859;
-35,0760116223235;
-39,7308108521714;
-52,1550443836181;
-72,1234802221243;
-85,3104819304086;
-82,7642451628025;
-79,5412551223985;
-61,8963500580318;
-11,2353688763894;
15,6596016751424;
-0,815830152707143;
-5,50156673000379;
-16,1617518142803;
-59,7858937561806;
-72,5013752717132;
-43,1837483165317;
-29,0579483708762;
-21,721363410153;
-1,80231882399574;
5,37340176285504;
-1,1186977831881;
-1,51920800644258;
19,4052480495677;
62,8675203804219;
81,8439717813817;
62,3590962549376;
52,5904108425769;
42,7904357372007;
7,1439063487528;
-10,9922300836048;
0,922970207010424;
3,7014222936137;
3,73821482173838;
18,7866181019816;
28,7594882080231;
29,7826711976748;
35,760287269821;
30,5640492746296;
4,90849946772232;
-7,71575953949493;
0,66283607171025;
2,59545664731288;
-3,15656001824697;
-6,33912218271088;
-6,01094582396267;
-1,65078585693833;
2,91403376016084;
3,19843549029891;
0,40866102518438;
-0,802244162007074;
0,110656834171525;
0,251494102011015;
0,233590961124434;
-0,0530879380243172;
-2,4028811943493;
-3,02978286294799;
0,389679914371776;
2,4839322746709;
0,693284359161958;
-0,728875818434852;
-0,0115202264984674;
0,275050328384852;
-0,573517440406305;
-1,82680405657534;
-2,73742613324422;
-2,56058646737808;
-2,30602883283738;
-2,11758182433121;
-0,614815565227393;
0,572258103679353;
0,0482046794083395;
-0,234584333804916;
-1,37746395089309;
-4,67944514307786;
-5,52343791790051;
-2,97544476639926;
-1,50316341175887;
-1,01037402809026;
-0,0304899475757306;
0,250042475799617;
-0,0745931193471584;
-0,060690006766364;
0,0328167395971214;
0,0892613054443387;
0,447694039851877;
0,73312568242482;
0,676665833574321;
0,478518769887276;
0,106679388943077;
-0,121171434753162;
-0,00199020638398845;
0,0462516148394485;
0,939486031845481;
2,83526943569512;
2,76103743518779;
1,11307057813212;
1,18721690750226;
1,55750191067773;
0,323246412412885;
-0,436000880705269;
0,0276531735012789;
0,149739112589539;
4,836673018853;
18,2543956739041;
26,0728258368248;
17,2398473487645;
4,89754402933815;
0,51801665581505;
0,261615894153553;
-0,063055626981964;
-0,103110838853382;
0,0713875496777494;
0,237132983042964;
0,946307964894064;
1,99202371907018;
3,07539574413102;
4,46237217960695;
4,24950585838052;
0,933138695432327;
-1,11604384007317;
0,011404479303532;
0,411616580077872;
1,19841787450361;
4,60676353945358;
6,43265522867355;
5,7726687340587;
6,54609945504718;
6,04980541444159;
1,19383713174312;
-1,58257195938035;
0,0693923018160601;
0,560242576029588;
-2,47660133679877;
-7,65098306779502;
-9,58734894864195;
-6,40429200681825;
-3,37599755384705;
-1,6590837626908;
-9,18854644059033E-5;
0,364566775340038;
-0,117002129677396;
-0,0862260005847906;
1,74670395051791;
5,83843872284047;
7,98630400631953;
5,70542796003113;
2,54169639037727;
0,873158848352884;
0,107977101595106;
-0,15619006075715;
-0,00454054054753445;
0,0624211163457612;
-0,29778746006364;
-0,875426536589575;
-0,815264911888494;
-0,0117433122731991;
0,709637899430461;
1,69743723272975;
3,28871228728561;
4,45917232886456;
4,67584644873061;
4,93778839134069;
5,90145141013145;
6,61226493504997;
6,713788438906;
7,15575570657303;
8,09582719029065;
6,55149793646154;
1,18416869118882;
-1,64258347466794;
0,0798675008435714;
0,580052253050432;
2,38586743711156;
8,91934201010862;
12,0655168731764;
9,94220144572984;
9,99247791433848;
11,8776261811953;
12,4284668917572;
12,904196046725;
13,9533442010197;
14,7802507509179;
15,3802018086232;
16,0118835343197;
15,8964947886704;
14,9513492714746;
14,1457545780648;
10,0802138649814;
1,41769655726188;
-2,44592527343662;
0,246432957805506;
0,809596114146979;
3,29270866341443;
11,8219075877432;
13,8345954495534;
7,37519687449472;
3,91185812010027;
2,6789518243407;
0,0813869994906771;
-0,6522891445113;
0,191382161381124;
0,160071710723768;
0,471252474774548;
1,36091218725196;
-0,068153067736227;
-2,9820149583873;
-4,69316277791201;
-4,26005923874994;
-1,05057818477272;
1,11699150156485;
0,0381770738386146;
-0,434025254473209;
-3,54101171787237;
-12,4998668849387;
-16,6390273746272;
-12,9168400638954;
-11,0353997105851;
-8,74222068246279;
-1,39757230728271;
2,20646061068093;
-0,19201771683037;
-0,74113664269606;
-3,55927559339847;
-14,4481318638284;
-23,1183997056727;
-25,8856658261928;
-32,1987667392135;
-29,6043149438489;
-6,01974972308925;
7,7381897534862;
-0,261103125228655;
-2,77425363950474;
-17,62405921484;
-64,8748184168089;
-91,2603248704431;
-78,8583499242972;
-62,948674176881;
-35,1671680494739;
4,54813617509784;
33,014743763569;
59,7577836815932;
88,967305416442;
105,3369329149;
111,966321477497;
117,459570001236;
117,270751408501;
110,737844483352;
104,668574636385;
100,968702484249;
96,9271515931173;
92,0142250228255;
86,2840612958204;
77,7488522228855;
65,5754141056371;
51,0134324493838;
34,5516972234547;
15,8806631680176;
-4,35852256355711;
-24,1885164367613;
-36,1770754205297;
-36,3736325217349;
-30,7555971042224;
-17,39863044979;
-0,665953297493845;
5,64185610426143;
7,01654036278754;
7,81491240834756;
3,48278834225134;
1,34908533608785;
5,92920893562857;
10,7841030138669;
12,5757827249004;
9,50255600299473;
1,49144184857291;
-2,33091551958212;
0,181460399623494;
0,794439626976072;
1,74053001990676;
6,20841216084048;
5,51665345640545;
-1,20840310394832;
-5,44637145144498;
-4,76624179323243;
-0,985503542670144;
1,19812067238431;
-0,00760493356153898;
-0,4454807805335;
-1,5536054006124;
-6,04204906380679;
-8,84940543484517;
-8,80164035525625;
-10,7286286174978;
-11,6581025648416;
-7,9945615877552;
-6,15692181377235;
-8,96345125222533;
-11,6609584712753;
-9,93502345132518;
-2,9591895763983;
1,93694686764038;
1,38523843383146;
1,78232016144013;
2,82152694993002;
0,779756986485661;
-0,831011536239182;
-0,00804203269437435;
0,311253926995963;
0,70161950644223;
2,92974775220763;
4,40513100328595;
3,81289395956497;
3,18944326793615;
3,05940513591572;
2,82312035775266;
2,60254162901261;
2,44481719629297;
2,25408784168944;
2,00797084305333;
1,7748058080103;
1,66131310725461;
1,37838737110586;
0,571650290663466;
-0,414881730738807;
-1,09851609826603;
-1,77522431602558;
-4,00841159893919;
-8,63463398594243;
-12,2034718968382;
-11,4065212643968;
-9,0795715924758;
-8,34105637315525;
-7,93937953227232;
-7,2455418021003;
-7,96682104975034;
-10,5060839007708;
-13,1267314538959;
-14,6363524414595;
-15,2236245401908;
-15,3156590774118;
-15,5590564249959;
-15,5858176172233;
-13,8493066743627;
-10,7358256180633;
-8,05385163655055;
-5,93418120368807;
-3,6461445421313;
-1,20755187281531;
1,28119053598035;
3,66212284436216;
5,50524955578733;
7,19378495614519;
9,35735885588135;
11,1442256640762;
11,6278855831187;
11,4140987140399;
10,9996477394067;
10,5354028648258;
11,2430914522742;
13,83325133009;
17,8345291068552;
23,2014979616512;
27,9473208406117;
23,5597737762862;
2,54816620449735;
-24,7503316748089;
-38,8748093753674;
-35,9561780902577;
-21,0396273635602;
-1,84772336561152;
4,66734256040185;
-0,730360606454532;
-1,44300918472208;
-3,7849836145272;
-13,7307934319573;
-12,2424331206853;
1,02025645332178;
4,41865136572917;
-0,680480450103549;
-1,2421817812258;
0,608284870417654;
0,211118678435106;
-0,308501535488742;
-15,0012803891253;
-53,5401507482904;
-78,0332377371109;
-74,029440769582;
-75,0640310131663;
-80,0495383084155;
-71,6251438359382;
-60,3940882301471;
-55,2465640482225;
-49,73947813919;
-41,7889372133571;
-35,7401692815635;
-31,1969358001787;
-26,3902537252502;
-19,2196112341394;
-4,98961009463178;
17,1945368635275;
41,0697341174437;
56,4058394694992;
62,3043278406591;
49,0658674946029;
9,13883524997101;
-12,3365256786065;
0,504227462438784;
4,39783506269492;
16,2139744632394;
61,226756652349;
81,3910421486435;
58,2938867250529;
41,4913920408698;
28,3954321094021;
2,98077799816366;
-6,86950590615293;
1,10951928303241;
2,08919956499912;
2,35281893371602;
13,5206920600816;
21,9207429368273;
19,9383274550574;
14,1647063512535;
6,11735166770269;
-0,809652663761863;
-1,12261388430872;
0,645129241704541;
0,146690462519133;
-1,66962233168791;
-4,04072372770194;
-3,2774315709087;
1,82018391006545;
6,86504371751598;
7,230702081689;
1,70765935458942;
-1,91889218602844;
-0,0196748119245271;
0,72458446812635;
-0,0823935366788722;
1,30726408319663;
4,48869068898192;
8,3919190210271;
12,6573887542262;
11,7686853874162;
2,44566095914018;
-3,06199989816446;
0,0734178456688169;
1,11144819097493;
1,49333569686171;
5,72755204558645;
5,04952985117504;
-1,67074592936544;
-4,94951014290104;
-3,16363736415246;
-0,33389987400339;
0,678667624371332;
-0,0728157723833273;
-0,225423359488647;
0,602870860505856;
2,59342542742565;
5,9883686700829;
7,66652209826063;
5,27534867945515;
1,71677058021402;
-0,0389937811763718;
-0,236084109986939;
0,0560749480703713;
0,0694037296618629;
1,67844675786317;
6,74725526071748;
11,88230907696;
15,477048929977;
20,6771253481815;
20,9136446441276;
10,760275179264;
6,8473257207876;
15,6079170527383;
22,4993518029184;
25,0355485325322;
26,0893921389575;
24,2644681843873;
22,294118107653;
21,2447531185934;
14,7593582150959;
1,95207873643793;
-3,51246847899603;
0,373266539226385;
1,15615250209923;
-0,925020686417407;
-1,32330176817657;
-1,56121328778784;
-1,57780516398051;
-0,949534452092954;
-0,770400467421162;
-1,29467985953569;
-1,73414568515335;
-1,49875861757799;
-0,923834010874468;
-0,161984797115809;
1,17911451303768;
2,23882290339495;
2,52397874317282;
2,81306858790322;
2,2408409354511;
0,327943182481285;
-0,555803733213905;
0,0563570994893605;
0,183436919697098;
0,356391806002166;
1,38575740922434;
1,5778567683014;
0,874086328497015;
0,974741210252728;
1,16542249144254;
0,284132175290684;
-0,324294405899867;
0,00174253578613119;
0,119781461832078;
0,454103124069955;
1,76111308549362;
2,59178670455364;
2,37917968812368;
1,40757840720175;
-0,325186703632829;
-0,741826181455863;
0,215625398038439;
0,20673207055006;
-0,168519365186494;
-6,21775984733829;
-20,4419092226927;
-25,2928551989362;
-17,7873571231745;
-15,5898282844314;
-13,3666833378251;
-2,10963393128966;
3,45623276254442;
-0,352754011028738;
-1,13540374570299;
-0,842874420322829;
-4,42085075145855;
-5,16141877113944;
-1,65939998005876;
0,82771211127062;
1,41241622886735;
0,587301575513886;
-0,407021148116968;
-0,092282227541891;
0,191881834586332;
2,49341652607892;
9,21493313517812;
14,311791833032;
15,4067880689591;
17,8584876461297;
15,5121771672187;
2,87094150566327;
-3,98746936385347;
0,217510257119482;
1,39468112685083;
4,83575258166089;
17,8641907428387;
21,8003446554625;
12,2025456078619;
6,76747477511744;
10,8343189539355;
18,8407171864701;
20,0780484160833;
12,4471358766546;
7,29775386763631;
3,44972143082923;
-5,16642397388977;
-10,5779979369498;
-9,83870774225799;
-10,6674543957249;
-9,70423186669407;
-1,84700413259475;
2,53927334903871;
-0,140407622250249;
-0,886002413698461;
-7,42473769043246;
-28,1947867412841;
-42,9335493875832;
-44,2930982906241;
-50,0396051569896;
-43,4786968776503;
-8,11823401716496;
11,1917035437539;
-0,588408379923648;
-3,92382830514047;
-19,6807197382409;
-72,8754105072208;
-98,7724431421884;
-81,5597950976375;
-82,5978821824201;
-73,7463758258264;
-13,9271095679952;
19,2336568599534;
-1,07645457804016;
-6,70707637591223;
16,9306983823293;
54,657980975297;
89,2437213941772;
103,017879274036;
108,355524506827;
83,26125775116;
13,1866050641948;
-20,6589120011111;
1,67584325496175;
7,00392745827531;
8,86228150542878;
41,2850369658577;
57,5840187993173;
45,113678654402;
42,0850807022257;
44,9726322298029;
35,8980339706583;
22,29636385198;
9,71249202303906;
-5,81170679295564;
-21,6222994070311;
-27,6618295126011;
-23,6228625958781;
-19,0630096548436;
-18,1288883289098;
-13,475972649156;
-1,94856012839513;
3,32099322016821;
-0,336474424350997;
-1,09682670538969;
9,70288254480169;
29,7913059599499;
34,0512117425776;
17,5401989942638;
5,91570520086968;
2,20257470451953;
-0,631809800042687;
-0,452390459555096;
0,403628428152809;
-0,00660910317174469;
-0,188005955873593;
0,762887709847945;
3,70861439813713;
7,84089979870229;
10,8163135020899;
8,92279394665474;
1,56173769935509;
-2,23568180385449;
0,129476761735851;
0,780320879363297;
2,18472100817778;
8,57575594564546;
11,4631791066878;
8,25466895580878;
6,32584432007595;
4,80766205727027;
0,684001102712391;
-1,20671371657633;
0,137403164823018;
0,391154170315378;
0,634903644974472;
2,79503839030552;
3,66953971016291;
2,3790749200194;
1,49858194001003;
0,963173809830464;
0,0579591406102875;
-0,22809090952179;
0,0529928776985338;
0,0623532155806146;
-3,08964810475727;
-10,7281775261699;
-14,7143672932212;
-12,0425583932099;
-10,5620042593805;
-8,31453509854042;
-1,22688356744507;
2,11258744974148;
-0,233902140427351;
-0,686974076887056;
-1,99945307210768;
-8,21635029115737;
-11,4756972152907;
-8,83874301564444;
-6,85240041341106;
-4,98975662602916;
-0,670862585822043;
1,23893262554781;
-0,15129146000844;
-0,397466464233486;
0,423435416684448;
0,954948313922776;
1,73295384992508;
2,31893118409792;
2,17341380911565;
1,33920062608821;
0,149663068690644;
-0,305125556831331;
0,0376115981593713;
0,0985614522631549;
1,67917069420369;
5,44382623158762;
2,92795111840197;
-9,80645756417818;
-21,4923446993731;
-27,0479593172836;
-32,7866732904633;
-36,1972904520911;
-30,3760057888732;
-19,1355438350022;
-10,0399775420006;
-4,26611232913022;
0,141680493643762;
1,57128837631168;
-2,96511447534822;
-6,92331301159055;
-2,39393165024539;
2,11480134162232;
0,17874371914296;
-0,860402198432345;
-7,05038904629761;
-24,2762394037065;
-32,6411657563546;
-31,0715362113877;
-38,9505212355763;
-48,8146145083417;
-52,7072460471765;
-58,171899514625;
-61,8351205416498;
-60,8972979887667;
-60,6149925060532;
-59,2031295848178;
-53,2764630348515;
-44,6913574185551;
-35,690306788982;
-27,5011527885212;
-20,4249113082667;
-14,5728105801617;
-9,18275286807782;
-0,561477330050716;
14,6107561252629;
34,0107291126722;
49,7286496668449;
58,8416619567308;
65,5023483751025;
67,3119262963454;
66,100810100242;
71,9577476922342;
80,0549265526246;
82,607065378822;
81,1719815328591;
75,8538212958653;
70,9506875060403;
69,2933055912976;
66,2234141249118;
46,6011114993074;
7,1284721058699;
-11,2313301276877;
0,852967891119339;
3,84354867433325;
3,62075364497876;
17,2812435091932;
21,4137563931802;
11,1640037715048;
5,30472326141542;
2,80415477031785;
-0,50353201532045;
-0,594846567778764;
0,397886663362249;
0,0495697328215768;
-2,09763697101001;
-5,60093478049314;
-4,34112268596385;
2,30289170854781;
5,97423212389892;
4,14541736219843;
1,42811910101632;
1,48551748601494;
3,36008046501136;
4,89814968952273;
6,97602268701534;
10,1109218993176;
13,1737490582161;
16,501730496949;
20,0278185826853;
21,7028687782004;
21,3155433272948;
20,1342563534034;
16,7218095048219;
10,6026010435192;
5,57913106001337;
2,5900031459911;
-0,383684270254275;
-2,03771541594888;
-1,91459497748807;
-0,563917418893721;
1,73978784449978;
0,936942048128743;
-2,0955879892807;
-2,39034688824162;
-1,71135105847614;
-1,48873866148115;
-0,130724502701214;
1,62300602927951;
3,05773990820432;
4,48694713624259;
6,03161548972754;
7,86315365382609;
9,19256503121359;
7,6303808936446;
2,5738778586434;
-1,6796307137727;
-2,15494660728354;
-1,45621677251635;
-1,17458779524359;
-0,260434849731254;
1,17073893737969;
2,54824095577582;
4,15976212835087;
6,16877600715869;
8,34857939810282;
10,7625288736617;
13,0743162649811;
14,2801691946617;
14,4430925055286;
14,5806017926559;
14,9487514798157;
15,2316376695515;
15,2169892121941;
14,7815749573853;
13,9764355875125;
13,086937733377;
12,3238393759391;
11,4167628553585;
9,8562120678161;
7,60134753741992;
5,67621076667711;
4,9567157554478;
4,762443292687;
4,38672061945242;
4,12427787908127;
4,2589662457472;
4,59729045329643;
4,73827387096942;
4,47720662258744;
4,08679332901269;
3,97721553335928;
4,106147035555;
4,2488931751254;
4,45543089997063;
4,68821843989803;
4,75467860332278;
4,71038985717982;
4,70657880668925;
4,78644304515254;
4,96790237050323;
5,21191875352788;
5,32325823078991;
5,23209745724629;
5,17305572459533;
5,24323967468878;
5,34449149955526;
5,42442035367827;
5,46099554914127;
5,32598323919518;
4,94099261005645;
4,68494584182238;
4,86159903207049;
5,25781078794662;
5,69622918609999;
6,15013105283616;
6,56689264877039;
6,90797860664859;
7,17032929707329;
7,4239314096193;
7,6886906763857;
8,04922037094513;
8,75600932379309;
9,62765581030855;
10,2683819289366;
10,6632712251657;
10,7393380098799;
10,4006708742767;
9,84990799174983;
9,44979928662229;
9,29311340140805;
8,87178412223878;
7,94125587294507;
7,21832101996417;
7,21484003266272;
6,9233835860136;
5,71658839905207;
5,07796130523719;
5,53686370958835;
5,68375698752348;
5,36295127232813;
5,38389407056181;
5,50864790044054;
5,51642813926885;
5,53262497024896;
4,43487693665186;
2,10141481094767;
1,3328638312836;
1,99925535883136;
1,13511824791922;
-0,152409351309633;
-0,101518961436188;
0,141308281327426;
-0,226186288329293;
-1,00533688132704;
-1,86477166096751;
-3,16965334210896;
-4,92287334120723;
-5,8308965517189;
-6,06977895888436;
-6,9889261694948;
-8,23724819660941;
-8,9463323887288;
-9,5504070319008;
-10,5024161568017;
-11,5752141246818;
-12,949049815708;
-15,1331510369533;
-17,9996718157931;
-21,1994996202857;
-20,9704654425682;
-14,9597677018098;
-12,7103585867895;
-18,0211843529528;
-22,0957863288354;
-31,6887003485412;
-53,9674744780082;
-68,9196953406928;
-70,304288097479;
-75,4046479923514;
-61,4906723590546;
-10,8049806762481;
15,5325006565302;
-0,946832996107173;
-5,39656668268918;
-22,8147295359398;
-86,3043123807582;
-112,716547951863;
-68,365980197714;
-23,3109979807206;
-27,7581094985435;
-83,2506152092679;
-111,767912298401;
-69,923282426899;
-22,984096969057;
29,1526628028997;
107,775865141782;
132,900956262532;
97,0604138904903;
82,3905136096426;
65,3675727357983;
9,59486925217268;
-16,472412709491;
1,7815388716115;
5,37930928492292;
8,73965978900751;
35,4097360997647;
36,8909573773353;
4,97832064644543;
-15,0054556878816;
-13,5641411568041;
-3,02197521684337;
3,34523993717475;
0,107245613500952;
-1,30275654102474;
0,51844129476741;
0,244182879861071;
-0,286282484277095;
0,0330738630511857;
0,0879118487349158;
-2,07343541886559;
-6,16918768887168;
-5,63085001332849;
0,723751238712211;
7,26181997795683;
8,93345494655069;
2,63222733976036;
-2,47374430636311;
-0,185222765291039;
1,0021242713894;
-2,5290255634859;
-7,12238928761761;
-7,18040368878245;
-2,17433369114298;
1,89536329448651;
2,65591317739911;
0,818331689323279;
-0,723142899310672;
-0,0772548936306047;
0,303537151981645;
2,13463643099721;
6,67101993381494;
6,55175014804393;
1,36592252300851;
-2,11431164947923;
-6,54393997455846;
-15,064268844009;
-20,8561321750036;
-18,9229501566419;
-14,0858339611804;
-10,5341850152394;
-6,90448629682791;
-3,02737859512445;
0,499381027635477;
4,02161935282833;
6,92956616841513;
8,77105224793597;
10,1506612753438;
11,4697761901466;
12,3788825110904;
12,0648891393151;
10,234011991523;
8,28485841429026;
7,65952536348885;
7,8342774387804;
7,86971219433028;
7,82643554042029;
7,79919021472129;
7,52342923660205;
7,11240697963277;
7,01079224804731;
7,31126143292477;
7,22733968153451;
6,22172827107649;
5,48189313566269;
4,25025301663884;
0,850882485076437;
-1,08510999972793;
0,0282007543256029;
0,393504393572816;
-0,0760238455770009;
0,0292146467907294;
-0,432308170204482;
-1,25410657323066;
-1,38486049382973;
-1,37977613831232;
-1,8458247922504;
-2,61243648437503;
-3,30654590367462;
-3,48149406673097;
-3,12886973713223;
-2,47272659334063;
-1,79269822816334;
-1,7389380692111;
-2,19174532963062;
-1,73258320549637;
-0,214089874901754;
0,421063347754;
-0,0552148448834652;
-0,133674152405023;
0,298245585705333;
0,681200003632864;
0,545044905609973;
-0,0738064045473522;
-0,317766516380279;
0,0368610015692259;
1,24596532825463;
4,50893423097269;
8,33076898761898;
8,435990131484;
3,99213088890496;
-5,84352797619551;
-23,0819417846967;
-40,6930770189928;
-51,2485160961498;
-53,5790466289227;
-44,187058057827;
-27,030000199993;
-14,2722643517021;
-9,41993822105057;
-9,33347790184818;
-12,6128202537235;
-18,9897429477895;
-27,7241265108759;
-36,6105448799593;
-43,9072419709407;
-47,3693099788802;
-43,0611610833025;
-35,6069387468965;
-34,6302748707858;
-39,3118196789037;
-46,5029058984456;
-58,4246912339087;
-76,0454237760411;
-94,7123475169572;
-103,560291250324;
-100,240959942103;
-95,1297731970654;
-90,2024907051695;
-78,7279718149351;
-62,3372536695293;
-46,6135635481767;
-31,3435990029559;
-16,252108977239;
-3,70227848404747;
5,30143830846111;
11,4713642686621;
16,5329215789295;
22,8843021486932;
32,0251071566727;
42,3730773037066;
52,6823119305671;
63,0063199826076;
71,2943266291287;
76,2255518593254;
77,3583617782452;
76,3004053206182;
76,3085750396537;
75,061336229721;
71,8661021246484;
71,8113993158138;
70,7126790615386;
61,8607388973043;
52,0300044935404;
43,8841408997056;
30,232401532215;
13,7991026708652;
-0,482939925701878;
-14,7274411688435;
-24,3774444317053;
-23,281546418393;
-16,6250807280885;
-10,9129264759064;
-6,25742020024977;
-3,09819054963871;
-2,85937895049043;
-4,2311736358496;
-4,98809204633616;
-4,51329307861533;
-3,46175892811107;
-2,25838770953611;
-0,582988930223397;
1,75643465598439;
4,63397118952006;
7,95076800537428;
7,8309605709497;
1,71313706784086;
-2,06582386139075;
0,0290367828402434;
0,758131659191911;
2,56748056686948;
9,75174529952534;
13,4409212871802;
11,3469234513583;
11,6203320268164;
10,2856793351753;
1,92818778009961;
-2,66940849606527;
0,148550806092003;
0,931620742576317;
3,64072969090981;
14,7975778117555;
23,5576649374708;
24,5823687189308;
23,5960584449957;
15,8639003753081;
1,43666789217979;
-3,69167546392557;
0,63192302090963;
1,11144889033549;
6,57391283362382;
25,0701324858865;
33,1714464113353;
20,9368600409925;
8,14174585624491;
2,31987654727276;
-0,385013412668688;
-0,38153395104399;
0,252027890553783;
0,0371205585221618;
-0,584531837640179;
-0,594108319148174;
2,21238275276637;
6,57659544980201;
9,07617140333171;
7,48886988965556;
1,50885655519804;
-1,88657425648947;
0,0309882813545823;
0,692900441666182;
3,4057308002733;
11,7846933981919;
14,8911088544309;
12,3062687459357;
14,0451612238883;
16,4089445412611;
14,5506382217647;
12,7485852716904;
12,3735188327881;
11,0241113110723;
9,17144158787125;
8,08887719763095;
7,27189747831524;
6,58337357910775;
6,15928771461445;
4,34516331543221;
0,63115278450685;
-1,04624134119749;
0,0931001438529797;
0,352017714051595;
0,529935161526538;
2,28658074996919;
3,03335487568661;
2,45899276235697;
2,63540638340592;
2,81611762602549;
2,33454067087237;
2,11865772118137;
2,14023777170215;
2,03621075355955;
1,47009612455837;
0,259645517798809;
-0,359252817813008;
0,0150978192446871;
0,128195787534957;
0,361293687653039;
-0,0674576159685589;
-3,83126918036548;
-7,0891720231135;
-4,99255524689032;
-1,36877180865032;
0,0391636211230143;
0,15561136064806;
-0,0292858214408275;
-0,0509346972526647;
-1,29600200330822;
-4,91129652485567;
-8,69602584995179;
-12,6864635334508;
-17,1138014458539;
-13,7969164557542;
-1,78400419420788;
3,39047571434663;
-0,427921848199939;
-1,08261040695312;
-0,100918080742989;
-2,2464261284824;
-3,5413472224909;
-3,36138847718817;
-4,29783111893202;
-3,98374168048038;
-0,718412621696821;
1,0275497775558;
-0,0658525859056655;
-0,35494976154645;
2,23103758930426;
8,10777819978609;
13,6006500736118;
16,2735605191372;
19,7374468508275;
23,8597354593517;
25,0454933249676;
23,8484141278302;
22,4664494974194;
20,9306522883963;
14,3758806988517;
1,98651247247761;
-3,42544246952717;
0,330096620370558;
1,1424269608412;
0,80547994510073;
3,73116795563876;
2,59152954701193;
-2,64655978852976;
-5,13061175002513;
-6,34910752846634;
-8,72329551895809;
-10,9310346821369;
-13,2596844802959;
-15,349228284971;
-16,8863494576911;
-19,2970362582594;
-23,1395980965998;
-28,6369897316657;
-35,8387086811343;
-43,7968432926312;
-51,8862784912213;
-59,8965621860521;
-67,7153982464202;
-75,2277403703106;
-81,5752053781434;
-85,5322195346569;
-86,051900924873;
-83,1316261033334;
-79,0731025631925;
-76,8103396864358;
-77,2622169533978;
-78,5978587517797;
-78,1517772170804;
-74,7586916896809;
-65,7807966351037;
-46,7882872967506;
-19,3014283472147;
11,6337837409088;
43,8079857413173;
69,792285715285;
83,3788800364323;
92,0185689420349;
98,9711189085439;
98,7639024574969;
94,4002575752477;
91,1246850846209;
88,6068889309449;
86,6655617897461;
85,0279260469272;
83,4525449156952;
82,2922543233146;
79,6728992933966;
73,2107592830606;
62,8139305123014;
49,0622650156946;
31,931221324953;
12,6715738586221;
-5,3073669870646;
-15,5319930328397;
-15,5087990193399;
-13,6022238313783;
-15,5561043366547;
-16,9704306971665;
-13,3222138722808;
-6,61234530980109;
0,0123375449879911;
8,01087284907298;
15,66602346117;
16,2958145159634;
10,7379231353525;
6,95349472541056;
6,34448797506048;
5,98440047184515;
6,29758991589817;
5,18371267624651;
0,847757576798526;
-1,32301147458642;
0,114293973152546;
0,444327583414679;
-3,31355760150629;
-9,95982099015778;
-10,7627802811275;
-3,90311949578845;
1,27094202468716;
1,87531179338997;
0,482925482565977;
-0,484639857995897;
-0,029512819585299;
0,194263440747395;
-0,468359121884599;
-0,711598787134669;
1,39908462806676;
5,23475873455944;
8,23433612370966;
7,31049624594697;
1,51123181580897;
-1,87312602725761;
0,0322655074958929;
0,686357165451927;
1,08737039035816;
4,51656497282899;
6,13581971275732;
4,81416846535461;
4,63439847850392;
3,87742951706147;
0,585435613400674;
-0,983701887173004;
0,1026148675282;
0,322720848617781;
-3,97691986381668;
-13,5805441190931;
-19,2689739492539;
-16,6695119062236;
-13,5717591283615;
-12,0373680082973;
-10,1871313377326;
-9,18353278031625;
-8,92429021926292;
-8,40373956125208;
-7,47638639102505;
-6,41504932436901;
-5,49189724778234;
-4,86241926991133;
-4,55760632932516;
-4,1650363035224;
-3,24625389016298;
-2,08935094254365;
-1,37127733990606;
-1,51199943818279;
-2,33586018772976;
-3,08999366009146;
-3,20289970899707;
-2,87322963243716;
-2,44616480940107;
-2,02562871852786;
-1,73592559494795;
-1,58120775316812;
-1,45571387088947;
-1,31765611736209;
-0,880740289296495;
-0,108387054001852;
0,208324588943002;
-0,0249538950734997;
-0,0673623224397501;
-0,258304322261173;
-0,930535278340575;
-0,980977289168991;
-0,122445805776811;
0,791652900810818;
1,1063047645425;
0,369256453197873;
-0,312706917406318;
-0,0375223854512238;
0,132767051395651;
-3,22652410268398;
-14,3196878013362;
-27,1024946905968;
-29,586348773315;
-23,1831616287885;
-17,5399086713804;
-15,3001101424757;
-15,9054075120402;
-21,6404418431695;
-33,6978419064755;
-51,0175847820086;
-70,3279817764619;
-83,1518928231708;
-83,0949132061319;
-75,1498338218548;
-51,4487411147968;
-7,74647468476152;
12,3475910938594;
-0,963745322331734;
-4,21563603295598;
-13,4836418289547;
-51,8748810344277;
-68,2906918467111;
-48,7921514179782;
-36,5823927194914;
-32,3029288884629;
-21,3230894916645;
-10,8281768241957;
-3,43662994142828;
2,99600467355763;
9,32100830077506;
15,7404210742557;
21,1854299725332;
25,4733965866919;
28,4082400220013;
33,8000211218487;
46,2363863691353;
59,189566391716;
65,9239026104115;
66,9185139253394;
48,1106658950047;
7,07684032998075;
-11,5813831498004;
0,991826554872694;
3,91394838377385;
12,4306266347912;
44,2698266569749;
48,3514959590214;
21,8956379651066;
14,9980363238926;
20,6820414616783;
20,7098593979418;
26,3411031196018;
34,5903819594488;
34,1222717103711;
26,7227249626491;
19,3835689069677;
14,7496093714263;
11,9198702185227;
10,0816813205042;
8,84345875654237;
7,05078271198991;
3,57569297538033;
-0,788293536317855;
-3,91597983522232;
-4,96682669039994;
-3,72053772921365;
0,0487436434260306;
5,23537310632628;
10,2196010818625;
13,7849776868346;
14,8250192994511;
13,4752071163007;
11,4744705064134;
10,1979429609782;
7,29728592278978;
1,21163067249158;
-1,78163575770082;
0,106565202993033;
0,621745675868603;
4,39890510333257;
15,7729844098032;
20,7536688317555;
15,9754028922916;
14,1009298732592;
11,2452307258403;
1,59637402164328;
-2,8360331219661;
0,330667946920197;
0,915455655457204;
2,72603226657881;
10,6706596370929;
14,0167374255953;
10,6611505991136;
10,3161416734429;
9,23128478044649;
1,70636146351237;
-2,40544228556254;
0,149101779208562;
0,832453378288671;
-1,52137200314413;
-4,3523377006833;
-6,34084497859963;
-5,94027964361966;
-4,37169037252946;
-2,43897793528936;
-0,183186881004414;
0,5475139045512;
-0,101473642083014;
-0,162046660345035;
-0,960815997220093;
-3,68761120806304;
-5,18201001138181;
-5,00605054195727;
-6,35648898677793;
-6,10413475559448;
-1,18368090406923;
1,61443245421297;
-0,0890086441028898;
-0,562929339949622;
1,65744063933586;
5,53864860707758;
8,89814078345267;
9,50727630446703;
9,3784084706978;
10,0436706976724;
10,6539211579299;
11,0476043310415;
11,3448574706464;
11,4844694831876;
11,7601027404536;
12,2506379973847;
12,719558985003;
13,0203289516864;
13,0643102479036;
12,8876227993785;
12,5052516964757;
11,8865410537998;
11,0584742544103;
10,0097213511475;
8,75872892211235;
7,44708153297129;
6,40930493712016;
5,98743205769897;
6,1348642369706;
6,25672232506794;
5,88528337125186;
5,28728940400732;
4,89432647481282;
4,81016694925714;
4,77001428538756;
4,51758320353525;
4,30077709665452;
4,47977424411858;
4,93490635699831;
5,20870467608194;
5,211242821305;
5,20980269769033;
5,23335275595431;
5,19474102895359;
5,03272209096932;
4,77857460491736;
4,69588400002506;
4,86973455624527;
5,09299043964595;
5,22671421703834;
5,25922825056345;
5,25773567943945;
5,15894816250406;
4,71884833094837;
4,04435881163778;
3,54679770248048;
3,19259488941084;
2,68636855679588;
2,32880051751381;
2,34526684509245;
2,06227918513075;
1,12935954784855;
-0,126814125492392;
-1,78747778315875;
-3,73365980680847;
-4,84990072982568;
-4,69467802378667;
-4,36463219072523;
-4,43036659877404;
-4,3796357369939;
-4,23708025748741;
-3,98423535773842;
-2,66227873616957;
-0,989856289806008;
-0,412041194736793;
0,56805376757331;
2,22245779671938;
2,19366720401522;
0,884933741765986;
0,0716235967597054;
-0,345998345501015;
-0,874111306618251;
-1,52735098600767;
-2,12519850081014;
-2,43336062896162;
-2,46442028974395;
-2,35930207918537;
-1,98377607867256;
-1,32773429960217;
-1,01806398694797;
-1,92590670923007;
-4,64295840100765;
-8,7346468476728;
-12,9594684831817;
-17,0236347441667;
-21,4213882204059;
-26,0122372333685;
-30,6814332936463;
-35,7481462021952;
-41,2314597082602;
-47,4939998303999;
-54,9335614871229;
-62,6784136050143;
-69,724360485206;
-75,7751686033754;
-80,1983978779692;
-82,058710511339;
-81,3816642356745;
-80,2664103803821;
-82,5278238232309;
-90,7457830297522;
-100,368960389716;
-97,5479620902433;
-74,1004308632567;
-42,0547419281623;
-16,4537471857579;
6,13312873786527;
33,6114719173385;
59,8572729783671;
55,3519073031798;
10,8345356958389;
-14,2059394356822;
0,514217684428488;
5,08509956406692;
20,1522544779868;
77,2179522285916;
107,766430628479;
88,6701973492104;
80,292836480844;
65,0245605837204;
10,759914926696;
-16,5410831446944;
1,34908768926638;
5,59231308070717;
4,01231740971438;
19,9199160855205;
18,4920619170473;
-4,23634357631375;
-11,9701166164604;
-4,86222828473227;
-0,307280114725823;
0,663569453143869;
0,0202976089558959;
-0,274302582400153;
1,18071298664148;
3,84926288555917;
6,15545227188216;
8,18002962342084;
10,8299980641611;
12,7504615204341;
13,8346092283738;
15,3368509500562;
17,2032665224253;
19,1065545135769;
21,0760398899802;
22,5870657835371;
22,2039911056884;
19,3560679591054;
15,4292633241793;
11,5387160470079;
8,02504491935215;
5,67022640334504;
4,61813381920224;
4,20345394924157;
4,06454983844148;
3,86726297474702;
3,44562458775162;
3,26451952345908;
3,4266776116154;
3,47828215522845;
3,39813413581185;
3,36057904203873;
3,3935558644216;
3,75358383574604;
4,27295035620004;
4,10562417813728;
3,38463073795185;
3,15413470844637;
3,32432804146595;
3,13651597570041;
2,64315248307253;
2,1311818932453;
1,38499019226601;
0,432498495334604;
-0,161897432801409;
-0,478606703374164;
-1,04798991643109;
-1,84402436459724;
-2,49277140131797;
-2,26992172967176;
-0,719753763388249;
0,605671918124009;
-0,304398789455517;
-1,97588136518509;
-1,85437578921324;
-1,04085849356969;
-1,17749806786101;
-1,27218032836802;
-0,747012012574504;
-0,555613436103998;
-0,819549845515618;
-1,00486977472224;
-1,34227319746693;
-1,76406748180403;
-1,7147954775716;
-1,43068498065922;
-1,08403740524457;
-0,130673572140722;
1,2561424892106;
2,51752001377965;
4,16161057186424;
6,02884594944721;
7,14443083401284;
8,71348531352956;
11,9639551456413;
13,3206248710342;
6,49724262065403;
-8,93890052292544;
-25,0867961624564;
-36,2307306716689;
-42,711563823046;
-42,560194377547;
-34,9350886789887;
-25,573151729533;
-19,3967673403419;
-17,5940760957174;
-19,953675127285;
-24,880414246684;
-31,1788109459011;
-27,3865059496089;
-5,68937375660019;
7,06230366288902;
-0,135159104888899;
-2,58047288641522;
-14,8989405654201;
-57,1592371197613;
-83,7863430290382;
-74,137222955877;
-68,2610077791744;
-72,0852929109272;
-66,3388008025094;
-57,3967359636523;
-53,8997732675705;
-49,9049223607013;
-42,5419673693355;
-35,6663189531092;
-29,6796856625373;
-24,757570620494;
-22,0685257884653;
-20,0337854286806;
-18,1955214064265;
-13,6820427722813;
0,446579428898063;
19,9019233933162;
23,486851207182;
5,01054769314817;
-6,24509738607003;
0,169294351930827;
2,25429764625926;
16,8909398300624;
62,3626893911586;
84,8318859853783;
64,9993393087873;
58,2318822095364;
52,8612674734205;
11,0045363413472;
-14,1127286627274;
0,528924717898172;
5,02772440497393;
11,0571709214009;
43,5310302290175;
56,8725809072693;
40,7212881016588;
33,9975605770956;
33,7452365284216;
28,2234047401193;
26,0740783145114;
24,5047111823157;
16,6801711223484;
4,93019130818608;
-3,51238068105936;
-4,36842334383827;
-1,38657263083916;
1,12355844332279;
4,05158125210908;
8,43643147491314;
13,2341190041545;
17,1476623435365;
19,7237664666712;
21,5790135892329;
23,3548016080983;
24,3287323107735;
21,2116625444136;
9,88846248917019;
-4,91814127991833;
-10,7665888915466;
-7,42733051558694;
-6,29365621837874;
-11,0086824921358;
-17,4975207558311;
-22,5687193240142;
-24,2366872049368;
-22,5004293876914;
-19,608673657662;
-16,9100663777507;
-14,4300782248293;
-11,9074467622824;
-8,49875614107173;
-3,71564917442717;
1,35828687728496;
5,72687890352342;
9,90270555992154;
13,8221199303759;
16,3248142587648;
13,9073114818977;
7,12673633538608;
7,02695060261929;
14,185205090464;
17,2493748817046;
12,2670331592261;
2,03159378761699;
-2,93494531653689;
0,14666936016231;
1,03888530877742;
2,50077976616114;
9,86710460362833;
12,9495411236816;
9,25502351511191;
7,90669982154181;
7,98415271654877;
5,60535009915266;
3,91289954002223;
3,79145611643797;
2,2414775106741;
-0,996360243932013;
-2,83597085338996;
-2,07744810828641;
-1,32383266221878;
-3,31205626081175;
-8,70731813159396;
-14,1879497617959;
-14,3310187374527;
-10,2511156896489;
-7,08206411372502;
-6,77831085195542;
-10,1410625627132;
-14,4497103963528;
-14,7776459306543;
-12,193589048858;
-9,92107352956458;
-7,75672633952714;
-5,1116338505734;
-2,51230946610237;
-0,35767228216173;
1,48332725981021;
2,44492242534314;
1,0155628884278;
-1,77937470640294;
-2,87703648578361;
-1,9818108370467;
-0,610014389286327;
0,795268177971058;
2,0895149985995;
3,13443884930151;
3,9683555441184;
3,53987638463646;
0,714739061612154;
-2,32899518546364;
-2,44748847264487;
-0,775500271470406;
0,360496462822396;
1,4328918224115;
2,61631114419453;
2,77727579341755;
2,04054931353543;
1,57467591477076;
1,93945886088891;
2,66076667962103;
3,06940800560404;
2,33821428794622;
0,379373322642698;
-0,574347523806473;
0,0398869092171185;
0,197870336915587;
2,20057138472545;
8,07637584792838;
11,6756175530141;
11,046815618631;
11,7425500345058;
10,0686611095993;
1,82670807372052;
-2,58694063568976;
0,155967367313007;
0,898268754474465;
2,1938441826284;
8,76427073345937;
12,0436533534938;
9,69585026820931;
8,78639493005528;
9,6642228221296;
9,92221792599914;
9,09160457721994;
7,46834104431791;
6,89077131370573;
7,29698351729063;
7,06622927362368;
5,98055667071501;
4,65097498699434;
3,76847261749082;
3,34343422962304;
2,82251803863847;
2,20547047875879;
1,81149318198033;
1,13671811060615;
-0,485894051273911;
-1,71031974769532;
-1,60230163350029;
-1,45477315645173;
-1,57732670994738;
-1,75522622252124;
-2,54219042258335;
-3,65841122324713;
-4,60094436213582;
-5,68423079248635;
-5,63937597837036;
-3,41661873885549;
-2,62492083760562;
-4,61002745854002;
-6,06567262304355;
-8,82935537455127;
-15,6211491356526;
-21,9788175297835;
-26,3302746578763;
-32,5821634606486;
-40,0640866085582;
-46,4060932483192;
-53,3271917983145;
-61,7016090680096;
-69,1040766460042;
-74,3383396544278;
-77,2515772681659;
-76,8932386347324;
-74,3534995089259;
-73,0722376500899;
-76,2812361858788;
-84,2055021739346;
-91,3183989198788;
-88,0724769528316;
-70,2853839052817;
-45,4210097805186;
-23,1413456909924;
-3,51448510243424;
18,5687072882227;
42,4860482989284;
65,4556676464046;
88,2231396535931;
106,703290136132;
114,430472291388;
114,222753780631;
112,612833831701;
111,377660973615;
109,713723640558;
107,118507594698;
103,45449999581;
98,6721147562441;
91,9336235060172;
80,8345199609376;
63,5847300709108;
40,6304052967194;
13,5727301740376;
-12,5802855846707;
-27,6007434932739;
-27,2401035238729;
-20,2167924737233;
-13,6981769012731;
-8,74141394107708;
-7,36159731957145;
-8,86728994271735;
-10,2646260869709;
-9,75721967496428;
-6,09268533931613;
-0,012630565096389;
4,65730415192667;
5,39477607823353;
6,32062742903706;
11,0535354853209;
15,7674038618157;
16,909839446338;
15,6951487079341;
14,0495761638597;
11,9407475064276;
8,17133428776795;
3,50823064640269;
0,236467376817408;
-0,796257134280742;
-0,264927807286846;
0,240245117008046;
0,0178909767243593;
-0,0967449722384759;
0,385644284311021;
1,3363210393804;
2,17435764132168;
2,70907431204707;
3,38122129566898;
2,908691455967;
0,523485183089185;
-0,741253680387837;
0,0433311022953996;
0,258167964799282;
-0,790068708149287;
-1,96827260684078;
-1,68139916625512;
-0,536364602010595;
-0,554174205328547;
-1,40759638831314;
-2,02452839376657;
-1,53678510930029;
-0,561348631951989;
-0,597581701714804;
0,384010018697683;
3,61381704296905;
4,69131007628674;
2,38912293785627;
0,935350351896181;
0,916826027766472;
0,602015425596924;
0,510762055869139;
0,744307189210205;
0,520655327887583;
0,248640508158979;
0,584852513512594;
1,13163393361693;
1,27560427342466;
1,26833390094278;
1,23590831540509;
0,867353885054461;
0,845242803298076;
1,26618497081107;
1,37866312723185;
1,07666773609766;
0,170364297826196;
-0,64968231065779;
-0,670887275691548;
-0,777264282407432;
-0,864606537244172;
-0,201637606070452;
0,24256654468969;
-0,00629615008821533;
-0,0873253940197111;
1,92313122570393;
3,04735587457581;
-6,65812856214874;
-23,4284289262935;
-30,4542166806021;
-19,913698426621;
-1,50881668854491;
4,50053510194279;
-0,840405716329009;
-1,3282089714904;
-1,42363848240888;
-10,2317374451965;
-23,1582835731855;
-35,2589456752637;
-44,0503992275539;
-35,1041548884126;
-5,6629093644153;
8,67662236842648;
-0,643689312084156;
-2,96931723733242;
-18,6476300077743;
-68,3474800946148;
-92,7784778982782;
-76,5674719132528;
-73,3517248233488;
-61,3977846535874;
-10,3075232138467;
15,6982481114418;
-1,25755958000247;
-5,31511831657064;
-4,41242317718268;
-20,3226332124522;
-16,7813680150172;
12,5305571420827;
29,6958204799406;
31,1131764949577;
36,7920918962014;
46,0728395212973;
51,0835655219725;
54,6379330019011;
44,0325141327668;
8,38564131331648;
-11,1426675099255;
0,416135478795754;
3,98753414921843;
13,7980540548398;
53,6375067680644;
73,7670739457294;
56,6602328669208;
48,7804229420038;
46,5936199555267;
24,0435596186409;
9,15512185066951;
14,8073131807393;
11,9667163754955;
1,63051458715386;
-1,05147451899586;
-5,96068161847589;
-16,6482040632083;
-22,2450797302981;
-15,7413942435827;
-1,81429861523555;
3,68000249699563;
-0,472801919850195;
-1,17711696582551;
0,642324816093836;
0,209179157316878;
0,325373997707538;
1,33041348506997;
1,31761082016814;
0,806339285948949;
0,879750170876467;
1,16155226593986;
1,22996435670635;
1,38306824034016;
1,94975125925526;
3,23603632895371;
5,3057274193186;
7,52748351339358;
8,93180823929288;
9,13748910267448;
8,66594873968162;
7,82556556448368;
5,85958991583063;
2,29859880530828;
-1,19279658252685;
-2,70040894295763;
-2,81896594889386;
-2,78839837510512;
-2,80641474910624;
-3,16094470826962;
-3,90502038276273;
-4,3305266980479;
-4,24898992651697;
-4,22366674118225;
-4,58783009692377;
-5,22008340464077;
-5,53405962016877;
-4,92254974538968;
-3,49233248162389;
-1,62966836522086;
-0,0239786893631234;
0,32545342054752;
-0,0860051772988276;
-0,0862764301127867;
4,0723839221551;
14,8733399766137;
23,0539814574914;
23,2075589763879;
22,5180956189926;
17,1120186672433;
2,65959480052877;
-4,24393842123922;
0,364631238134001;
1,42983049679564;
4,03278385214832;
14,6390703137409;
16,6343580350869;
8,74155949122441;
5,80394546299797;
4,66144027995442;
0,3515128610384;
-1,15503220990195;
0,256041620944976;
0,319590824641587;
1,88561289292431;
7,44980889975279;
10,7304057812856;
9,60260189341747;
9,30151858151087;
10,0270232556502;
9,56741774479972;
8,92816887910359;
8,62298910580193;
7,98127591888522;
7,30502234901058;
6,99922491166231;
6,73851935414187;
6,55033783460802;
6,51367793994476;
4,79220947321682;
0,752768051124306;
-1,16813844714535;
0,0870008856129521;
0,400106470214763;
1,43289148333495;
5,58539154893892;
7,84924223008002;
6,70281333965409;
6,37195840859942;
4,94515010875511;
0,217792774789718;
-1,67640507668189;
-0,300329509299056;
-3,74801388119737;
-11,3111523355374;
-14,1973526335446;
-10,6271204875264;
-6,54234627981594;
-4,92765420524003;
-4,0494945400078;
-2,88195696089123;
-2,12760186894489;
-2,65605739084814;
-4,54023464403489;
-7,12391823465821;
-9,40463857463692;
-10,0501104776233;
-8,73669986612714;
-6,93409608177453;
-4,44256149183961;
-0,628703753852296;
1,05308187890416;
-0,0925985006695895;
-0,355330406694723;
-1,06766646432577;
-3,83893339877894;
-4,18799731522949;
-1,79155076168202;
-1,15844267415303;
-1,42714258610671;
-0,31166985756894;
0,406037534659732;
-0,0225788265309123;
-0,140681808046162;
1,24593425818703;
4,02229182819294;
5,4795339826835;
5,42391721280656;
6,65308532398464;
6,12216001207963;
1,16578302484475;
-1,59311838143905;
0,0832396190778354;
0,55827705627124;
4,34851969117844;
15,6419759701464;
20,9188028543865;
16,5007439418907;
15,1134054740265;
17,1474137664327;
17,0404479236235;
16,6066026039257;
16,9856206658216;
16,5304913434847;
15,1268768087088;
13,6771188080817;
12,3246629587994;
11,0810281814334;
9,7282937525559;
7,93631973314296;
5,89481592601166;
4,10643125122166;
2,86644141067602;
2,1639435701403;
1,95627910143829;
1,81696961391068;
1,36786651459603;
0,827241282193915;
0,0742310100429297;
-0,572664936875142;
-0,272641309199357;
0,198726235010441;
0,0325231903496937;
-0,0872449033666328;
-6,30001387167707;
-23,0749326636782;
-35,6665651634457;
-37,9401935390561;
-42,6744228421032;
-36,5370618313475;
-6,80393326998599;
9,36234210180695;
-0,47757672419863;
-3,29019536465637;
-12,4553430685891;
-46,7743545831263;
-63,7683343452241;
-55,352497041546;
-59,6078915693335;
-66,8363786353811;
-52,1044384147621;
-24,1008560192611;
1,51067774168165;
19,6675468800051;
34,1977771976466;
51,3228358101671;
70,6125895226891;
85,6553151991271;
94,2752765509702;
73,1537816762023;
12,4788511650374;
-18,1641442252909;
1,10330659402903;
6,32200267221279;
18,0150283713315;
68,7741393695994;
86,1554283197464;
51,5062019155492;
28,3149519161708;
17,1009155496901;
0,213607441695526;
-4,01223382587417;
1,26319281995439;
0,951116669084322;
-3,48649232648144;
-7,33342925827366;
-8,66103875851215;
-14,7293519408934;
-28,7128419549344;
-27,7076110154791;
-4,53210497889046;
7,10439393511074;
-0,629498970174145;
-2,37802404890758;
0,118991374376672;
-2,45268519439891;
-1,44077900376602;
3,07087323936558;
3,31492606265658;
1,75121153936333;
2,58702426289118;
3,93823752548749;
4,46189653931728;
5,02649005384039;
5,77380067631951;
6,43124176240697;
7,16703617422083;
8,14396368942678;
8,95959090492143;
6,77294958256092;
1,0186133093497;
-1,65572825037422;
0,144817198279359;
0,55742526225132;
0,463067851571901;
2,80015854749113;
5,02341405696943;
6,05662480353521;
7,53305455791688;
8,97188920957666;
9,5323296917679;
9,77724933178612;
9,87517120463741;
9,57794235251616;
8,96132072120424;
8,21592816610813;
7,41172383334267;
6,52950687224374;
5,51267906224315;
4,35690777706616;
3,12885074147879;
1,94989763843438;
0,806393296544243;
-0,303649290737731;
-1,13709635441136;
-1,75624107504312;
-2,41770063564926;
-3,02740429163459;
-3,3534535938426;
-2,48468772292359;
-0,346472175134622;
0,603724673116115;
-0,0624758185991668;
-0,199074247797433;
-0,504295950759115;
-1,92265572083965;
-2,27296572910327;
-1,19658119632125;
-0,529855875179833;
-0,19249984075687;
0,168709003483367;
0,0155978578101632;
-0,971004118526833;
-2,61732859654113;
-3,53760714523111;
-3,11891869850073;
-2,74646596512541;
-2,69617511131855;
-1,92970696105322;
-0,638409234431615;
0,113042194678656;
0,0872377953889366;
-0,062096248814783;
-0,00731526416431658;
0,268563931197764;
1,28836017825679;
3,22843624684806;
5,39504188978088;
6,9067547237195;
1,42787437951455;
-12,6462802256091;
-19,9809487914925;
-19,524689661356;
-25,4912098246739;
-33,9287066649657;
-38,2675832958045;
-43,8645246382736;
-52,8750773738095;
-59,0252496056243;
-58,3220190986857;
-54,9699629812656;
-52,2959253088036;
-50,8570666139183;
-52,041776497326;
-53,0150650051051;
-50,4781766986055;
-48,7760014008714;
-50,140664133597;
-50,5194873649409;
-37,009372843711;
-6,04616183542744;
9,02086849776279;
-0,573492693995655;
-3,13346007391636;
-11,0316905313223;
-41,7685020429159;
-54,7280078313567;
-38,8131305758039;
-29,399022607634;
-21,824241913542;
-2,74680452685905;
5,41470232542241;
-0,73837452902387;
-1,70299410868963;
22,1124364321803;
71,4146424702701;
93,3104793804839;
74,3619551122272;
64,1152558061554;
50,0195870850826;
8,13475878636752;
-12,5179311747674;
0,978756737155251;
4,25695875409077;
5,51063581669147;
24,4748498885475;
31,6361537902749;
21,4166128760234;
19,503244379346;
23,6015872352461;
22,6299846390438;
19,3921732462043;
16,3379299101891;
14,722831487816;
15,181162924751;
15,7854498642891;
14,8637973952381;
12,4963418275242;
8,26853764295848;
2,36042953109338;
-0,994251057513831;
-0,250117074045733;
0,430854270756117;
-0,0872368159605587;
-1,03073058689043;
-3,34222424088116;
-4,8582206277297;
-2,85704338430836;
0,987401873649739;
2,77860238579302;
0,892527530656085;
-0,821489514458903;
-0,0586871502102684;
0,330123405750977;
3,17156639978266;
11,1742872043169;
14,5864234621921;
10,3888243521145;
8,39350302707273;
7,19354099713622;
1,33513881318966;
-1,89184242241687;
0,123927374431043;
0,651254103766903;
-3,97545316632814;
-13,3408886249034;
-19,3401794675347;
-17,7508240778571;
-15,4243769247272;
-12,1171696143756;
-5,97237253316724;
-4,21411467626895;
-6,27620444470763;
-4,93264034967033;
-1,67373873964569;
0,887068281490976;
3,89798127252897;
6,56323023250261;
8,50515530739014;
11,3104574008427;
15,0905916648794;
18,7764819887565;
21,7120064364228;
23,1034125192883;
23,0636768406776;
22,5755758526194;
21,8764353284132;
21,2238094103195;
20,4351294330315;
14,2405312304713;
1,88492414536091;
-3,40138673855397;
0,366679119305307;
1,11688280626262;
1,69335808833536;
7,37704394129587;
9,30320312291769;
5,55968939798321;
3,42055721271393;
2,54660819184136;
0,774960258413121;
-0,273307565449863;
-0,557492289213139;
-1,07079060412089;
-1,37184143784782;
-0,597049283722637;
0,144595655482691;
-0,395383623914401;
-1,26339211568591;
-1,39961025946384;
-0,814696008529373;
-0,593211349576526;
-3,35542993096198;
-11,6058382052784;
-21,9248996019495;
-25,5875701441893;
-21,1634644579641;
-15,6325181873866;
-12,0621849748989;
-8,81538695141547;
-5,48161727991846;
-2,22759513134242;
1,05203097122721;
3,79480978776419;
5,63762419647505;
7,08998972746012;
8,59342377342124;
10,0102671198079;
11,2325139938038;
12,1400976358407;
12,3891101826696;
12,2230311986393;
12,2451011531127;
12,4432461812171;
12,652337908048;
12,8859023536855;
12,9398773251501;
12,6612231185008;
12,2177092544228;
8,83057105329314;
1,37584518668689;
-2,1507318656342;
0,164039163144661;
0,73500451165496;
2,5855132628727;
9,78073380274738;
12,7181031871316;
8,94983782188555;
6,76618203364547;
6,24191760933813;
4,88840259657346;
4,36526481880212;
4,57571076816807;
4,44333799448489;
3,97823486464629;
3,4635049677768;
3,00181100271644;
2,49428150721682;
2,0838019519795;
2,11192984889142;
2,71491702960011;
3,77569470083053;
4,83822288323951;
5,56059763312948;
6,10978224347764;
6,24565593288746;
5,15789344113452;
3,10622155408899;
1,62501374727843;
1,03090716438688;
0,269587031902806;
-0,2644073588511;
-0,0191189004000288;
0,107382798752073;
0,484329275928311;
2,29303653632464;
4,01331917261485;
3,80824856140338;
3,17173177338955;
2,4075866144122;
0,402104721956905;
-0,626410243476375;
0,0564463407438483;
0,208991227883941;
0,227967916165597;
0,69639998624548;
-0,184521566405583;
-2,13670139193931;
-3,25401918415149;
-4,16471146447532;
-6,00594660672947;
-7,62060241643226;
-8,55395305024476;
-10,1785840171135;
-12,2747110095222;
-14,1826031879005;
-17,2021518413205;
-21,8106076175187;
-27,1507796838917;
-23,4735687369197;
-4,75871301275484;
6,01805434115641;
-0,145204278501603;
-2,18661719360751;
-17,972157486448;
-65,647646715953;
-92,0255511474887;
-79,6666429948668;
-78,9517267609484;
-69,1024942026443;
-13,7497154136794;
17,9747877025078;
-0,6860445437178;
-6,41144896306658;
-24,3385513465399;
-95,1826418477386;
-134,465468668571;
-104,580280354772;
-72,3692367498173;
-43,0707632977071;
-2,66069719678079;
9,89481433391799;
-2,1646752536298;
-2,77417635647361;
39,833719061079;
131,540533929757;
178,847126481941;
149,071825242115;
130,219158357787;
100,011297943007;
15,211618031732;
-25,0272009453597;
2,40029144058147;
8,31423167509855;
-6,25120164341108;
-8,09569855337829;
-9,70402461930149;
-15,9788197444467;
-22,0065688814759;
-21,7272920235665;
-12,765360747724;
-5,90697432923408;
-5,43286703229156;
-3,57225091335564;
-0,296645635536;
1,5251406015497;
3,92680549257432;
5,97059462228652;
6,22350542915527;
4,80388016806392;
1,05983399529871;
-1,2144056029118;
-0,0164653033253572;
0,462059270421434;
1,24539802732824;
4,12870014301948;
4,37099626283095;
2,79251832880831;
3,98604796795348;
4,13937175930876;
0,650976283874949;
-1,08375709963943;
0,117979960554446;
0,352363728402309;
-1,08794634151765;
-3,47504067552563;
-5,24084888167491;
-4,75468271575973;
-3,38186841283295;
-0,853583242320552;
3,83140951701711;
6,59893301809368;
5,98007064109925;
5,73343723713035;
6,11627999406653;
5,89694273609969;
6,04061405794367;
6,79506836259991;
7,36980810601552;
5,55131686272177;
0,862938447392557;
-1,36097191544757;
0,109108083531335;
0,462477670317012;
1,45918504004595;
5,16630920576114;
3,86022561256549;
-4,74433119563363;
-10,6807410368997;
-7,72438776100439;
-0,664019068518533;
1,74538467052568;
-0,292570435483139;
-0,529914698752455;
-0,182534293574872;
-1,78927720449888;
-2,75715191534604;
-1,93038250599011;
-0,709310884994544;
0,330182248968394;
1,14245915349389;
1,67964378167752;
1,88186993702268;
0,873416525380386;
-2,0079725585204;
-4,69004369223142;
-4,60417537782659;
-2,72712993034601;
-0,843813788955355;
0,45778894692321;
0,403959068874692;
-0,200391111775493;
-0,0804830855325232;
0,108238694916767;
3,54241769776824;
11,5431143600993;
13,2024634641137;
6,49698551960897;
3,95625296120815;
7,54420043516731;
11,1130838246756;
12,9653251158198;
13,3701924628698;
11,7662032431821;
9,30625668215118;
9,9490621713034;
12,9679190831798;
13,7604654803278;
11,6053589422312;
6,55675175979748;
0,344402240277405;
-1,43799616389807;
0,31567825138967;
0,404916984126154;
-17,9882262849565;
-62,1196301830095;
-87,2268979264806;
-78,0236745392808;
-78,249445577018;
-91,1429691064301;
-91,4581508346478;
-80,2269372614372;
-68,0215304900114;
-58,0677355110642;
-48,8944397376683;
-39,6263405385652;
-27,9674288833374;
-8,47183755057608;
14,3130006652158;
31,7905088819122;
48,6369957800115;
64,7766098396316;
71,274881989531;
72,9873136473726;
78,0188461009688;
83,2724487261664;
86,3009753547296;
86,5306531071555;
83,6096115951034;
78,8714874282054;
71,2626073483604;
63,4378779109246;
58,5837430427147;
52,8242070604169;
44,8018844998865;
38,0181197265016;
33,2340633633975;
28,525656446565;
22,9721328216617;
13,6632426917097;
1,32506059405023;
-3,09711464759054;
0,459683882200545;
0,966377431624716;
1,82580686320504;
6,49047900348497;
5,06708380557494;
-0,909972139339495;
-1,79897806239367;
-0,280208440363877;
-0,122012797472492;
-0,000208689068307465;
0,0673588423697661;
-0,0319252478593135;
1,74634179943656;
6,77760987383669;
11,2361618327901;
11,7229286934212;
9,88187362776273;
6,10730848169459;
0,724147917169548;
-1,39412598719069;
0,155485213771822;
0,457504392693345;
4,00434344262569;
14,7892311371546;
20,50927258328;
15,5872614723704;
9,27723426893024;
4,29259377376607;
-0,00988545911424945;
-0,862889606883394;
0,260603241306895;
0,214081432883612;
-1,60212037936404;
-5,22140408272947;
-7,81085067841645;
-7,50994826805424;
-7,15019687320611;
-7,51541333665065;
-7,55168085898842;
-7,68117990437285;
-7,2961461162367;
-5,13893863189803;
-1,86819220744209;
0,928129811083786;
3,14071900332414;
5,47484868899963;
7,78828059093961;
10,1285813265203;
13,10211614561;
16,7114027682415;
20,4711334012814;
23,9009857283173;
26,5242527783697;
28,1050799789448;
28,8822708932858;
29,0011097405799;
28,104070113619;
19,9032500189281;
2,93528733242946;
-4,79520394436165;
0,409421887123425;
1,62097144944124;
5,7595107101245;
21,976162508245;
29,1388579435866;
22,2221106392645;
19,902966056138;
16,3503013615733;
2,52500414846809;
-4,16034037232128;
0,416026229714937;
1,3724797323224;
1,3913148774905;
6,37643746937149;
7,29268756451222;
3,38988001051263;
2,48229101704245;
2,41320943752067;
0,219246259403406;
-0,633387896257178;
0,137284906543017;
0,175565441421545;
-2,84822721582114;
-8,8775348501677;
-10,4631234139581;
-6,51895497745715;
-5,11576263440989;
-4,71271485833321;
-0,913723519926937;
1,25662926553214;
-0,0746677670363066;
-0,435488579086096;
-0,597419536974722;
-2,39967297449832;
-2,49975243884251;
-0,431911290809251;
0,829161896585485;
2,28076958092289;
5,01477138131798;
5,83863854736058;
3,59697482840334;
1,04353001667658;
-0,00977256995816828;
0,117659501469699;
0,522352284552666;
0,927431045368864;
1,29196236073513;
1,32109768953813;
1,10027781035141;
0,918548970586589;
0,879728511726155;
0,630548338002126;
-1,88836362495778;
-7,75610455454076;
-12,2838352819671;
-11,4560432091484;
-8,42165203360247;
-6,10603728316995;
-3,86286699362268;
-1,83997198809922;
-0,491179685033579;
0,628257540141814;
1,65933153004554;
2,57815559488957;
3,59039551733213;
4,55594827470452;
5,12921496779051;
5,42391293119453;
5,65546753342365;
5,80430986630807;
5,86483727700984;
5,79132598593468;
5,78612940011532;
6,18523968152226;
6,53551728708462;
6,29856744453739;
5,98090843872405;
5,98771449385863;
5,99781825830419;
6,00699857427872;
6,14210712719387;
6,35370158822715;
6,43083913595578;
6,0954013160508;
5,89175116273439;
6,14252664081573;
6,39657563706874;
6,29479144470373;
5,5638547893159;
5,00296216930143;
5,31733380307897;
5,49199952490192;
4,94516423954966;
4,26189088292078;
3,70493695648766;
3,24771913162453;
3,00291819261185;
2,83918475723114;
2,60793278674434;
2,35774252232034;
2,03066906859798;
1,6793977590453;
1,37166859900621;
0,990614349326302;
0,642723751758698;
0,45901947462911;
0,307892121884518;
0,184451580881198;
0,14945639891851;
0,118501002656559;
-0,0281365910784417;
-0,330299624324822;
-0,431395797669951;
-0,0981631527037477;
0,120003944966849;
-0,00358080245950147;
-0,0430228112651736;
0,0803542351719858;
0,164061022666875;
0,0404414945916508;
-0,202916201849929;
-0,320798189582743;
-0,396009335815854;
-0,463628109754734;
-0,311749824153039;
0,0214484972975729;
0,300065531683618;
0,421384890756979;
0,405215758278984;
0,343772592702679;
0,35570802023098;
0,405047171268434;
0,420075402465911;
0,562412938562561;
0,855326952738828;
0,991914782944001;
0,887359401015336;
0,763842240276897;
0,726499337145665;
0,637464645858738;
0,433219322494524;
0,335951842695222;
0,473458161488912;
0,638705242049269;
0,671131104335322;
0,706304688697802;
0,829635783411039;
0,847632025147823;
0,673474694118013;
0,481127398786232;
0,507788596249662;
0,87735839252832;
1,21637902814501;
1,1436062264271;
0,898322636042492;
0,706528991550776;
0,593525623685895;
0,449634213684856;
0,0971920595866035;
-0,114512630427489;
-0,000206184746819479;
0,0429473182534741;
0,0954326557275413;
0,383529069294671;
0,527850207556046;
0,433761960055623;
0,542313100811197;
0,852282939019855;
0,970016522050628;
0,824008643395477;
0,690248248774833;
0,687164575126651;
0,553645467788138;
0,239674359783409;
0,0892877195186658;
0,172950254345067;
0,354736634727225;
0,605213956762269;
0,74187469157622;
0,639234420251588;
0,440523456527129;
0,210553154179156;
-0,0630296798541593;
-0,20463663091096;
-0,0945236569735069;
0,0640573803413262;
0,096739967983488;
0,0831945822114964;
0,183950809322947;
0,38252552989236;
0,516270254908964;
0,690708469859883;
0,96738332100505;
1,08332114156378;
0,997688241482559;
0,872872384017639;
0,864743487421222;
0,752447266785846;
0,180868447342613;
-0,197996105942875;
-0,00435729422751786;
0,0758450062303396;
-0,0307963273271117;
-0,0139682495637366;
0,0167826674701022;
-0,0020622608966291;
-0,00510191737002825;
0,598761822651571;
1,98336058295151;
2,41931271758903;
1,4634143007699;
0,751722531727513;
0,394482906501429;
-0,0214719054750513;
-0,0885038613971683;
0,0379362895610484;
0,0166402277413777;
0,238118553379682;
0,933447817314706;
1,37289887233329;
1,32900520856732;
1,41406722443119;
1,17644404251674;
0,190348119732547;
-0,299540036467814;
0,0263897277245973;
0,10039281455252;
0,367258074740998;
1,44756169163506;
2,0401559910056;
1,73508880414435;
1,6768658801938;
1,40395156627795;
0,238942352139199;
-0,35993834964758;
0,0279496189829058;
0,122231887371918;
0,275066840358173;
1,09944489195342;
1,42804479294707;
1,01141868275224;
0,880686589913198;
1,08397612833916;
1,23536169012483;
1,20680269129363;
1,03626128696595;
0,952011744991729;
0,707632096512404;
0,109766187363157;
-0,174326228250873;
0,014492475782649;
0,0589833679878084;
0,197033511143626;
0,783810178203845;
1,06258535500447;
0,752247581800548;
0,557310042487835;
0,449848949605129;
0,0784068132891018;
-0,117402123109232;
0,00937303208105642;
0,0396941141483279;
0,0287471978380861;
0,158232503047752;
0,143243550690176;
-0,0745981488284383;
-0,0537076367942069;
0,150450886269711;
0,0850591091018723;
-0,0585697806669172;
-0,010537948787014;
0,0259983132371983;
0,343605291337144;
1,24181063096416;
1,78889510443576;
1,62129134556027;
1,68566103187702;
1,52962419665979;
0,325909442615291;
-0,402876229811923;
0,00897848924485468;
0,146397427150043;
0,691013017111962;
2,58889027165812;
3,58655299045882;
3,00473293792556;
2,85410016836944;
3,08324592886064;
2,86888802466219;
2,65551195993525;
2,63861548261329;
2,5308967583642;
2,29074763970118;
2,06216109686677;
1,82122484312808;
1,54295177622462;
1,30647040041806;
1,12111371482206;
0,929923957627594;
0,794631438637223;
0,808950741970813;
0,860672465858758
