0,242197068819872;
0,052228522631539;
-0,061662722270773;
-7,01179145899436E-5;
0,0231086910523624;
-0,00983825726398868;
-0,00406395836699058;
0,00519457551098726;
-0,000730527792639687;
-0,001540524802286;
-0,00889591125306583;
-0,0216164036532692;
-0,0346476562418241;
-0,0977927040903742;
-0,155098966835574;
-0,118174126407381;
-0,115683050153412;
-0,239238772516154;
-0,369024073255522;
-0,430309124439072;
-0,505730291294298;
-0,650537586938221;
-0,772788044453865;
-0,813311608327154;
-0,802730156008736;
-0,729978753293111;
-0,603620749718129;
-0,484381601458142;
-0,394984408998284;
-0,368743475238993;
-0,308739829639769;
-0,071332231893762;
0,0804278479009229;
0,00104199763922033;
-0,0305091003342796;
0,0126437224055313;
0,00551121284377633;
-0,00679667571546751;
0,000886951826456886;
0,00204449920032222;
-0,338320930607467;
-1,13069484938201;
-1,45108799158929;
-1,13426864050051;
-1,10212040377404;
-1,21666901635181;
-1,01728837349856;
-0,856533770641956;
-0,844679406381567;
-0,673768704865363;
-0,439525201516192;
-0,373071490258998;
-0,386562360964065;
-0,429792311842586;
-0,498937462907183;
-0,485114664448822;
-0,443853955193075;
-0,477449586313611;
-0,519361991373783;
-0,516644009636292;
-0,47512144438306;
-0,43711152926992;
-0,419874148949071;
-0,330583740835594;
-0,244523367117402;
-0,342633708512451;
-0,446896786289681;
-0,385458267875026;
-0,357701721413606;
-0,468254644577502;
-0,539175576277479;
-0,459050477026688;
-0,326072144731105;
-0,22485765163042;
-0,159626110261962;
-0,157289840457321;
-0,246735114113835;
-0,35657506548855;
-0,371225709716883;
-0,285921959574599;
-0,136583424598635;
0,026281788773437;
0,105578909460723;
0,127756215804082;
0,186029093476754;
0,246382684294554;
0,256283010605869;
0,245353219759614;
0,279371833622962;
0,381397812483932;
0,49890750855289;
0,582144789741812;
0,647363655348792;
0,781651367821342;
0,958125420661365;
0,99000184594343;
0,819040853558873;
0,439586891442937;
-0,174700836153701;
-0,820657338456639;
-1,28070098294809;
-1,50785584355105;
-1,45211340279034;
-1,21164692113309;
-1,05931094123836;
-1,11655748430302;
-1,35928060207991;
-1,73284720818939;
-2,05846533468625;
-2,1912779054222;
-1,9640815124564;
-1,48183162138081;
-1,52904955759348;
-2,07670190408023;
-2,25981094439337;
-2,00082906202719;
-1,5796593728893;
-1,26896554532563;
-1,17597413609466;
-1,01589785120042;
-0,782780936794141;
-0,650989267549349;
-0,561938635573442;
-0,433112497926118;
-0,258430529825387;
-0,0559830356269719;
0,106896254970967;
0,152872320961543;
0,118761763972493;
0,133412040297048;
0,250444250367312;
0,439332199560861;
0,644702656403045;
0,763323525448244;
0,734806205518486;
0,621067062197675;
0,519577127424282;
0,478767431507974;
0,467247458284814;
0,459580621978487;
0,351592290729196;
0,0649791921423755;
-0,0881880875080996;
0,00370468189498475;
0,0313999516912285;
0,0578031353861531;
0,233485384790211;
0,299714450723299;
0,180016915278336;
0,0583929124380659;
-0,0716238856639287;
-0,187476479682294;
-0,166724537362921;
-0,0774347723288215;
-0,0371189882439626;
-0,011012772457052;
0,0322532016533568;
0,0214397813507299;
-0,0978862059232438;
-0,299344876637382;
-0,518269395796465;
-0,678519778427464;
-0,743038320480207;
-0,780732675957527;
-0,824668083038524;
-0,793496771148082;
-0,747712895190459;
-0,825978993778123;
-0,90967590124428;
-0,819167511593565;
-0,571001535015351;
-0,243952587711886;
0,11022965008169;
0,439924846310712;
0,648299203016952;
0,510148696811015;
0,0678881299502102;
-0,124244870792345;
0,0143648786175366;
0,0402909731875574;
0,0658858042356466;
0,273473741019187;
0,298204059944654;
0,0792798483478393;
-0,0477658759912564;
-0,0677387953802857;
-0,047143486460015;
0,0271108394226035;
0,023729906248325;
-0,100885628589982;
-0,290449251350941;
-0,559511357027226;
-0,820990582544266;
-0,945770099385511;
-0,991367419328493;
-1,0819518649568;
-1,25234737950381;
-1,4033190389947;
-1,38817474690398;
-1,20799591088054;
-0,994303397041093;
-0,861276105675541;
-0,850164805369196;
-0,932558866008942;
-1,07554884420507;
-1,23918637528496;
-1,30911820758206;
-1,19560092870433;
-0,955835859216187;
-0,718704678088762;
-0,551471152074118;
-0,455735525017406;
-0,400827914207459;
-0,366667597375676;
-0,34240898573853;
-0,27198270967475;
-0,205220321401714;
-0,292470394098475;
-0,464366951149956;
-0,547717612954714;
-0,559400474932975;
-0,548986699138965;
-0,490493092271453;
-0,394701074920691;
-0,292958383733842;
-0,177806345283514;
-0,075004440075649;
-0,0141881796346092;
0,0302341965185433;
0,0241172544947064;
-0,0278352641589979;
-0,0232491890554151;
0,0120421714141153;
0,00442202593838987;
-0,00632293941946048;
-0,112583114935825;
-0,387353987784865;
-0,514589808434453;
-0,411395191024948;
-0,397907703440743;
-0,455777548004285;
-0,418189785498869;
-0,398595989860145;
-0,549913511508985;
-0,796375502253421;
-0,957938805671991;
-1,05995142316623;
-1,18366815928145;
-1,25810787781965;
-1,28070383924937;
-1,31750557870296;
-1,31194324352643;
-1,19447043549891;
-1,01361315710715;
-0,893449118105984;
-0,939860126831991;
-1,11702764424501;
-1,28421323804348;
-1,3416672580432;
-1,25349392350469;
-1,08844985880333;
-0,947172347536961;
-0,838677825425488;
-0,766328098080987;
-0,769678406174059;
-0,823970295339744;
-0,846255217765687;
-0,812263398966065;
-0,772384792037419;
-0,773204003961975;
-0,762062492482629;
-0,72726960013964;
-0,828453335262116;
-1,09309514812239;
-1,27400645169337;
-1,21495239713824;
-1,05002677639512;
-0,909050158450216;
-0,824174869337178;
-0,865468652250113;
-0,950053719024809;
-0,884668511482827;
-0,73151660783949;
-0,687885367361001;
-0,724504644662287;
-0,693148399152181;
-0,619852464019658;
-0,600799641015124;
-0,607235012941414;
-0,578439612298337;
-0,52677395893259;
-0,474292526658931;
-0,422150744747159;
-0,40280724473128;
-0,399716978685995;
-0,345949291194705;
-0,287250594897694;
-0,314583794271691;
-0,416759119940944;
-0,524010323171292;
-0,609562259355536;
-0,703245717840592;
-0,769739319206965;
-0,728189287167808;
-0,638486407357905;
-0,631522102957543;
-0,707079571443375;
-0,787102264185123;
-0,860365945799428;
-0,966285146470117;
-1,12848004295636;
-1,26635903922876;
-1,28685018702001;
-1,29986317098782;
-1,45040159903134;
-1,73517528317034;
-2,10245639002587;
-2,51064315756375;
-2,91558533347113;
-3,34166557773014;
-3,91534368822548;
-4,44605365490459;
-4,48532235229577;
-4,13790582539447;
-3,85293004339911;
-3,84028675609858;
-4,1598376449543;
-4,64165207562246;
-5,14681831833716;
-5,7258178312536;
-5,90802418587835;
-5,11267706043405;
-3,90792024932483;
-3,62309068405148;
-4,85595730638943;
-6,90008172779997;
-8,70722152664922;
-9,9275526036788;
-10,633340077417;
-10,9188678879164;
-10,9815879836958;
-10,7871777561637;
-10,1864920236066;
-9,47088180291813;
-9,07017357660158;
-9,29214069989983;
-10,2789113790486;
-11,5807720323753;
-12,4979643015038;
-12,6810977731519;
-12,1309160969342;
-11,6218039120469;
-11,8688903624438;
-12,3659669148636;
-12,7483426443324;
-9,74210655546046;
-1,66568666995787;
2,418759929776;
-0,145187509999788;
-0,842619941421263;
-3,36970542535292;
-12,9570959562516;
-17,9101573388977;
-13,9502525578153;
-10,6806550751155;
-7,33205633082702;
-0,815255483122;
1,76912815815368;
-0,264573753080143;
-0,547576021768694;
-1,78498376008168;
-7,43281644763482;
-10,8697923271017;
-9,57221790463143;
-8,47323417772319;
-7,67178447673912;
-5,28186622604372;
-2,28439971420139;
0,697046035049556;
3,7595735145961;
6,97523115075354;
10,5004360224994;
14,1071133022257;
17,0904596093164;
18,8548544878526;
14,4187415021451;
2,33041914690704;
-3,55261817503764;
0,256039265350564;
1,2194559374295;
4,18854622576174;
15,9181153487638;
20,9660715338172;
16,0053212593335;
15,5657978638008;
21,1030847605916;
25,8239676647731;
25,0475208622137;
20,246640239571;
17,5049012925402;
16,2655802939021;
14,1286211170565;
12,3070781695362;
11,2972751697972;
10,4263789915099;
9,66792973316675;
9,44006453977163;
9,59750088296691;
9,20831345275626;
7,44862403108102;
3,98975680764235;
0,207431052738541;
-0,847822924976523;
0,177293736070324;
0,243581805051322;
-2,3395240984702;
-7,08709595568358;
-8,36313960307689;
-5,60412035172987;
-5,62677779459228;
-8,78532054797523;
-11,575078334812;
-13,1670431890257;
-13,1438711369046;
-11,2996317641007;
-6,77627336622734;
-0,632251593474044;
1,52860113753667;
-0,234209524978614;
-0,473954915831657;
1,31148557729199;
3,7449033938093;
5,71897514929106;
6,99654935588774;
8,73542854478366;
9,7690714558081;
8,72184108583756;
6,29913698325254;
3,37476804147453;
0,474841177509546;
-2,03451349444606;
-4,10061273073249;
-5,62232732164624;
-6,39115946091048;
-6,57112327326322;
-6,5179291237788;
-6,35103860038161;
-6,05588462932871;
-5,59398509839847;
-4,91052564621085;
-4,0816410702719;
-3,26900537225629;
-2,51688146785161;
-1,83701036661752;
-1,34969681187475;
-0,850640875166548;
-0,126064432091161;
0,201756436543236;
-0,0154009160379316;
-0,069111139920815;
0,035031327778782;
0,00979571071946467;
-0,0165394753637007;
0,00344338458019843;
0,00443700393536597;
0,0792446859741418;
0,379508558061395;
0,811630581919774;
1,15267603131789;
1,29961045166855;
1,23087412887607;
1,0443239656804;
0,925746910549478;
0,976779814426705;
1,17641272503272;
1,43444078150469;
1,69238385943546;
1,90953922325862;
1,98037279035152;
1,76868436244246;
1,04510774942786;
0,0701167881159075;
-0,231948892695516;
0,0454792692958026;
0,0676331802181275;
-0,045165097550165;
-0,00501603204393014;
0,0181379490275084;
-0,00581159168564856;
-0,00401327701278296;
0,0664722135183137;
0,187108883922102;
0,21897281210251;
0,22021500948095;
0,279633641839261;
0,199893258785223;
-0,0438322933906792;
-0,227646496520397;
-0,278875035772801;
-0,256060836734833;
-0,203951455768704;
-0,181964701591695;
-0,237521488505057;
-0,384273677707609;
-0,589034105455085;
-0,541063973232269;
-0,101694880788787;
0,139741507256733;
-0,00731047089308795;
-0,0489961171165652;
0,444935560722365;
1,42646706714956;
1,77119717990006;
1,16568378838012;
0,712778165123239;
0,54570626579562;
0,294895664993691;
0,106362509829922;
-0,0204846476227318;
-0,17705064104326;
-0,277380160400016;
-0,22665422569667;
-0,0225075280808542;
0,235937517999353;
0,385904120893087;
0,251361953389878;
-0,29174574182573;
-1,14720229041053;
-2,05152999179084;
-2,85522862484133;
-3,55336593815581;
-4,1090691324224;
-4,44042961317237;
-4,63996103632765;
-4,93394570916659;
-5,25340282433778;
-5,31404027503441;
-5,18654959181289;
-5,27930718626227;
-5,75244532545422;
-6,40198717628625;
-7,129693353818;
-7,96540236844629;
-8,70566887807872;
-8,92182805413109;
-8,1888276550718;
-6,41503776157693;
-4,01357867631466;
-1,61026785261942;
0,354947886792692;
1,82147062183031;
2,95490775886483;
3,85308363202996;
4,56362532395962;
5,15742921898707;
5,65422281804122;
6,13744522797015;
6,58974368669922;
6,60063739395691;
6,12742975788166;
5,85108127389844;
6,12137272081976;
6,57507056988358;
6,60480389991931;
6,13211845016612;
4,08525034615316;
-0,619884358696544;
-4,47434476367328;
-5,62827211444366;
-7,60148449497553;
-10,6729062133721;
-12,6581232505299;
-14,2964473276315;
-16,4333244798683;
-18,5173242572611;
-20,7860828563867;
-23,8558663689046;
-27,6447829760716;
-31,5229975547718;
-34,4543616964444;
-32,4127035869389;
-25,4503462894125;
-24,8298347535957;
-31,8208221472817;
-35,3799891621695;
-32,9187766883831;
-26,80137414501;
-21,2675427081763;
-19,236124858791;
-17,2380846680791;
-17,8916946651129;
-23,9815538948844;
-25,0584134212011;
-19,0832275105137;
-15,8861511311157;
-13,834432701417;
-8,64537947448466;
-4,84148455682659;
-3,29430299497257;
-0,462193430783531;
2,77172654756096;
4,70604929633314;
6,14316854225805;
7,67932427291572;
9,42746866967305;
11,6647578207302;
14,453823966408;
17,0001583171891;
18,3658852748168;
18,637943845849;
18,3201516199219;
17,3808758420983;
15,8287561125139;
14,2553571866826;
13,2052978270895;
12,6532481087814;
12,0489466628682;
10,9275437059363;
9,57919010178369;
8,65933659821901;
8,22658466563026;
7,5897201558968;
6,2530501009379;
4,39304007303228;
2,37927672757386;
0,604631631801406;
-0,596274810266522;
-1,32084937885474;
-1,90350082432638;
-2,39161097036497;
-2,58581388185078;
-2,38008448956253;
-1,97389220253162;
-1,66675011205167;
-1,48202627156795;
-1,40000278462041;
-1,46022828695909;
-1,3724510574582;
-1,04950433573116;
-1,1068609049576;
-1,5834207458532;
-1,66103100851727;
-1,27870385401832;
-1,00859710900868;
-1,15871093193729;
-1,6289472541559;
-1,76807784055384;
-1,29083892454716;
-0,746100218469547;
-0,648313377856936;
-0,967271379220721;
-1,29218637931353;
-1,40684251560092;
-1,34443074884773;
-1,05702275023578;
-0,584178723727039;
-0,084104040551407;
0,344653888527528;
0,645640891232088;
0,837231530343056;
0,651993984988402;
0,0633134738268653;
0,0568725611824507;
0,679988030016137;
0,930488207984608;
0,692004570821713;
0,285134498644665;
0,228170365913492;
0,677390964182196;
1,0119025388679;
1,08729990509164;
1,11065522778089;
1,00733647319075;
0,729452509363894;
0,357792168203841;
-0,0730327627741607;
-0,583018429708963;
-1,05235816870824;
-1,29674221568074;
-1,27791194700779;
-0,963263954697184;
-0,366768644563732;
0,256751259607065;
0,717377182404543;
1,08207212849755;
1,39879266727545;
1,60074221296855;
1,6417158904367;
1,48369130457131;
1,10325964318734;
0,944207745505095;
1,4131544936575;
1,78961124466992;
1,50303405802246;
1,0402745472541;
0,419153328530901;
-0,543844038051121;
-1,13085428648791;
-1,18785367662566;
-1,46275687219608;
-1,55276951522947;
-0,885727967633751;
-0,633198173135482;
-1,21990493233839;
-1,63491337140453;
-1,85208504597912;
-2,02829387943557;
-1,82337599383451;
-1,48856228609645;
-1,32122398875961;
-1,42748239954426;
-1,8554506935624;
-1,94348450036967;
-1,51603776160734;
-1,26443441207353;
-1,01067560125209;
-0,379783724564737;
0,183534276276409;
0,63450814855676;
1,43202568322334;
2,61582018590487;
4,07973286354404;
5,60918949931791;
6,51399613314058;
6,3011159284519;
5,45249534006258;
4,77178045724958;
4,49770832392421;
4,50664351658327;
4,65540820426811;
4,88698252027885;
5,02524751713131;
4,52967836183546;
3,05471878110223;
0,969133282964323;
-0,495532549788784;
-0,367224924949353;
0,209613170256931;
0,0617906140390748;
-0,10340641847958;
-2,62048231586396;
-9,24187242305521;
-13,0872067820589;
-11,494632390217;
-10,4055314805592;
-10,3349099076176;
-8,94492973118683;
-7,39209071609481;
-6,71075540494743;
-6,45142878141499;
-6,1056059585555;
-5,80023010180606;
-5,71357159628975;
-5,90990667779229;
-6,75003553340873;
-8,00030368178325;
-8,90276250397286;
-9,2577088786724;
-8,87817137495622;
-7,7500384540777;
-6,68898306078422;
-6,05999494209776;
-5,16800911966942;
-3,70473290677686;
-2,27756045168237;
-1,31269613127776;
-0,648710648440879;
-0,00997198316352043;
0,937405897435351;
2,4986785612426;
4,65100090647217;
7,25216966442758;
10,243429467133;
13,3690914229467;
16,1097566280655;
17,915913757763;
18,3542278342303;
17,4771749994165;
15,969978545509;
14,4508095006517;
13,0666910672003;
11,7823530972919;
10,4801775700556;
9,36206893484935;
9,18046614738718;
10,1261929764208;
11,3977310345271;
12,4822279065054;
13,524768460033;
14,3482507819723;
13,691626893557;
11,7319025626242;
11,6588858752006;
13,6583615472572;
14,5995975100924;
13,2209560046209;
9,65742318238955;
6,08016745502933;
4,33922213520854;
3,19012784413673;
1,65089678102315;
0,140667797208267;
-0,34946862185274;
0,0494546691465921;
0,110934891202355;
-1,34129220323744;
-4,83436982501014;
-7,73271436515225;
-8,31319206698085;
-8,59559895172731;
-8,04809753230544;
-5,9601070041532;
-6,0651357599039;
-8,42339004812401;
-9,17197537742332;
-9,01141817060999;
-9,47298251709408;
-8,65779663786467;
-5,57905978654549;
-1,41329756413549;
-1,12641772457315;
-7,57594356620309;
-10,7437467760526;
-5,61901502925236;
-0,617205076819273;
2,4412294837719;
5,27929854151167;
5,78397662830566;
5,40732534737217;
5,92640018892231;
4,39294527478325;
0,456341230634407;
-1,04646409013814;
0,164271980687446;
0,320869805613978;
-0,397491353730171;
-0,758011899443607;
-1,08879780061702;
-1,47961739799182;
-1,85278887625912;
-2,15565516805341;
-2,65802193338657;
-3,6266841532092;
-4,58902281492231;
-4,78845444543135;
-3,9423959345519;
-2,35583224814284;
-0,673114380962139;
0,498618375161249;
0,899061969832801;
0,719931321331658;
0,461054483158949;
0,445920901284527;
0,497485434246957;
0,32206301985542;
-0,0405718153705965;
-0,408972701267767;
-0,741107785816156;
-1,05572315920602;
-1,3483793651931;
-1,55925351810578;
-1,5335584445665;
-1,17834796918093;
-0,604168457371794;
-0,0107443835680428;
0,399896559650276;
0,464365407840707;
0,222500379446378;
-0,0959108231193433;
-0,348851347598008;
-0,59593277597571;
-0,936347448373272;
-1,32901218455411;
-1,62699694993809;
-1,81905044685441;
-1,989674627558;
-2,05018434914926;
-1,94815789737548;
-1,86215427624494;
-1,85341744237662;
-1,81815256504317;
-1,79999164364511;
-1,92384950671965;
-2,12270173568767;
-2,21347924751079;
-2,15648013207832;
-2,04777071739167;
-1,91775476989843;
-1,64199161775652;
-1,15843122811627;
-0,547786699278922;
-0,018143970398296;
0,110722216723014;
-0,0254215814067105;
-0,0310053746309366;
-0,042298922294091;
-0,229617849141392;
-0,359473066784375;
-0,344042971460441;
-0,285672890549537;
-0,185272610566911;
-0,0530974034506053;
0,0797942379616944;
0,151419970705416;
0,00737821697044028;
-0,386245431927175;
-0,83149064752522;
-1,14716744113817;
-1,31755629094879;
-1,3510916883614;
-1,1421254713199;
-0,852858472783851;
-0,986516012119416;
-1,35872417685655;
-1,39388565889652;
-1,3110007488933;
-1,46419259083268;
-1,70669022492374;
-2,18302137431068;
-3,38685520848266;
-3,53196290082249;
-0,865245246514755;
0,95279480728093;
0,0137972150405858;
-0,361129905154172;
-1,66023757472331;
-5,7330549463565;
-6,74706735642041;
-3,83953435787916;
-2,7321496184647;
-4,22898355442748;
-6,1656254867213;
-6,03116969352036;
-3,92571354904179;
-2,96000733331864;
-0,357483362493694;
6,39006304331863;
9,68159278701237;
6,93739249036015;
4,95578711008399;
5,57228387384263;
7,20052968000861;
8,19386963414049;
7,12049274469398;
5,43196954918265;
1,33851293649467;
-7,1497625479094;
-12,8244767742864;
-13,2083158201044;
-15,1961223746805;
-13,6947218784527;
-2,68715401980285;
3,5647289820336;
-0,153324268713106;
-1,26377219002975;
-6,30631314341432;
-22,9605441996233;
-30,4653309912899;
-24,4074088615417;
-23,950250897704;
-27,9639358399522;
-27,8098433422549;
-24,8594889683724;
-20,0035920565824;
-14,8782710857285;
-12,8121563495602;
-14,2622198804624;
-17,4058713562381;
-21,0156411758437;
-24,2065702654143;
-24,4109890825576;
-19,1940092104008;
-10,686262002123;
-3,574990099047;
0,51062533496439;
2,555682280246;
3,71881602391528;
5,10873471686239;
7,39169219783402;
10,1657578373477;
11,9297470929164;
12,9746039224266;
15,3974912829595;
18,5906135654587;
20,8454188622199;
22,2651996825358;
22,9277400385743;
22,8819227308494;
22,3176895638552;
20,6299604009202;
17,8264025779946;
14,9625428103989;
12,3498359770582;
9,56475609350432;
6,92953198146786;
5,19157093214857;
4,30133348362548;
3,70508688473418;
3,27788947236159;
3,23804104144393;
3,74726021426758;
4,31352704410396;
3,97209338715021;
3,19993011494528;
3,16973599343957;
3,13808127214074;
2,16190852551399;
1,58002557188877;
2,30590904492346;
3,00271705563498;
2,7093145973572;
1,94997695671383;
1,72795769142369;
2,33404500042589;
2,93601115145864;
1,32414246052935;
-2,85742329243545;
-4,94312482029608;
-3,72137891876436;
-3,13115200830163;
-2,5270356083186;
-0,337518929470076;
0,641146557308642;
-0,0854695408157314;
-0,202089448596408;
0,383192546558304;
0,950870151519872;
1,20027566232263;
0,946614009010799;
0,550127847504408;
0,440708619925071;
0,867678848431471;
1,22677368089186;
0,963169297087452;
0,534078383742315;
-0,524865509790488;
-2,40516847780253;
-2,96595988057913;
-1,85031058199472;
-1,1071473856385;
-0,751980448965375;
-0,0846332986857584;
0,185297604643213;
-0,0289296361034253;
-0,0566921506337127;
-0,426144611613966;
-1,51614670344465;
-1,87233939445943;
-1,14109870365429;
-0,563610432597169;
-0,230732316477772;
0,0509589486589658;
0,0427891035687415;
-0,0332038373721399;
-0,0017501371840838;
0,0126062903941032;
-0,00466939220030019;
-0,0025232797290791;
0,00271632915878373;
-0,000240814682243043;
0,0187370522381311;
-0,00498662426977469;
-0,153983950166472;
-0,172728595097793;
0,127691878182038;
0,4723749901993;
0,649555334163515;
0,631965402599961;
0,387247978058295;
0,00258776337517079;
-0,0475145657707607;
0,49261726220224;
0,790108320488038;
0,391424268623844;
-0,0576904156380198;
-0,305648596207165;
-0,426962901956525;
-0,342715951532392;
-0,165484577260844;
0,195508424827485;
1,00728740594507;
1,83482257660776;
2,03918574275125;
1,86754414356442;
2,02005312920776;
2,6417262545856;
3,26317788606536;
3,38047619830354;
2,93528114806796;
2,52955461477783;
2,33139704250901;
1,70305349655429;
0,66872981270437;
-0,441726094132358;
-1,50291647030444;
-2,02009280183302;
-1,98767314905177;
-2,01273141624668;
-2,38073993183251;
-3,41015504064837;
-5,29769221369586;
-7,25800194369873;
-8,41449276242968;
-8,7249890583762;
-8,39452397285755;
-7,89524834252576;
-7,97016715733439;
-8,24628108095757;
-7,85798540240201;
-7,38907667606937;
-7,59040452915213;
-7,7565549846994;
-7,10620390642067;
-6,03984040196464;
-5,287522619102;
-4,92819100700035;
-4,57404141601122;
-3,96485820843837;
-3,29824532690255;
-2,9974809083149;
-3,22585567989503;
-3,84254625663968;
-4,46762628299735;
-4,71003191904777;
-4,64808962586371;
-4,62089786331009;
-4,68239663535617;
-4,85787039539056;
-5,59268602851913;
-7,34720191506714;
-8,05906746476909;
-5,62596185244785;
-3,89698137552965;
-5,55580707530862;
-7,72066037100593;
-11,4982940547327;
-17,7905800038355;
-20,0251240711587;
-17,3641895652217;
-15,9921887495217;
-12,0472141409029;
-1,87272367227115;
2,98161235442896;
-0,252992025942915;
-1,00613905802211;
-2,5147071667461;
-9,85121005338485;
-12,3274307315414;
-7,30312958771208;
-3,95328077661911;
-2,33120909728506;
0,00375982929112071;
0,539164529336941;
-0,181572833309885;
-0,122813085995531;
2,70062874578222;
9,09391080937017;
12,9280876138778;
11,8933203206577;
11,4641823020903;
8,94715667033852;
1,35205836960911;
-2,23392180308471;
0,215529289615799;
0,741709894292753;
3,07621258841425;
12,7593591659509;
20,5255775281938;
22,1844895778214;
24,6783054237554;
27,4785967474466;
26,8926927606568;
24,6274273541045;
22,0238008086844;
18,6248521878578;
14,8912058731097;
12,0228135679051;
10,532534142953;
9,98234259751976;
9,64143272050521;
9,18781803892801;
8,60121955215976;
7,67826115485689;
6,23371153437125;
4,49473966491519;
2,84318887538731;
1,52406265713648;
0,788578727525881;
0,705997478205455;
0,763754950766486;
0,222521660906228;
-1,21951952656594;
-3,27287157938303;
-5,30846465396292;
-6,7125239780118;
-7,09188720986047;
-6,34642674347786;
-4,85585545674815;
-3,28274518580559;
-1,90162205500469;
-0,58640640673425;
0,700092251748407;
1,85163826908966;
2,76563850215322;
3,46170181789155;
4,21886336354691;
5,19306544796508;
5,95791561108056;
5,97632053802196;
5,07468307087199;
2,91377429889638;
0,210385073319324;
-0,640359171348734;
0,116866124181354;
0,190791243902941;
0,0687220860151203;
0,661266773219185;
0,866394804116282;
0,1344588860955;
-0,8076251578879;
-1,50341663790355;
-1,93928364794871;
-2,09779672012998;
-2,00282142778238;
-1,70554549606969;
-1,25162365980915;
-0,652533549949993;
0,0910859360046175;
0,867444558600412;
1,45972328832;
1,06606185838988;
-0,325298278288376;
-0,469505022647934;
0,922537488581628;
1,64594898099943;
1,18446598286091;
0,202923822520761;
-0,280113347713509;
0,00941997407589661;
0,101286541025122;
0,655070656624719;
2,39733989610365;
3,22282052414325;
2,42915553667555;
1,96862810632638;
2,09151106986709;
1,97919934138386;
1,64177350346754;
1,18310274526636;
0,70659346523435;
0,408083168306529;
0,370084770283237;
0,485947809188906;
0,495023251405696;
0,213714288516672;
-0,275229140020937;
-0,743205067965185;
-1,03899193654075;
-1,23335068110576;
-1,57770690943732;
-2,10553225240867;
-2,45421355203273;
-2,35591435128257;
-1,95948825635436;
-1,56525697000148;
-1,29714653732818;
-1,11126410682193;
-1,02845434837391;
-1,09330553319062;
-1,17967036411342;
-1,20905451024008;
-1,34607114065305;
-1,64567803658946;
-1,91705047617837;
-2,06343731820859;
-2,09262976787634;
-1,93995200134968;
-1,57237181634792;
-1,07108060563577;
-0,589080870466386;
-0,2820515231861;
-0,187040092526392;
-0,165260529919095;
-0,0176131671603798;
0,319741550785579;
0,741683956855425;
1,10610361878185;
1,30447646493842;
1,30457130912526;
1,1768076003731;
0,961005960582343;
0,578850443964667;
-0,0785036353873939;
-1,09385118043996;
-2,51609414050863;
-4,25243281228067;
-5,9469542327382;
-7,1613153607386;
-7,6903561037227;
-7,74765797811809;
-7,96408030841543;
-8,93581981633599;
-10,6325866830378;
-12,2732772781355;
-12,8707847676867;
-12,006877232842;
-10,1657190363513;
-8,4386660268923;
-7,48716232263178;
-6,88285701368644;
-4,67630144653482;
-0,613179449873221;
1,10846176440105;
-0,117955051688748;
-0,364926071750123;
1,11731856822675;
3,78289082674807;
6,37261848331156;
7,01794347590182;
6,69873037166889;
5,00272183118517;
0,869903965721292;
-1,24479553672412;
0,0699927885171091;
0,43566277239713;
-0,851901399378601;
-3,07331873643915;
-6,22580564033116;
-8,59890306195299;
-9,53392389726894;
-9,89943495298691;
-10,1817173817704;
-10,880258420921;
-12,5621851836926;
-15,3775375453911;
-19,1625163065712;
-22,9050125614277;
-25,4994660560695;
-27,0047986254033;
-27,4124048726746;
-19,9452072183731;
-2,98000105444369;
4,84093625476472;
-0,414598686757097;
-1,63475522815588;
0,845987989131968;
0,224520792504907;
-0,394397075572482;
0,085335226552023;
0,104452727405172;
-3,8924959249766;
-12,7462929431198;
-16,294556280372;
-12,7998591401177;
-12,9945791124701;
-12,2001894638557;
-2,57066836431879;
3,22929575822254;
-0,0929688041935299;
-1,16368824103497;
0,913334000854579;
1,87413465188975;
2,87358493983018;
3,54843197181344;
3,29089010204281;
3,45931701466636;
4,71076101487214;
7,04654603974351;
10,7689586613077;
15,2543226331572;
14,8388817931577;
6,99286117153027;
4,09201739649936;
10,8712339864894;
16,3129911552599;
13,2493530998735;
2,5870878565107;
-3,29378491696834;
0,0642040175441284;
1,20656876148127;
2,7314342453416;
10,3245344047237;
12,6983373066733;
8,25126344707535;
7,82536891843813;
9,09782995432408;
6,37837883017142;
3,77382719871717;
3,6064745789566;
3,75903713715701;
4,30766451752704;
5,48850201923153;
5,85079353436066;
5,02254818590099;
3,91511850743344;
2,44486708953619;
0,329941092386246;
-0,573723551820453;
0,0543723438168273;
0,192028471699822;
0,480689464201216;
1,75937469401298;
1,82284352704332;
0,587687199788897;
0,300234370510322;
0,552326147962252;
0,25063818280821;
-0,176965993791672;
-0,473736579887909;
-0,669615515854987;
-0,460223931132325;
0,0964835621120451;
0,0957527922594329;
-0,509136721304671;
-0,755531892398411;
-0,487498151479181;
-0,0749608924146587;
0,109129390893728;
-0,0039315745694136;
-0,0395398084546841;
-0,277647131833933;
-0,998934289696956;
-1,28577287624662;
-0,861368763228793;
-0,607611449498337;
-0,424947646984217;
-0,0203372343527414;
-0,1080452163099;
-0,553946932628899;
-0,513638844851004;
-0,11651326553384;
0,0641862737163627;
-0,207932312859358;
-0,549302976923395;
-0,478946880546748;
-0,179918353357128;
0,0114057252704098;
0,0296209799323931;
-0,0117803111132525;
-0,00633578354849068;
0,0324406883018259;
0,235511269223768;
0,799449402843141;
1,64843558443406;
2,56541614775062;
3,2986818370253;
3,71887610180655;
3,96613141268644;
4,12237725647554;
3,99440879379134;
3,60034139236152;
3,54760402668801;
3,95532067985942;
4,18387539332655;
3,97311154861153;
3,02865598578602;
1,52700003386381;
0,892875204864375;
1,28096929158155;
1,6010470673451;
1,66464431823691;
1,48676148520692;
1,19176801959734;
1,20219843245145;
1,5227130002979;
1,35970775830281;
0,27325412128835;
-0,352404646954248;
0,0116194047626108;
0,126549072791672;
-0,620679636789909;
-2,3008157934599;
-3,99781046689093;
-4,64715653631998;
-4,85761152852235;
-3,86098256759265;
-0,723841958619167;
0,973176461274398;
-0,0390870790928781;
-0,34716027947926;
-1,92744728253119;
-7,41252470478217;
-11,0306763277393;
-10,6226669179234;
-11,3147413721793;
-9,76047151471334;
-1,83845796277957;
2,51609496452611;
-0,127466646389219;
-0,884177252742211;
-3,02544203391189;
-11,3535728910964;
-14,5545377391932;
-9,85959437668788;
-7,8281157570696;
-8,67404359262436;
-8,06219533083678;
-7,40063707038022;
-7,44607406652459;
-7,15507782420133;
-6,33948478843869;
-5,41916730587743;
-4,66229749159622;
-4,12392460152522;
-3,54339479229403;
-2,53692852645766;
-1,14083482484734;
0,310922523712105;
1,88525951083386;
4,03144518608557;
4,51858971419111;
1,16182514596257;
-1,23339798727187;
-0,0324596116904438;
0,473560755193825;
3,01464792823016;
10,7206884564648;
14,1379833353706;
10,8517586603196;
9,47197944236021;
9,52353824183506;
7,68901134796642;
6,63203684251847;
7,97579919137598;
10,8776538627762;
14,4817316716696;
18,1465491497954;
21,31987401153;
23,4513663965176;
24,0574899617011;
23,1160478093588;
20,8512628250886;
17,3663056268526;
13,1904365332066;
9,60462859458234;
5,75017842361264;
0,733319491988477;
-1,33314791489982;
0,13652318318444;
0,442213949718072;
1,56948203970787;
6,019163908853;
7,95834502781463;
5,89641752369407;
4,62453827944648;
3,22211059285585;
0,275768688699913;
-0,773010739945304;
0,148501541830331;
0,224799795581394;
0,380364771163427;
1,68447456120726;
1,86146572326395;
0,351731013146381;
-0,765459201953402;
-0,999160094060017;
-1,01762986240203;
-0,896466060200637;
-0,524023078396898;
0,304697242671024;
0,681702033753464;
-0,504283361100587;
-1,37199192946489;
-0,560681074522571;
0,497528387179437;
1,11638851083681;
1,03749069246301;
0,239066786264944;
-0,69137336057137;
-1,93594344771384;
-2,13460817370961;
0,0608445321696511;
1,15455208598552;
-0,624869744686297;
-2,30548939268179;
-2,23806154143058;
-0,560384646555411;
0,581823935417691;
0,0265073122573892;
-0,229158788441906;
-0,815294290984953;
-3,1938218157551;
-4,69941450550544;
-3,91139254982747;
-2,8093382716503;
-1,88190804902828;
-0,768306533951645;
-0,0041415063652372;
0,377513844765547;
0,756204802043997;
0,545309764381608;
-0,490330966994476;
-0,585429704054073;
0,459164799809738;
0,938603139012659;
0,624523835177231;
0,146879899940805;
0,488875458784917;
1,64750636115812;
2,25697964276595;
1,59323508242812;
0,248637579039218;
0,258993069018155;
1,6827479551436;
2,32786950515912;
1,61703766669608;
0,253977760485876;
-0,379494011230457;
0,0209000402371897;
0,133703062751528;
0,454815401941609;
1,6929861849306;
2,13998555944538;
1,46512799735889;
1,29065242309923;
1,15688522874262;
0,202905940984215;
-0,303352375019568;
0,0243947448317801;
0,102445423918072;
0,373009818413612;
1,35332026614705;
1,62157352101546;
0,987048165268989;
0,769431292643864;
0,649697973681382;
0,0818564819230261;
-0,166624724305273;
0,0250803389046457;
0,0511944689905844;
-0,26597000910141;
-0,994614203930842;
-1,85694848933158;
-2,47667136862337;
-3,23725244605075;
-3,06848651392794;
-0,71283089171906;
0,811837618984862;
0,00478457573924083;
-0,305054035047682;
-2,82560938155598;
-9,88003653302632;
-12,6601638591603;
-8,64561687286078;
-6,08248198711679;
-5,82531334764337;
-4,95806469917556;
-4,30600146932343;
-4,15707224206475;
-3,95728279073154;
-3,55468149017298;
-2,60170114572884;
-0,653306824298531;
2,39005992697727;
6,15584352431586;
9,59242722022133;
11,5040912804047;
11,6577851915054;
10,7496171983774;
9,39605289904595;
7,79774674518079;
6,32765514183008;
5,48814649877573;
4,93235864627526;
3,67694298451137;
1,34121554828871;
-1,69325003727833;
-4,79961131945777;
-7,45796979484994;
-9,41731479784744;
-10,6105952779008;
-11,4272764487606;
-12,923783308949;
-15,7078076665494;
-18,8630444706705;
-21,4755338634346;
-23,658698158138;
-24,633527304604;
-23,7536552846328;
-22,770913538169;
-23,4466522830796;
-25,884595984578;
-28,7971791493047;
-29,6582563395705;
-27,7386234013513;
-24,8147672346205;
-21,6439272899719;
-18,1882435027617;
-15,7633539850789;
-15,1787361256301;
-17,0922448515146;
-20,6223982773463;
-19,9529359739;
-15,6103263532187;
-14,5802547073159;
-11,6262884609606;
-1,8357675367966;
2,93455088617873;
-0,265110811173983;
-0,981374214573684;
3,00839896351093;
8,59702668322426;
10,8811947167835;
9,06059705734748;
8,98439612907013;
10,2753473524225;
9,5687448275529;
8,18973952243222;
7,66258153649312;
7,32791533146919;
6,20394032634366;
4,38911076991344;
2,97172583126645;
2,43109608832541;
2,24354975840767;
2,12058774584251;
1,8933915530042;
1,58515692954263;
1,86779344880754;
2,80204702349728;
3,80352104767382;
4,66586270926685;
5,21221147320856;
5,30000358877813;
5,1937955512754;
5,17555460987032;
5,23965993377265;
5,28101437479825;
5,20368865053631;
4,85680028474904;
4,10920017424182;
3,03702776342199;
1,87968261297788;
0,85647550443976;
0,156985907816714;
-0,108810840357209;
0,0953909725362455;
0,732738821368384;
1,53641772899806;
2,22702529033767;
2,75114908253737;
3,03530957566074;
2,9445616502947;
2,5280753341712;
2,03218105581004;
1,72886179180885;
1,65239671091755;
1,59560675931033;
1,42877460945813;
1,13777882182398;
0,718740748396666;
0,27536593298663;
0,0658097133303016;
0,15627354866964;
0,323252229495062;
0,725831971231936;
1,64891127108741;
2,68534104229298;
3,38433326076628;
3,76387768424626;
3,94040032089853;
3,96837465989341;
3,75839595852221;
3,2835373250716;
2,73511737011136;
2,27391203196596;
1,94943436531724;
1,76036870725682;
1,57561044975847;
1,28042961792053;
0,947421038970919;
0,590452481375597;
0,124433731614706;
-0,419294505304602;
-0,831617431721292;
-0,871201155546383;
-0,573262827749227;
-0,250576850847453;
-0,111403347870449;
-0,13291941141563;
-0,177765674405661;
-0,0683113279721061;
0,170898579083734;
0,310643151381368;
0,273852416505063;
0,163875103100307;
-0,0100122003966624;
-0,204208981914513;
-0,190951396022941;
-0,0539805516955121;
-0,131625150254745;
-0,411907596249585;
-0,670037462709592;
-0,696389647129823;
-0,336984062751299;
0,288789642091538;
0,977082860057502;
1,73240016836317;
2,44294581103965;
2,74375082203076;
2,61796664316491;
2,45705116438931;
2,37827969444349;
2,24388100627549;
1,87370268245803;
0,866555476436264;
-0,673934217453074;
-1,97548853110674;
-2,92872990252168;
-3,80879578690359;
-3,29784836117499;
-1,18619049826575;
-0,969631583380691;
-3,05884380235693;
-4,12910759147802;
-3,93992971314114;
-3,76039492490959;
-3,90709160925931;
-4,28710084686096;
-4,3727276611148;
-3,89797649151538;
-2,99721528201553;
-2,4090812456201;
-3,19443604250031;
-4,89615639042838;
-5,90715136668515;
-5,61419864064463;
-4,13201799140458;
-1,94737023973048;
-0,402154922350717;
-0,370207047269297;
-1,42801308576173;
-2,99173130542598;
-4,78099195416806;
-6,60636135133207;
-8,56953950598874;
-10,8819609238043;
-13,3952263967159;
-15,4610766771532;
-16,4576720173233;
-16,4455349300863;
-15,8100390832783;
-14,5381487967805;
-12,4420333666649;
-9,91382515190039;
-7,63431976261682;
-5,80057709777842;
-4,46594084216473;
-3,91921295264507;
-4,29136041414127;
-5,20751259151376;
-5,95008614357824;
-6,14512017926022;
-5,96373960311984;
-5,37984310569455;
-3,83596681628147;
-0,963336690337879;
2,86306194826977;
6,94553485109736;
10,7167261846423;
9,80344995849911;
1,97103027130142;
-2,53395847533346;
0,0794413383792825;
0,911970549639394;
4,38709858538854;
16,0489874063328;
21,1239966987701;
15,898746794045;
14,2929489349547;
17,0910701842462;
18,3722403125842;
17,7287907067523;
16,1634808025292;
15,441394933736;
15,7157111494084;
14,9484067777356;
12,1211967742555;
8,9864918479388;
7,03321397162464;
8,35031493805195;
13,3418262342658;
14,0352609422039;
8,9739027613984;
6,32359947094358;
4,64501796552091;
0,52860361383405;
-1,15609380494882;
0,182884361574482;
0,352298206485071;
-0,521200737613856;
-1,50065523136979;
-3,07951887168327;
-4,38735097271437;
-4,68920693260461;
-3,36088651874344;
-0,498362764405237;
0,81078233207492;
-0,0686048361274034;
-0,274319548958638;
-0,281756598337277;
-0,905655181172849;
0,347358680813619;
3,46691030172221;
5,91836973725764;
7,71944018800785;
9,47088094818771;
10,259394119782;
9,78149306077002;
8,744094364439;
5,88359008840949;
0,805429909988153;
-1,40024011644695;
0,137325572384221;
0,465989782580286;
-0,402934139477432;
-0,683231411123964;
-1,01434755698899;
-1,52834590943063;
-2,08569247293609;
-1,95192746344809;
-0,442008844408075;
0,513722598399905;
-0,000219774302993631;
-0,191670799545103;
-0,633650472264215;
-2,31917493256279;
-2,79948583810904;
-1,30421440266746;
-0,0723902146565443;
0,453504909818265;
0,910468324541757;
1,22192174694942;
1,53721284852611;
2,13116231445352;
2,9628660675419;
3,78263898885884;
4,31495399728016;
4,46972223052448;
4,33120845216433;
3,93368390898198;
3,31118313956917;
2,65224074277543;
2,22769660491288;
2,20748888835973;
2,5294056306971;
2,92681411135162;
3,12926037485121;
3,0893182348864;
2,97520969096046;
2,90931575770556;
2,82327538744161;
2,61901354473177;
2,32412277825243;
1,95024933581471;
1,34930195411824;
0,461127199479557;
-0,413886891664032;
-0,923424652971995;
-1,09426421951924;
-0,845161272269924;
-0,141385218477751;
0,209590203146622;
-0,0137692608098293;
-0,0724946608023058;
-0,599239975415978;
-2,18468450751858;
-3,01595256898802;
-2,54339799033729;
-2,39786326856258;
-1,96597304090893;
-0,327414094996602;
0,500475015423285;
-0,0401165865067615;
-0,169504451512863;
-0,268200689935349;
-1,09062507147705;
-1,3059596196647;
-0,825295173318178;
-0,800974321681806;
-1,05855319927026;
-1,18828748028;
-1,08649234039316;
-0,866293179475833;
-0,864378943374478;
-0,34075770100439;
1,02364884352363;
1,54598667555138;
0,839442043608872;
0,344467963684512;
0,150007204289019;
-0,214455010356687;
-0,43715312155421;
-0,316424688385955;
-0,00312130646132655;
0,175557455116394;
-0,164535668088689;
-1,11383408987005;
-2,45928890956717;
-3,97988582039904;
-3,81803351278924;
-0,81862134533169;
1,0015216537254;
-0,0178902681563182;
-0,366015755268639;
-1,50762298931949;
-5,60560717098932;
-7,52374669157932;
-5,76655212860023;
-4,74927827512036;
-4,27215844042021;
-2,71748460416232;
-1,35655935015649;
-0,415693073088863;
1,08665148454047;
3,2076365373255;
5,56789145378401;
8,02869203642894;
10,203576901827;
11,8388084437697;
13,1105362247295;
13,7596746585727;
13,1191398300654;
10,7383605852444;
6,78918463248457;
2,48006840545477;
-1,03819066593449;
-3,99074203970334;
-7,04998616223886;
-10,0720316790352;
-12,6868397947545;
-15,09752622547;
-17,7646185395317;
-21,0925060083978;
-24,7832116011904;
-27,8811662550032;
-30,0392329864433;
-31,1778344701202;
-31,4921553164672;
-31,338190700787;
-30,269905288849;
-28,8501467746232;
-28,1903372284356;
-28,085443850353;
-28,6081091870353;
-29,9088858511997;
-30,8409214375408;
-29,8796908162175;
-27,0945917498912;
-24,0920761889195;
-21,1265281944876;
-17,4480262604674;
-13,9797405391425;
-11,6845095808997;
-9,71230584819651;
-7,26068237499005;
-4,21705305991756;
-0,150646465794638;
4,41884027331455;
7,50206273968327;
4,92246185522899;
-2,57524620422183;
-3,04473619201822;
4,71105592559131;
8,46164439864401;
8,1658753814904;
9,485661147587;
11,0288388633475;
11,3425881534531;
10,9596521536981;
9,26397882101681;
6,08407059799926;
3,41687855915618;
2,65907129168067;
3,0930818680927;
3,45151429849642;
3,50408973086287;
3,93322048576675;
4,62127941294459;
5,16920036497788;
6,04003541921129;
7,58639382629101;
9,74355926765329;
11,7350785387969;
12,3955366331896;
12,0505806515107;
11,9040974385721;
12,0852084633744;
12,1971203818109;
12,2525529517945;
12,2003992137741;
11,8734749524775;
11,255834257894;
10,1517308898234;
8,45899520258325;
6,64545286594582;
5,09890220373381;
3,8077144505141;
2,96700946653008;
2,75301561719735;
2,80986739909544;
2,69706054451569;
2,19747712410729;
1,44038210358166;
1,00658204313804;
0,924267962866285;
0,50151613289759;
-0,322411545446773;
-1,02814032881706;
-1,40006325975027;
-1,54110295794045;
-1,60415590563246;
-1,55985853897285;
-1,22354527162008;
-0,676187530522507;
-0,350462708623051;
-0,457017408326581;
-0,787170371579386;
-1,17371917008769;
-1,58744251047893;
-1,91382154136875;
-1,98195690239796;
-1,80519452554392;
-1,6758600739333;
-1,809476387559;
-2,10067686346562;
-2,38727145737904;
-2,59525439288651;
-2,64174894098292;
-2,54437430661054;
-1,82831885446871;
-0,290536067182549;
0,445056299235812;
-0,0314308824919114;
-0,15321942616703;
-0,542767654282501;
-2,18223965877469;
-3,25225728052597;
-3,06982099753275;
-3,00002531231646;
-2,27491648573489;
-0,298656743891756;
0,559875846141867;
-0,069141969279357;
-0,179423284803034;
-0,047758827684643;
-0,259412596309024;
0,197630086034738;
0,995752152955975;
1,03632385571982;
0,930840786950209;
1,584382084543;
2,74102848089265;
3,91475187433287;
4,95109461365145;
5,57841341097647;
5,54225828837103;
5,16178350181268;
4,67920314967391;
3,93830016362131;
3,03849033381903;
1,76490296680774;
-0,165960096877401;
-1,91344795804303;
-2,91966671387816;
-3,75118265791344;
-4,70269897314702;
-5,62195818453453;
-6,33676234841602;
-6,86084877182111;
-7,37333945830921;
-7,53363703146458;
-7,18171903263624;
-6,91400458546194;
-6,77671289055081;
-6,68878766161418;
-7,23395772436404;
-8,50085185447056;
-10,0751333584651;
-11,6866512294359;
-13,0926704845332;
-14,0138914333739;
-14,0489493078931;
-13,0748761831918;
-11,3398277092535;
-9,04748406593223;
-7,09982378704388;
-6,98153107632941;
-8,82951695392169;
-11,3957486173419;
-13,7480189601546;
-15,4181195664686;
-15,812737695012;
-14,7461348235568;
-12,9196848132135;
-11,2477351256665;
-10,1422199461387;
-9,56942350909891;
-9,16481038668355;
-8,29676293888273;
-6,47800335473627;
-3,68084683898771;
-0,364257515998147;
2,78218829258881;
5,39592576341081;
7,50113118126564;
9,0462554774636;
9,94777828818281;
10,4703096538712;
11,1010080967466;
12,0790133503386;
13,014547575162;
13,1026362755833;
12,0728867134763;
10,4800950026466;
9,0787758691638;
8,45931752731808;
8,80176156137458;
9,78125160718958;
10,9155227828944;
8,67382031738827;
1,50928981641829;
-2,16870356612673;
0,126952573680258;
0,75648006065279;
5,56138928494484;
19,6444941602769;
24,6659478924848;
15,7508438121189;
9,73582233010731;
7,63737183986511;
3,49418714697162;
0,174447048108273;
-1,24391764104654;
-2,42586257771729;
-3,22833322319194;
-3,23934702037554;
-3,22785219324719;
-3,7276322904542;
-4,62731015061577;
-4,88379164757856;
-3,62443028722525;
-2,81063468540919;
-3,7128462745926;
-4,79014305572123;
-4,01781298483064;
-0,824139037007973;
1,01893627819592;
-0,0143683720535347;
-0,37508336868959;
0,165210417207715;
0,0636480587991719;
-0,085307696039675;
0,0130962424277774;
0,0248387896726163;
0,733725861782537;
3,59732004931099;
7,94858467254223;
11,5044786437905;
13,3045012225592;
13,3746690082978;
11,9611561700283;
10,1155810416187;
8,93876669536139;
8,47083395950885;
7,88284282166809;
6,42181516899844;
4,25036413644789;
2,25633992590138;
0,955613516408178;
0,139165929819984;
-0,506534295503727;
-1,13145859695466;
-1,75592848134553;
-2,13441330299109;
-2,03683814999312;
-1,70234952757764;
-1,59969078306607;
-1,86629103034385;
-2,19596609274516;
-2,25966649456431;
-2,16292268695607;
-2,26742750832929;
-2,70496224005918;
-3,29780389729613;
-3,79229109077821;
-4,13776679438821;
-4,50399074175224;
-4,9011439491064;
-4,97821490214635;
-4,4554897445694;
-3,50665784628526;
-2,43774265589833;
-1,38309424465646;
-0,473255491771252;
0,162679454365359;
0,514841028493775;
0,566438463819935;
0,35035559180122;
0,11791111010662;
0,0462981031293206;
0,0233878163759401;
-0,0122240210891357;
-0,00541493295676028;
0,00696498309051266;
-0,0108491948116554;
-0,0218525129303665;
-0,0126044579498036;
-0,139709933681404;
-0,598866737336597;
-1,25689683028198;
-1,78764967565796;
-2,03643438726611;
-1,99846766440275;
-1,72679571318298;
-1,31325402470023;
-0,882663886655796;
-0,583914838442361;
-0,467300577267148;
-0,439843280914107;
-0,30607914263699;
-0,0368477403274592;
0,0732033326617799;
-0,00948262064140277;
-0,023328038770665;
-0,37672949967282;
-1,3187375248529;
-1,76399164598251;
-1,50726688752407;
-1,59495961944684;
-1,42369871099751;
-0,263155222448657;
0,369792312160722;
-0,0223133406909686;
-0,128278531691468;
-0,278428872867789;
-1,14427535874327;
-1,65523049899998;
-1,67073003820359;
-2,24039728126436;
-3,06216242884946;
-3,45219148816395;
-3,83825632437357;
-4,58857460592104;
-5,23105528595588;
-4,02213705688156;
-0,639295452270605;
0,987887305591593;
-0,0741668435814326;
-0,33787539608655;
-1,36607085765083;
-5,52352283448689;
-8,56741941180795;
-8,73107924816803;
-8,93183647742747;
-4,26318403803559;
8,32513064991646;
15,7426160873023;
13,5665096460968;
12,4633282582159;
10,0779728089936;
1,57148328346643;
-2,55272588074239;
0,243343512301806;
0,847768812550203;
0,143677187912648;
1,6294472638543;
1,58359750455571;
-0,574515115771752;
-1,47673200078804;
-0,848720679436352;
-0,0819405934875646;
0,172827333660278;
-0,0174208308821963;
-0,0582272924666027;
-3,6009662386739;
-12,4481404241473;
-17,3351325739169;
-16,7870317678307;
-20,4167465387715;
-26,7376807750107;
-28,623922475878;
-26,9600356438245;
-26,2496099720623;
-26,8397560766016;
-26,3925769801745;
-25,6459567518622;
-25,6148733154053;
-23,5579758114563;
-18,7101945217727;
-15,5917433884747;
-16,3043665735767;
-18,469176414557;
-20,6718561993362;
-21,9284351523949;
-20,4128548911365;
-16,401688039953;
-11,9075252814031;
-7,04455706253655;
-1,40773871226393;
3,18995768727835;
5,5430577299476;
6,38559420412087;
6,51398541208256;
7,12029030184595;
9,34827312920171;
11,9018679761995;
12,4530225188258;
11,1950340917716;
9,50050818486373;
8,99453961052625;
11,0502805101982;
12,7324140872955;
11,4128607397034;
9,30486809216816;
8,91949858573079;
10,6463676897823;
11,6694379478552;
10,2781163760063;
8,64134178198081;
7,47505040104485;
6,14333795633044;
4,76757177118022;
3,96036417506439;
4,8071453584414;
6,81601117896061;
7,98112369644977;
7,59557120180172;
6,37269170192686;
4,98806568217136;
3,83933226364111;
3,26960597253151;
3,32199368302554;
3,59868723164642;
3,73317075428651;
3,5711694419593;
3,06509686279675;
2,37713103792348;
1,69135445583163;
0,967113050260722;
0,199905320893139;
-0,361745483686171;
-0,537601908442955;
-0,526473930520335;
-0,685846579744604;
-1,07672603969858;
-1,43919661128332;
-1,61085197047855;
-1,68970536933398;
-1,78660032949635;
-1,86220072405699;
-1,84577914610582;
-1,73166866726831;
-1,49050126772207;
-1,09267675501358;
-0,632673262575364;
-0,222985782874009;
0,119935208140126;
0,399548271439687;
0,580084653102033;
0,648335972375014;
0,63465941283441;
0,582040982011137;
0,563376279783901;
0,583392835323723;
0,668920763533645;
1,0139935367131;
1,68908128965126;
2,44470363842756;
2,9451456845053;
3,06989988890173;
2,80699273245113;
2,0821310425734;
1,03824202955707;
0,0737112889096173;
-0,668250539178529;
-1,40914749558365;
-2,12551274618658;
-2,55931094746797;
-2,75498964212558;
-2,76764643665482;
-2,41816360656308;
-1,74891036503175;
-1,09406204281708;
-0,543037348944196;
0,150080343104066;
1,02531769116073;
1,87071143040925;
2,56226946140648;
3,14502514081952;
3,81206805186581;
4,46148686146944;
4,68785794330579;
4,59854892015149;
4,54746338726622;
4,32745350765432;
3,61855226013225;
2,66702554543145;
1,92229716082039;
1,45855941410309;
1,18245355549113;
1,14812030514507;
1,24189791682182;
1,22759184771094;
1,09629971985837;
0,790608341881746;
0,172534593194092;
-0,586908967141042;
-1,20941860249949;
-1,98861128266872;
-2,03717843959691;
-0,418377945796092;
0,162062224055865;
-1,23331928893106;
-2,25745444322465;
-2,03560583956589;
-0,520164341724592;
0,533235167349798;
0,0261926180376073;
-0,210747313115342;
-0,0213443395034016;
-0,0217938258313486;
0,607777435475066;
1,50996098083772;
1,76059446841841;
1,29795472049267;
0,246123742374563;
-0,320168989888497;
0,00793144498606362;
0,116608695330042;
-3,5005715785603;
-12,2362731355125;
-17,4194510752144;
-15,6925554159666;
-14,7523407645644;
-15,2866957338912;
-14,1489192528437;
-12,6025009932847;
-11,4496761614584;
-10,3871138701571;
-7,28296074992588;
-1,15326677823142;
1,76431440159239;
-0,121990216657169;
-0,608821535171444;
-2,29170115010188;
-8,5103137046055;
-10,9989665889895;
-8,23254415835816;
-7,67891781112706;
-9,08991586680832;
-9,58988535246064;
-9,19402931251554;
-8,43635705824594;
-8,26179101237807;
-6,17383969248269;
-0,919002993597583;
1,5159863638825;
-0,139895090649914;
-0,506932969863764;
0,787687648678238;
2,32895082230847;
4,43630630166392;
6,5289572232951;
8,19906501681808;
6,83941239520355;
1,23317485672709;
-1,72951645294647;
0,0931697845448474;
0,606281928476614;
2,68755755001187;
10,4563717279801;
15,50306231959;
14,8275220041089;
15,229103699215;
12,4048085823647;
2,05452579226159;
-3,1297394101419;
0,241683606845251;
1,06490985251319;
0,124045274998553;
1,76098416196574;
1,69386164196015;
-0,778786875242057;
-2,19679933322407;
-2,99542658641296;
-4,39434965488704;
-5,56744203419084;
-6,19584603355831;
-6,48074120249601;
-6,31254207885023;
-5,63467711251114;
-4,36768479802782;
-2,37576564964494;
-0,0249110883515877;
1,65632968631619;
1,62072694346626;
-0,119513782262274;
-2,17014726577554;
-2,8221666191029;
-1,28295586587378;
1,8825659240011;
5,13512075089869;
7,11452351602235;
7,51498513294785;
5,28966134946851;
0,721099818127165;
-1,26315456268612;
0,127200122625187;
0,418761242499214;
1,25370319575485;
4,55747742959582;
4,8320048333572;
1,13958049910933;
-1,39608726751082;
-2,40682439734767;
-2,81391789671515;
-1,55510060232653;
-0,0459180950306583;
-0,0255523937969463;
-1,22105125605599;
-2,47883476539723;
-1,84362334999797;
-0,087460548731456;
0,10125849791095;
-1,15267717278144;
-2,31070904355382;
-1,87472187971372;
-0,101147994417007;
1,15758216118291;
1,22847315094196;
0,313727495377845;
-0,32338064736326;
-0,014817423274478;
0,127288995040626;
0,280287478586078;
0,796799915446798;
0,245779359998472;
-1,14646981278726;
-1,59587859357286;
-0,965189487101733;
-0,0929900840848776;
0,211516162338593;
-0,0285361866149832;
-0,0675074497702112;
0,529139029955904;
1,57700072125607;
1,69491317546194;
0,665163055238999;
0,0962792686359332;
0,630859918727954;
1,61792488729125;
1,66228854195874;
0,66100742766058;
0,110134795706581;
0,116807134879641;
-0,176574347692529;
-0,808176404221644;
-1,3414699539872;
-1,50733890825231;
-1,07073188084216;
-0,348538865646633;
-0,512918040520892;
-1,37251747548471;
-1,60427204733993;
-1,21432196251081;
-0,92084044703074;
-1,20247521846776;
-2,12848594525541;
-3,28524315364792;
-3,07943686890743;
-0,656865663694105;
0,802534045935208;
-0,0128339585049373;
-0,294110464152814;
-1,44989203688077;
-5,32455521976351;
-7,33214629558128;
-6,56151468476351;
-7,3508081835657;
-8,98898008396627;
-9,20043721456121;
-8,96043450102746;
-8,94500174765279;
-8,74332968611024;
-8,26819066329923;
-7,43856827338567;
-5,69860982753943;
-2,68299535806422;
1,24071233299589;
3,24921756882932;
1,08247812080259;
-0,971401774112268;
-0,0787647518438433;
0,394250367321127;
1,71465300514579;
5,87950821460652;
6,76316318008349;
3,06758703823956;
1,07709376795161;
1,20842644910355;
0,619935348218057;
-0,853701362348713;
-3,35522644160208;
-6,80775578792008;
-9,79639506671043;
-11,4196799224752;
-12,2541572367423;
-13,3344602662132;
-15,1567984298691;
-12,4810169855003;
-2,30346338711384;
3,16037714683217;
-0,150079974116623;
-1,11669528343163;
-7,03235396706575;
-26,1319683377873;
-36,6419434375482;
-31,1931372242117;
-28,6028023409797;
-29,3073449805129;
-25,5230418270833;
-20,7151623435043;
-17,1808080494769;
-14,1289305816266;
-12,1537354284485;
-11,4184228156114;
-10,4622717974212;
-8,81087624298403;
-7,75076330389297;
-7,36067711961543;
-6,246158266881;
-4,2616706529951;
-2,2807733374945;
-0,478148914620729;
1,10157516762572;
1,95036044615557;
2,30191707329961;
3,0143619639472;
4,38289526883834;
6,65588463399619;
9,62299017418858;
11,8905703007533;
12,9519872389449;
13,816964588788;
14,9377049361258;
15,9380771159657;
16,6974536030603;
17,0854260399971;
16,8180882218425;
12,0988484064796;
1,84348714834949;
-2,93500185527706;
0,235511277629597;
0,998215884978682;
1,26364034955236;
5,33032662848809;
5,83488098790451;
2,04533988415722;
1,10758574176987;
2,56025255525958;
3,47336693183644;
4,58762847868072;
5,90224127802733;
6,79191511571011;
7,48214103542608;
7,88504134653339;
7,62096333530221;
6,81385869414646;
5,64938535610199;
4,22860699549761;
2,96262751023723;
2,16283397601943;
1,63308738360704;
1,05181971530355;
0,364065157164876;
-0,236091123773563;
-0,592015936879893;
-0,839569598540517;
-1,22038145572401;
-1,63077447429121;
-1,78973045461147;
-1,74845879367431;
-1,637048985297;
-1,36090799729875;
-0,871801833058404;
-0,257589931209972;
0,34996031110367;
0,81231127951123;
1,06805898319778;
1,20085827313828;
1,32941045274718;
1,46117802829194;
1,50375423421881;
1,30855316685189;
0,907772485417588;
0,53299608968984;
0,204102582452691;
-0,117348199039055;
-0,28161616282893;
-0,0483758276425475;
0,455179144264871;
0,41448635018991;
-0,152139548087957;
-0,345889455751632;
-0,18093914924302;
-0,031203066515775;
0,0353952726209026;
0,00291583766796799;
-0,0148557608271315;
-0,868883126474063;
-3,06769426648835;
-4,2147945152161;
-3,25535124846;
-2,10974690540779;
-0,692288173833974;
1,26496993649591;
1,85244789166017;
1,38617428741528;
1,61097474029051;
1,8623844945485;
1,45855607249256;
1,24365656938082;
1,51212017344492;
1,78415560155384;
1,2535258330859;
-0,367504107929437;
-1,81658732350773;
-2,54031289469348;
-2,93921711208878;
-2,08885571304252;
-0,181212162865041;
0,486627358544194;
-0,0868712843951658;
-0,144905747589078;
-0,88523410414197;
-3,3139350713672;
-4,39558555038788;
-3,34415552525058;
-2,93277127306893;
-3,28624140790071;
-3,22082510161711;
-2,94840070768667;
-2,61742438018875;
-1,99794444401326;
-1,08934816683495;
-0,358935078195809;
-0,216622941770544;
-0,363975969138987;
-0,376143144086787;
-0,322820620316526;
-0,106912750845822;
0,630687512233327;
1,62409716926024;
2,11519617741373;
1,67304797102371;
0,528309638435346;
-0,747478189343703;
-1,73006769312129;
-2,22450541211171;
-2,34470655556979;
-2,46621659476689;
-2,75465929075296;
-3,32204892686098;
-4,63214000550567;
-6,75073819056811;
-8,95378398381147;
-10,7487753740097;
-12,3100629588164;
-13,8168607511817;
-14,4808913196793;
-12,8801790793173;
-10,6852277321738;
-11,5119255388897;
-14,0833363933768;
-14,6300491277977;
-13,3891536666427;
-12,947981187324;
-13,4717996244859;
-13,0254954763957;
-11,3032623002493;
-9,34145025052983;
-7,51678679346249;
-5,73095338656959;
-3,84502293436535;
-1,81831829715965;
0,236065105823293;
2,24670252422087;
4,19242602430406;
5,89848817494856;
7,25525023684195;
8,42638024675172;
9,70083281954214;
11,3997587966156;
13,831979851954;
17,0752224115128;
20,5109257893645;
22,9797710873552;
24,0000869804258;
24,058135212048;
22,7535412550849;
20,8470568498425;
21,7438045623063;
24,2520875592035;
24,4150616887784;
22,5304014507339;
20,2897229856655;
19,8030207588605;
21,3566545718745;
22,0202896554391;
20,7760496951163;
18,5982777586789;
16,1284533026213;
13,8912552083394;
12,2345618249195;
11,1784289478909;
10,1841405218818;
8,46044809498345;
6,07861357356465;
3,79084556819138;
1,80468103468495;
-0,138666628333682;
-2,01773880309895;
-3,67688706273697;
-5,06910857313109;
-6,05121321975784;
-6,38553358855138;
-5,96455607026998;
-4,96256846263089;
-3,7473682456515;
-2,12347551522868;
-0,19755885334576;
0,473835037695834;
-0,070643216870489;
-0,147957337047243;
-2,43421141804959;
-8,31954167967063;
-10,0164323646916;
-5,52221391724546;
-2,26502717670569;
-3,70872592362192;
-8,33826904499034;
-9,69777359115569;
-5,62650607023505;
-2,33817736429528;
-1,97430644248406;
-3,11054310820997;
-4,37315838408149;
-4,49103411876753;
-4,08521219266483;
-2,80890810054596;
-0,356325510780383;
0,673670483287684;
-0,080442654134351;
-0,217650583497379;
-1,15639041722765;
-4,62074151410987;
-7,02364252011363;
-6,65702400067919;
-6,12662568270213;
-5,64260100817351;
-4,33947569376072;
-3,13227716380276;
-2,60853554111464;
-2,50939799738567;
-2,6065519511423;
-2,75898281106226;
-2,77868886391138;
-2,61718388756215;
-2,36812964056053;
-2,11042445343928;
-1,87151887303412;
-1,63033903427807;
-1,37714907208609;
-1,19547834665445;
-0,860107350271701;
-0,154691331602343;
0,21163163592602;
-0,00849388946652318;
-0,0756517714348219;
-0,295931176615923;
-1,09638232315984;
-1,38835159130389;
-0,879594900758449;
-0,567939858865712;
0,0242946010144728;
1,38058066159342;
1,90239182448709;
1,39173061801893;
1,40769814609091;
1,8177550645559;
1,89513288702654;
1,83930578217016;
1,78052634933747;
1,60822762739409;
1,34750702733902;
1,11530816153803;
0,967176358943028;
0,902637541432031;
0,88803312293467;
0,7144455300074;
0,0736954089212145;
-0,993689771466516;
-2,10669374585593;
-3,04004019997241;
-3,84173577438548;
-4,62602009916748;
-5,3919095862031;
-6,0224387745078;
-6,4438566065281;
-6,52466565679109;
-5,85705834076208;
-4,09899826587432;
-1,6939793883454;
0,370642519023588;
1,69179440768404;
2,6103387857903;
3,61575241440506;
5,09631878084081;
6,85904265509201;
8,02817042692882;
8,22592425543467;
8,162349155764;
8,56338323264543;
9,34725912568303;
10,0562376115135;
10,4110777611463;
10,2805979317947;
9,61160747231692;
8,47449866781883;
6,93882551284902;
4,95342391799556;
2,38711693419225;
-0,64122792111104;
-3,80094702833663;
-4,6029881578297;
-1,1960762993383;
1,26206971006063;
0,0351072234183876;
-0,48525418003135;
-4,06716066984905;
-15,0303399975511;
-22,1551945790491;
-21,3062841313112;
-21,9766719455384;
-18,0163800254811;
-3,04337234650841;
4,55965531527478;
-0,33409038000643;
-1,55901959945966;
-3,37533308901039;
-13,8975137978356;
-19,2122490554725;
-15,951653240758;
-16,4326295767181;
-20,1654376654002;
-22,0391541850382;
-23,646854125169;
-25,0584986233358;
-24,6047875942632;
-22,13042741964;
-18,2311535468613;
-14,1750473466323;
-11,1653391748492;
-8,99952928501424;
-7,43319118315602;
-6,68193591224819;
-6,36140761848611;
-5,83810305707274;
-4,80441246166805;
-3,30530567648282;
-1,68409229401975;
-0,199629837681808;
1,19785850479943;
2,4101724717496;
2,2761897350911;
0,434521473094579;
-0,586030725928911;
0,0268619622422918;
0,2072119990173;
1,98963209202473;
7,10899728462588;
9,68212381665893;
7,98948195270016;
6,91480694700221;
6,14993762277802;
4,150766539384;
2,82603367048535;
3,00687994017191;
3,99914807460246;
5,39660220581153;
7,12108521381666;
8,89301022693621;
9,98871999006252;
9,93681707199091;
9,46563215032581;
9,54885278574583;
10,2709255386451;
11,3058677821678;
12,0535948867649;
12,0974433326662;
11,9670295673147;
12,1542149880901;
12,4495727526357;
12,6073445717999;
12,3772358417838;
11,4311234761423;
9,96609024499931;
8,51874420635285;
7,26744693161864;
6,12663348866832;
5,01673322864336;
3,92347897795318;
2,95621071542235;
2,35829600669442;
2,26540617559052;
2,44925783368255;
2,58846686619992;
2,52008028675859;
2,05337090698733;
1,0951534810968;
-0,0249454512630973;
-0,888509407097575;
-1,37492838353661;
-1,53520451566979;
-1,47705018280985;
-1,29802256136265;
-1,0679598867326;
-0,963959427336443;
-1,22519709852219;
-1,70750813676602;
-1,83637138108513;
-1,41839588659982;
-0,801935214392092;
-0,199725377928;
0,345210888888348;
0,624018886643764;
0,507076539954611;
0,281251790711488;
0,253138945295033;
0,271231618945596;
0,0324967688624634;
-0,343428489328421;
-0,44426877019188;
-0,261103243317869;
-0,160044698453994;
-0,274278241367097;
-0,472973302175313;
-0,572567858538884;
-0,446401681818445;
-0,1935725629688;
-0,0636960372869926;
-0,20340462851185;
-0,609289259648694;
-1,15449282566286;
-1,60159889016272;
-1,83556587980219;
-1,98499741824836;
-2,19044050086752;
-2,38572433576807;
-2,33278623219487;
-1,9557829322471;
-1,46143633945937;
-0,942424644999416;
-0,383857944168585;
-0,0317479952603907;
-0,00977267560037602;
0,117088860886664;
0,708667805893026;
1,46697907073224;
2,04277914326718;
2,60588235994722;
3,33603700891069;
3,81681840050596;
3,35055408158861;
1,7312248045087;
0,0129196374826101;
-0,351962976019762;
0,100254784986136;
0,0898549603168829;
0,0315096449229236;
-0,183262928607855;
-1,86097143799242;
-4,14858817511453;
-5,16034142759613;
-5,11647795144987;
-4,97634069888045;
-5,16970884743741;
-5,65479287921288;
-5,96364943984363;
-5,90702595425997;
-5,46654331841039;
-4,77662043146926;
-4,11914135525273;
-3,46194590674673;
-3,05388678292141;
-3,24101432337058;
-3,56360830904835;
-3,49001326147991;
-3,16831567320692;
-2,79060277687445;
-2,21738414767143;
-1,6377997449647;
-1,672830858963;
-2,58011784028034;
-4,11478564225863;
-6,1001020147321;
-8,50928575440422;
-11,2775505736977;
-14,1793145513287;
-12,0694055992954;
-2,28312223994996;
3,07288670311566;
-0,131329160451294;
-1,09176182728103;
-1,81215489943163;
-8,03993634290388;
-12,0238158973875;
-10,7889697350634;
-10,3528939337591;
-10,6267514247247;
-9,31863739777539;
-8,00692247960593;
-7,28537055092193;
-6,03538787941513;
-3,93611778196549;
-1,50726379609653;
0,790292214717978;
2,54165417967564;
3,36121505725731;
2,54344892854042;
0,362107744084308;
-0,614449777944522;
0,0587638097678928;
0,204860440712898;
2,0732218092859;
7,23831728090354;
9,13327225240024;
6,42801190704018;
5,5862356395562;
4,91895600486879;
0,879697378476633;
-1,28773872264372;
0,0953663855655864;
0,438577641497048;
2,17639531748482;
9,17354389237401;
15,5512457283011;
17,3434572707527;
17,9921021529668;
18,0433932931022;
16,43379466466;
14,378235106622;
12,4733603682964;
10,4926047921857;
8,50739932171751;
6,69137735839897;
5,07590998302123;
3,56563085175406;
2,05537036551368;
0,697219460598857;
-0,0744858354796322;
-0,110011257689797;
0,0556685879795416;
0,0184605054583595;
-1,01194860350636;
-2,9374476591417;
-2,72217945042811;
-0,314056818197008;
1,05771856697737;
1,53732004573053;
2,0281956448544;
1,67702389356152;
0,240247144362118;
-1,75015778824379;
-3,31948211315768;
-3,48276379094675;
-2,40675796482325;
-1,09473911861339;
-0,160156950438534;
0,450548909429152;
0,945241321821943;
1,31584655776526;
1,64883092405287;
2,14472833402573;
2,66548783870092;
2,85635764543272;
2,49861258970626;
1,64069086249765;
0,500150544799475;
-0,770523819328545;
-1,87752122173495;
-2,46327275424011;
-2,64911291388332;
-2,75974094933632;
-2,87854634449956;
-3,08803241763275;
-3,54586511527876;
-4,22150852054239;
-4,88894805237995;
-5,25729502764462;
-5,10146871758841;
-4,48491437448967;
-3,67637805288821;
-2,86143050133435;
-2,17473853139701;
-1,71566950533684;
-1,41058114536172;
-1,12507845306727;
-0,836756019600028;
-0,597817208058449;
-0,412786032739681;
-0,226930984559625;
0,00552806837511969;
0,3607855259003;
0,96652505321504;
1,76921212694401;
2,40053456030991;
2,50827859479102;
2,0601252103161;
1,28126765074223;
0,516213973285914;
-0,00565865544869038;
-0,331681707951449;
-0,464429216588099;
-0,289515647715844;
0,0112109693388441;
0,104545370461397;
-0,0311360025687648;
-0,193368543128773;
-0,330011692839914;
-0,539661334882559;
-0,759590933925625;
-0,801141512142402;
-0,621626254715173;
-0,30918926206371;
0,00553080424689545;
0,144573729532242;
-0,0193758785312296;
-0,426458851539346;
-0,878935029361563;
-1,20520196609917;
-1,34214806353285;
-1,39991495598839;
-1,60994730686557;
-2,06428590237481;
-2,63930293478259;
-3,23689986001222;
-3,84501605151527;
-4,39153892132332;
-4,90322225663648;
-5,58585434226081;
-6,43103139731885;
-7,21024682469857;
-7,97483688543188;
-9,00176066450106;
-10,2928922905915;
-11,5882700044876;
-12,7157851869576;
-13,4570117766042;
-12,6903864867245;
-10,6868580670861;
-10,7254378771552;
-12,8400177545627;
-13,7270519360948;
-9,75116225024325;
-0,646634801296945;
4,11815373182961;
1,90424103475337;
1,48318686111131;
2,32710604895676;
0,481929811510708;
-0,684614709431367;
0,060905961709942;
0,226472911908151;
-0,456986234544673;
-1,60127464742437;
-3,22569450498535;
-4,4934875313887;
-4,9683364487363;
-4,88739656921766;
-4,78595070957406;
-5,35960019036712;
-6,63414709503151;
-7,9712607876663;
-6,5178126129256;
-1,162028114637;
1,63798481375591;
-0,088447966470794;
-0,574406058228888;
-4,16704343365195;
-16,086585344179;
-24,4444746654282;
-23,1756815844172;
-20,9937450065121;
-19,3521439710337;
-15,9833435680345;
-13,6291104160196;
-13,6003511293737;
-14,5251675187941;
-15,0592333485909;
-14,7035620342948;
-13,4672021134069;
-11,7271266790408;
-10,6366435929435;
-10,8229912380824;
-10,8989443785427;
-9,61278686954256;
-7,62724888177262;
-6,00870353958428;
-5,23212712884976;
-5,33600132251567;
-5,64766634345033;
-5,17756177465438;
-3,56902968405751;
-1,36755009001653;
0,139965710558329;
0,230427012287083;
-0,115058242644178;
-0,038654531791757;
3,51365087865591;
11,9176494256445;
16,1958668834456;
13,5158107267233;
12,2069789009566;
12,5642189386812;
11,3222625215199;
9,92751771487137;
8,67636802847193;
6,85190789476986;
5,42599117513708;
5,01127749475919;
4,63561769194294;
3,72377954996726;
2,74421852054366;
2,20804000793457;
2,53120492743;
3,98239862058054;
6,30031278631577;
8,86590471041656;
10,9280565830835;
11,8887255857293;
11,8332152926303;
11,3576880804194;
10,9487754597864;
10,7200946177713;
10,4005668418498;
9,81652934369446;
9,25849563156659;
8,94326494856085;
9,23470616858812;
10,1266482894762;
10,1828623902356;
9,24619191412016;
8,81127347586113;
7,53326990384844;
4,03601181955865;
1,78648117612227;
2,26416193472438;
2,5696050522063;
2,60463857222517;
3,25000310392043;
3,0297562629836;
2,15548979117676;
2,15218780633199;
1,88447086866681;
0,327426352802328;
-0,485597575984004;
0,0361119024386701;
0,165540316092272;
0,218415916517621;
1,03893318111983;
1,52559466214303;
1,26608581504774;
1,30163639505086;
1,9100624483127;
2,49347036517944;
2,72722808239799;
2,65303667887623;
2,23511412158839;
1,42423603219388;
0,514423428346347;
-0,110061749588393;
-0,462965515678648;
-0,81495107950789;
-1,22751320374611;
-1,54041766883893;
-1,56584209765524;
-1,21170492022934;
-0,670365568086562;
-0,619183280598807;
-1,34195330193441;
-1,75107236062818;
-1,22273949915602;
-0,597041231407388;
-0,26419365573792;
-0,0149180072173779;
0,0576081672137485;
-0,0120881737223238;
-0,016480752505774;
1,07182094654976;
3,47588849440469;
4,12075546459843;
2,48898317384329;
1,92979434291685;
2,71636063840131;
3,28590603190792;
3,37820133097976;
3,12666385805464;
2,93624569654077;
2,22970235237244;
0,39942192177848;
-0,558137002571357;
0,0281822220713196;
0,196660688029965;
-0,225317254499702;
-0,691497296038787;
-1,63581938873649;
-2,9775165879766;
-3,99347955819173;
-4,11890696960812;
-3,37387667146454;
-2,25115344360746;
-1,32073387156165;
-1,02862618955425;
-1,54115801436585;
-2,49898482915372;
-3,24196388646296;
-3,47792856435815;
-3,39585485842699;
-3,04117396445578;
-2,62626792773675;
-2,90629895888213;
-3,53355484813084;
-3,49815854563959;
-2,37382223884262;
-0,37190310109267;
0,56410793530079;
-0,0351224172423362;
-0,196722221777187;
-1,06576848815459;
-4,17086626068925;
-6,2838398519466;
-5,91268269963884;
-5,54113805456449;
-4,18194339747173;
-0,620060417046016;
1,03420272724038;
-0,100018415270322;
-0,34357094561081;
-2,65211946823254;
-9,82670447855262;
-13,885134268678;
-12,4615262470685;
-12,7259234467657;
-14,7133573258334;
-15,3322320010598;
-15,4351478596275;
-15,3282085678089;
-14,5550630136581;
-13,5842591539579;
-12,9380359638053;
-12,5115118066806;
-12,1068160005265;
-11,6707087883794;
-11,0351411182788;
-10,0445282615067;
-8,80571325458882;
-7,54576485082275;
-6,29724111599227;
-6,59590249399279;
-9,21839670745173;
-9,92858176832015;
-7,49596809735734;
-5,89888334709513;
-4,12956938298108;
-0,506314241905895;
1,00383645149854;
-0,133414946116577;
-0,317888608115471;
4,21924831872502;
13,7363438131785;
17,816167501774;
13,5966410049291;
11,0216804504033;
10,5729280627901;
8,96836190801988;
8,75673572833601;
10,6747187064659;
13,1970747605793;
13,578471104432;
10,0674953242958;
7,93368795672762;
10,517011226921;
13,5733826254827;
14,1092004205121;
11,1657086170147;
6,28240779523621;
2,6875461059786;
0,241163267480498;
-1,81463989779848;
-2,7279633087606;
-2,50727421329943;
-2,04745338627372;
-1,93899071577964;
-1,53759217681265;
-0,28847559180198;
0,389089594566649;
-0,0163608228731627;
-0,138428443172717;
-0,19580002881638;
-0,705824190652009;
-0,660651267636405;
-0,454654269599399;
-1,3479726090021;
-2,415392809257;
-2,33768007806576;
-1,2998530660757;
0,159122142489443;
1,61710377660267;
2,56366795323273;
2,78246575419833;
2,50610673060457;
2,06137748152618;
1,659833924264;
1,36753724239138;
1,04656619640274;
0,499580143172555;
-0,41476047825138;
-1,86689823643245;
-3,70340320693365;
-5,2880978355801;
-6,19457515591601;
-6,51078587557489;
-6,50355811181155;
-6,47033728838373;
-6,56688848564616;
-6,68042769198411;
-6,65248109875323;
-6,40751002046101;
-5,8956956000427;
-5,07092812952872;
-3,9929302500892;
-2,90822325458132;
-2,00278115931797;
-1,2461665257791;
-0,655757182183952;
-0,233691087550634;
0,220938933887151;
0,78221755475174;
0,689625408388898;
-0,383696222810281;
-0,699517663892062;
0,266101385848471;
0,937311293946204;
0,813092710385102;
0,194496726053129;
-0,20416500549084;
-0,00995875775146064;
0,0809131254790394;
0,674649374633787;
2,4996115045574;
3,64671670021565;
3,25360314991878;
2,79006075632166;
1,79262886151292;
-0,338539735211916;
-1,54495336048206;
-1,37147896267602;
-1,50532443245983;
-1,85083117884201;
-1,70663138250025;
-1,46606913134856;
-1,38559929268848;
-1,27701084568472;
-1,07550954537563;
-0,873643674908269;
-0,70492000602389;
-0,604776975869217;
-0,605941448644162;
-0,611923060228566;
-0,507767651583359;
-0,257555113894456;
0,17775157161434;
0,716753181821984;
0,999835415245703;
0,715909826720031;
-0,0461689783570971;
-0,982375399000801;
-1,86085250867187;
-2,5566397904631;
-2,94903283111461;
-2,9029632395501;
-2,39557066019689;
-1,5430198457014;
-0,542483430499842;
0,269681176810431;
0,393269600280316;
-0,48075367647473;
-2,08325720124172;
-3,56037334087606;
-3,90748895525437;
-2,83902132489942;
-0,742681939744486;
2,0735291233873;
4,96065151717162;
6,80240626816196;
7,18758046157048;
6,78054256159269;
6,54353626175142;
6,65981015818944;
6,74693617468029;
6,88636306811376;
6,88215607904206;
6,61505322998257;
5,59685959329153;
2,33207506416861;
-1,87406874914792;
-4,79785635615486;
-7,25228231368951;
-6,23940097661707;
-0,0455862061839981;
1,16493098789511;
-4,88287466876308;
-8,35116126952259;
-11,8089984326829;
-20,793872294187;
-27,7983959569052;
-29,9655766813085;
-33,1224748062713;
-32,485097814154;
-24,2840544154856;
-22,5249296838456;
-30,3735142473786;
-34,9147888789402;
-34,2979968446934;
-31,8478507574607;
-28,8739264019866;
-27,0954831667477;
-24,743317386794;
-24,384161955274;
-29,3943179100244;
-31,4788081049294;
-27,1848297713765;
-23,7311646591314;
-16,6493778883795;
-2,2557692616752;
4,01924225206817;
-0,431301283076724;
-1,31930617287982;
0,119350108959111;
-0,968074970841921;
0,610187449861072;
4,36959282715347;
5,67611464305097;
8,21252836972422;
15,1083220539127;
18,9227870418205;
17,4546625752303;
17,4948408291934;
18,7523364865031;
17,7471737431763;
15,6797133492181;
13,7744464653511;
11,7688291406353;
9,69884157962116;
8,52443829495727;
9,19847011743869;
10,6620621108382;
11,2004944041865;
10,3677107688975;
8,90414524652931;
8,96242345723495;
10,6005068474517;
11,3142115688384;
8,17729258632182;
1,26799492365349;
-1,97376589647214;
0,144154850728057;
0,677912260502078;
2,84623339975162;
10,6159192264392;
13,846355259006;
9,87414555571428;
7,72870882129416;
7,49888650649665;
5,86687975058032;
4,38042851315922;
3,36998281279226;
2,05526901565833;
0,844435671499175;
0,0907329705978452;
-0,371359459464795;
-0,606509520867666;
-0,668593201743564;
-0,666332002525704;
-0,583128950238026;
-0,354191886292952;
0,0762870359907704;
0,543941382796148;
0,587217492461805;
0,189818334452151;
-0,221259489007646;
-0,626377382586139;
-1,10824633157531;
-1,40054243852046;
-1,34095330241765;
-1,10928591627754;
-0,824375056613807;
-0,486173704269382;
-0,56566954619239;
-1,17635322590787;
-1,33663715456066;
-0,809565925657057;
-0,408094856417275;
-0,263117241825754;
-0,0577297418090138;
0,0653491482445923;
0,00144025437902687;
-0,0251447726388322;
0,414023207035503;
1,363191969669;
1,77041353845562;
1,42390496011522;
1,29287819541279;
1,01345798158935;
0,142027299136117;
-0,25292422236613;
0,0290379518547977;
0,0819225342781853;
0,238926789975222;
1,00395550595496;
1,48499648418625;
1,36584460317167;
1,42387847678369;
1,24105942900142;
0,235044948469968;
-0,321784412059729;
0,0167398715923834;
0,112829184163575;
0,408525526093405;
1,47000263483011;
1,68762802976403;
0,764412697266824;
0,398955314066512;
0,712636845419976;
0,857257205099117;
0,8364990631219;
0,789424808875697;
0,648637118910594;
0,582354769706604;
0,753214333313782;
0,90216865618035;
0,802736115169428;
0,619112035793165;
0,65281174066355;
0,957507888368487;
1,08745526116778;
0,827145513874948;
0,607497293044139;
0,527059841543385;
0,306398564644015;
0,0390279408997315;
-0,197116830358174;
-0,474655245553663;
-0,67807534562926;
-0,908578167113567;
-1,20726431038361;
-1,29272731664554;
-1,27693097399902;
-1,42528355916565;
-1,61592363911097;
-1,69313617914564;
-1,77738351837273;
-2,05004445733752;
-2,39769956881697;
-2,57907480221471;
-2,58485485859592;
-2,52856837605003;
-2,40727807564149;
-2,17335881988738;
-1,92167562697251;
-1,7490530011715;
-1,63675471391325;
-1,61802207594694;
-1,7741271172881;
-2,06675224554474;
-2,31329039820323;
-2,44452006660943;
-2,54821445443001;
-2,47009188823596;
-2,16611669583666;
-2,14523746006223;
-2,46043550128385;
-2,60431602941116;
-2,68155672467853;
-2,9035285165091;
-2,86604961217467;
-2,48196395238414;
-2,18165983704774;
-2,03887813362581;
-1,87363046561399;
-1,66783501287194;
-1,45273026594359;
-1,26136652305071;
-1,15071544210173;
-1,10747491040199;
-1,04286676766002;
-0,988978804339136;
-1,04977032085481;
-1,07632856430833;
-0,840413538414289;
-0,491528061590472;
-0,259723492069388;
0,0125219944744239;
0,420096678874603;
0,635198716523509;
0,500212038883362;
0,284123569645058;
0,140057324674307;
0,180828632336132;
0,488966721212931;
0,590155685523395;
0,307353343382525;
0,0969435498489569;
-0,0776892775943092;
-0,401460998224905;
-0,538739078779203;
-0,420911910090356;
-0,393195254180188;
-0,449203858051445;
-0,446958314452716;
-0,443832733347853;
-0,43559027580341;
-0,422191200822666;
-0,527666387851517;
-0,772803475739544;
-0,918835458698239;
-0,866338531646017;
-0,780083369293202;
-0,661498833162462;
-0,469381318983216;
-0,331326285545681;
-0,298788535594947;
-0,300368660369296;
-0,299390793373443;
-0,248195968894254;
-0,078133820333636;
0,162722386363472;
0,38815643215976;
0,625144261563136;
0,848181285237262;
0,955695879611329;
1,09984545933819;
1,44485408386217;
1,7512176524506;
1,82257170492227;
1,76015110636153;
1,57634418130896;
1,3323237937335;
1,32292364223539;
1,56119264011478;
1,67461692039377;
1,477811529617;
1,08716230968814;
0,620898603125386;
0,126973715928784;
-0,402266108329021;
-0,96968317691177;
-1,45744658548027;
-1,74963909946365;
-1,89214512267532;
-1,976729710017;
-2,03560324088153;
-2,05396801911596;
-1,97456974748738;
-1,82508519630548;
-1,73017045047195;
-1,72114822882322;
-1,77872593904028;
-1,84872682004682;
-1,81590459328572;
-1,745239042931;
-1,78417217449096;
-1,85411728717429;
-1,86990487876284;
-1,91926570467426;
-2,00366664648496;
-2,07829105008846;
-2,20853511064958;
-2,37154965643413;
-2,45549525550304;
-2,43679784535396;
-2,33048001207963;
-2,14606976570022;
-1,92794274350998;
-1,74754786378632;
-1,66199866389296;
-1,65469669899921;
-1,62478398437795;
-1,49901375990833;
-1,38470393546262;
-1,41329244924541;
-1,47560696373947;
-1,43989407396359;
-1,34636859839626;
-1,18453063728915;
-0,91169301522645;
-0,64090873165126;
-0,550934611731863;
-0,685400540599557;
-0,817789306826007;
-0,746563391733272;
-0,614498412200087;
-0,60551135047597;
-0,703735061988678;
-0,779792433606843;
-0,747890092023376;
-0,675771080423697;
-0,634447266961864;
-0,455295489120393;
-0,0685946567208988;
0,110537359887341;
-0,00924242799321047;
-0,0374264332000391;
-0,276706273246797;
-0,958906222982848;
-1,14081987159536;
-0,673832765055612;
-0,510714265587832;
-0,470132821912133;
-0,079005151079457;
0,125639939396863;
-0,0127339363912354;
-0,0411949834360175;
0,229855294023275;
0,69692111072387;
0,916360858254891;
0,838132299558982;
0,817362233794929;
0,791188389905708;
0,746935288493645;
0,788609398253833;
0,859178784891024;
0,856281600842312;
0,535737377537149;
-0,00920555585956875;
-0,176731551002817;
-0,0791145902743229;
-0,290906289316861;
-0,510100764856227;
-0,372263701412791;
-0,102430874106804;
0,154692688943538;
0,308095496247892;
0,274278445508655;
0,144054223333411;
-0,0632926729230999;
-0,292528197550215;
-0,384924423108205;
-0,432966167135788;
-0,629741680466226;
-0,929767990122883;
-1,16680175184443;
-1,32750893676582;
-1,10415262197716;
-0,232634511356139;
0,280744196843559;
-0,00177396227151911;
-0,104293583208787;
-0,395892723558896;
-1,5131002705117;
-2,1370399135397;
-1,82240308914655;
-1,69364021913063;
-1,34022538457125;
-0,202971655458653;
0,336762120271549;
-0,0333309420893138;
-0,111375187027355;
-0,511019503739639;
-1,9397641848838;
-2,68858812294229;
-2,30158997050901;
-2,20906935351118;
-2,3051432811416;
-2,06155481277527;
-1,83754125388428;
-1,69763287609965;
-1,51024033885905;
-1,43521165209053;
-1,55367642905996;
-1,73526762147372;
-1,86892751924286;
-1,92609046063953;
-2,00683026609425;
-2,16772948414311;
-2,27671959213337;
-2,24920481741355;
-2,12381116977377;
-1,92135864518279;
-1,64966238063322;
-1,33245842614089;
-1,07114732840511;
-1,01824429775163;
-1,10433111247199;
-1,12302594504208;
-1,00441604948729;
-0,734762529555773;
-0,419947989053796;
-0,300648856207039;
-0,37634633236358;
-0,492820703524819;
-0,641475920068458;
-0,761019644849202;
-0,775649415761752;
-0,739776371221196;
-0,74758311703688;
-0,896556008395971;
-1,16800075281455
