0,347960426832335;
0,0515094759290822;
-0,0890417630259387;
0,0100832737479152;
0,0288363470588634;
-0,0158856971942952;
-0,00356058998239533;
0,00713229151608208;
-0,00172091610576158;
-0,00181447429663504;
0,00137171991831903;
7,03922539517069E-5;
-0,000517057069003819;
0,000191551712179499;
0,000103553674905243;
0,515413329113647;
1,72924417108298;
2,24607044519725;
1,92227352039535;
2,21293016664217;
2,06442116630579;
0,375715144654298;
-0,541827727637291;
0,0380719332259657;
0,185407531070388;
0,338657881447038;
1,31974573330606;
1,51160067521702;
0,796120668942083;
0,822068459952686;
1,36465280184028;
1,43949740191937;
1,25222572185746;
1,30997306456488;
1,57487359776007;
1,29249802390177;
0,217336434937257;
-0,32411754885577;
0,0226600236187035;
0,11139285975863;
0,414829617660939;
1,57052521858711;
1,99161587400135;
1,1479568506233;
0,555285255400671;
0,42194736266638;
0,0887707930798104;
-0,113462284619369;
0,00429818743330303;
0,0403782838658804;
0,461508435696401;
1,603969616723;
2,07619020401876;
1,64497169444181;
1,73624375443091;
2,1701242722127;
2,13282964715355;
1,91132929979114;
1,85407706501158;
1,87288140022934;
1,84964062690644;
1,79366224065059;
1,71710904062454;
1,61372301297733;
1,44421920371114;
1,19206572114169;
1,04642177192431;
1,19150626239308;
1,44212637068466;
1,36207309882315;
0,969018649529005;
0,933297296282936;
1,36923045094852;
1,55074125258309;
1,34839323994946;
1,23080439513509;
1,25228009738449;
1,3204742405095;
1,49429030478721;
1,77169962255291;
2,02053745090671;
1,96180354348328;
1,5536652541768;
1,2002114212295;
1,18177872696483;
1,36055779131146;
1,50065114942821;
1,51398924773848;
1,49398056432499;
1,40184984727584;
0,984438382301091;
0,179436824467382;
-1,15637037529111;
-2,99386816209242;
-4,28038125246149;
-3,2775299998511;
-0,417093094764864;
0,78606271164442;
-0,0933069052198965;
-0,254209355697137;
1,19249370999867;
3,75805597931931;
5,11998643748406;
4,07977768313735;
2,9008975023051;
2,35573063072603;
1,70316798697757;
1,34903637339495;
1,61436806390738;
2,01974581878333;
2,2720187506764;
2,42659829840937;
2,37083575154253;
2,05507890174243;
1,7072367259664;
1,13090739202155;
0,163832385788868;
-0,269770921814241;
0,0229533691048661;
0,091312955538347;
0,142932904567599;
0,540224064232055;
0,559694267361102;
0,327012523032272;
0,550317569825856;
0,638033263488427;
0,118198653032139;
-0,172307547773507;
0,0136887287590886;
0,0581211455467282;
-0,0296231702950101;
-0,00818568967931591;
0,0139477215019295;
-0,00293086956456236;
-0,00373031989493071;
0,563212983064801;
1,9269045501779;
2,63735306690628;
2,29836753441409;
2,16073741798097;
1,65710691177391;
0,225521060818577;
-0,409762671023772;
0,0481192169033841;
0,132360013160896;
0,32428345152292;
1,35769303970455;
2,01427011883047;
2,05693912575964;
2,36561310664394;
1,95409776876685;
0,289010480354661;
-0,489123994496557;
0,0504310095129529;
0,160924852323036;
0,246601787795169;
1,13161313733015;
1,71528957734066;
1,78040596343428;
2,1152253635453;
2,12821257960205;
1,43482046941038;
1,22269615767014;
1,83093243404992;
2,27675922693707;
2,07079147938577;
1,47931601598334;
1,27878288159422;
1,7653803753617;
2,22375128164087;
2,08667788930011;
1,49619420094118;
1,27120413904005;
1,76174177189448;
2,22809805130042;
2,0155640048792;
1,40036369818542;
1,42683772395558;
1,96330879791507;
1,94760713138609;
1,70734193080036;
1,76756889346356;
1,75858151841061;
1,54607482769283;
1,43392201186945;
1,61036156974816;
1,89709026224524;
2,05354670477591;
2,07150297422341;
1,98880540518403;
1,86334638187032;
1,86182692290648;
2,01044448590184;
2,09701459569634;
1,99424424966144;
1,94008058833712;
1,91965175769887;
1,28773691008575;
0,270488563692146;
-0,0115296572984709;
0,811916956300388;
1,85160642157077;
1,52374571184627;
0,22646785540182;
-0,0818338121217801;
0,940107237548734;
2,27430178431214;
2,47042554973386;
1,60364494665281;
1,32281775045386;
1,23182540112838;
0,267653636584952;
-0,331023235326154;
0,00883882271257033;
0,11945102673789;
0,310547295377117;
1,22822572420535;
1,70349031243546;
1,46256273075163;
1,6905823195843;
2,03761930554545;
1,61551124976898;
1,22755550362162;
1,47671018934236;
1,86135586671841;
2,00691258052317;
1,75446674255195;
1,53291559124297;
1,73752596497692;
1,82312431958556;
1,17259838088508;
0,102883613276573;
-0,266538372008323;
0,0444477257780184;
0,0809733416295944;
0,425838188051032;
1,6032169812302;
2,02077855404036;
1,2284439629805;
0,853395101198963;
1,18456037884432;
1,46865903264781;
1,71534474776894;
2,04408789760561;
2,26548737249343;
2,33993012123577;
2,33992144185978;
2,22941749576655;
2,07731919871663;
2,08235488145863;
2,25175109566579;
2,35642449439461;
2,24191167523255;
2,06811051363775;
2,08147154833218;
2,02218144163467;
1,57443287254979;
1,37102486624365;
1,84136659205154;
2,18855226557756;
1,49738348848219;
0,143539492085429;
-0,345640472570329;
0,0546760366736214;
0,106144573997442;
0,31343887812519;
1,2629114615655;
1,66143591023094;
1,20742246216091;
1,05781577021589;
1,29951479066164;
1,44271504874855;
1,39394205311282;
1,23047858339753;
1,14720984215998;
1,25520747156454;
1,4665310069448;
1,53498239285515;
1,43357887568645;
1,41802136091694;
1,49336123951903;
1,50526645114442;
1,47337325149028;
1,43939666109618;
1,43846833885969;
1,55313910400535;
1,74799331376437;
1,89690809368078;
2,04573391869067;
2,16634989560337;
2,01380814789161;
1,7505433116837;
1,79736609615866;
2,0761836433759;
2,19061504806545;
2,07292894083201;
2,06121842685622;
2,24838643527578;
2,23423737432588;
1,85833244615038;
1,55326589325241;
1,65937112819296;
1,87536948601439;
1,75839013601696;
1,40344834576305;
0,88300914741344;
0,132258301167951;
-0,208289177497353;
0,014737140819325;
0,0719010256910316;
0,420725664702259;
1,49405712791488;
1,86495794328911;
1,32159622074571;
1,30076965296596;
1,64458456736229;
1,60702536446682;
1,36921181076475;
1,12858105926864;
1,00923270111231;
0,785293167396365;
0,151254711655271;
-0,20093000622418;
0,00797782865237043;
0,0716293260478007;
-1,22126369398464;
-3,92033774587947;
-4,5883411634489;
-2,70729704356081;
-2,73607218199615;
-4,91009996904614;
-5,06027756583725;
-2,58682468940557;
-1,40021619890411;
-2,98669893125033;
-4,4473723492172;
-4,83069626071915;
-5,34474361380032;
-4,85310596932948;
-3,01673705770091;
-2,17937020699512;
-2,64365539475545;
-2,72049444958671;
-2,192262671999;
-1,68004586214995;
-0,835795638486869;
0,66959899932419;
2,11484851444689;
3,53052178296719;
5,20819779961917;
5,43522182121619;
3,5544102286531;
1,84482025145673;
1,23253926522314;
-0,829181611825164;
-6,73322254002229;
-13,97433772947;
-15,0680400283772;
-6,01640360839221;
2,88422103115763;
1,31528562029098;
3,43978474281794;
22,0150202547941;
37,0334286537262;
26,6725416304058;
3,64444179091107;
-4,60487053475163;
0,571991920195132;
1,40692583486833;
-0,794151905667092;
-6,50835892679815;
-23,3591726338303;
-40,8280099597217;
-48,6483810819226;
-40,1787412908409;
-18,5378491504289;
-20,4466565665115;
-46,9654061662406;
-44,078924681266;
-4,98907323585878;
29,5925532076073;
43,3235968920874;
40,5509354611243;
26,13520241862;
4,25670233740605;
-26,9698302110173;
-66,8091958934588;
-99,2309196274367;
-108,465011788583;
-97,8468137768097;
-62,7239869621167;
-7,51332827440168;
14,5986625214255;
-1,7267279289245;
-4,73780982513207;
5,60704061863809;
30,4764927489497;
89,447843936856;
129,394821040194;
101,990798587368;
55,563453489205;
39,4736207107292;
40,7407755956677;
35,3374741492365;
17,7814737725029;
-10,7659386210695;
-49,3251423472729;
-82,7281721472849;
-81,0939624160437;
-38,2940047155276;
-6,24959792875045;
-37,3519561779761;
-87,4957424651315;
-83,6463199815106;
-35,4838383744935;
3,65825746956336;
7,11431777594868;
-3,02282144025249;
-1,46178184950205;
1,71827022564782;
-1,03819043988152;
-0,584171258055203;
7,12928920648344;
13,4586288482757;
13,3709944594039;
10,0609182747514;
2,57471843601912;
-2,55632576813781;
-0,17676995779815;
1,03531435174884;
-0,379152044627292;
-0,207868599549234;
0,221626264498706;
-0,0189101657882413;
-0,0708609462831715;
1,04589063255975;
2,7732330687404;
1,82355913681373;
-0,440626862490927;
0,724709952602021;
3,72633027796755;
5,73225326855885;
7,60212216159984;
9,1202966611215;
8,79677677813582;
5,48583166720379;
0,518828808017583;
-1,24249385631359;
0,189545371255193;
0,385445918987722;
3,95246977966861;
14,6163504600688;
21,0917223287431;
19,8195973840971;
19,7999684007156;
15,6042988734139;
2,37965938366242;
-3,88732022313389;
0,36173035340459;
1,29684765809718;
-0,682320815016504;
-0,173494740214285;
0,314933338415905;
-0,0702016748217616;
-0,0825442773080662;
0,802432727321537;
2,52758805478984;
3,28204594160116;
2,48658861574868;
2,0932987995642;
2,59767996078989;
3,03860261516934;
2,9463145336454;
2,27557194492089;
1,23612976686914;
0,31892716722664;
-0,0691232053921655;
-0,0348380830892776;
0,0313105080069924;
0,000512003615356831;
0,341290026307202;
1,79450811249141;
3,92444012655689;
5,03052146279895;
4,60560030580408;
2,91388461010273;
0,383013494389085;
-0,676402520449055;
0,0648531634727762;
0,226299347434824;
1,79322242970222;
6,59276948949795;
9,08571509607696;
7,35116350780008;
6,01339518394156;
5,7440528578799;
5,68523585229622;
6,61768682557973;
7,62874094939317;
7,44312348888854;
6,78514059708478;
6,84721701221445;
7,03467678186741;
6,58057600147847;
6,36418413948481;
5,03529261990684;
0,963908036435005;
-1,27828104191205;
0,0478386341586616;
0,457282631092569;
-0,212176092152241;
-0,0730924355008992;
0,105941295113058;
-0,0183792385004547;
-0,029960522795385;
1,75775340911178;
6,38102652084334;
9,99003421073801;
10,6741872470083;
10,9685309391888;
8,23890011293916;
1,15846943903839;
-2,01311608576181;
0,2095974720613;
0,662899509734103;
1,95331569933023;
8,02908569390045;
11,1949338143005;
8,61979402550306;
7,45666180288794;
8,78705934018129;
9,64847367217886;
11,3664826188537;
14,4645405187628;
16,7995921975476;
18,2528311863215;
19,6202685053055;
19,5801636996985;
17,6608215803226;
16,3721533771072;
18,053287224095;
21,9880354124615;
25,9349228269712;
28,6982608888382;
29,6860770228192;
28,7944631041278;
26,5513325546711;
21,8960334963953;
14,6673115061123;
9,63534839826361;
11,2015392512859;
19,4247776003878;
32,4361734212462;
44,5517749896813;
48,5724489160989;
42,4631020098169;
27,7245412440566;
8,51371392042536;
-7,73769002547061;
-15,6002169059043;
-14,6199382223625;
-8,73370071161789;
-4,03816523331491;
-4,22538460362443;
-11,3707982860326;
-16,1797949690916;
-5,39475123799451;
4,6706882317807;
0,490203420732824;
-1,94929149821747;
-15,6217524411403;
-52,9094319615757;
-63,4223248757341;
-36,646229177765;
-24,2973131970037;
-26,7441549633625;
-20,255387214215;
-11,9932766083032;
-8,80415218850866;
-8,40886619297269;
-10,0415514074349;
-11,8857767694999;
-10,705631039855;
-6,79078919632563;
-3,10730936061743;
0,319039928515179;
5,81329671912858;
12,9070649971015;
18,623584644233;
19,5082971695398;
13,0978633488004;
0,47284299365494;
-14,4208102756254;
-31,3533423343394;
-58,7687334544609;
-66,125851926342;
-17,5801120378981;
18,1861260126349;
0,639997372491766;
-7,05039311218692;
3,50518473289803;
1,95917051609288;
-2,12226865816883;
7,49712837735544;
24,8855531305253;
31,0105031091221;
20,2225100975397;
-2,60066243765596;
-33,3704076876819;
-60,849790751977;
-54,6639755791401;
-9,61519262556285;
13,8774134822911;
-0,877610960590838;
-4,80541189151716;
-9,71578601547664;
-18,7522038842376;
37,0548355174964;
131,897959098633;
172,283689770709;
142,765435480398;
48,5333405981272;
-68,8402308463557;
-109,017310222261;
-54,0458140716943;
20,0741402487982;
62,3922641831953;
69,8842262920916;
52,0329550473803;
22,2646661570368;
-4,83203754870395;
-19,3985088179455;
-20,1351333202112;
-13,3989033626381;
-5,21294672528624;
2,18281908501381;
7,3461941646804;
8,82209809478485;
6,33250373038752;
1,84424211278236;
-1,74670314314372;
-3,59953383546158;
-4,77714272717554;
-5,3679147169991;
-4,01229182304858;
-1,19017042537202;
0,384226496875354;
0,121894928740497;
-0,16542114688001;
0,0224431974343749;
0,287135633277342;
1,22386092446505;
2,92293025591948;
3,70794757080433;
2,05614598358418;
-0,688654481104252;
-1,54291877683937;
0,0617382538906786;
2,31221875553393;
3,94212847522884;
4,85492861492132;
5,11727204761722;
4,79289649386929;
4,66324456727329;
4,98950435061887;
3,99596463713657;
0,783445302075501;
-2,36565321652083;
-3,09843752754737;
-1,33687461269293;
2,16471467464504;
6,5806449883113;
9,83749628167607;
9,61036027097018;
6,55103377049683;
2,95659419075531;
0,146364159507349;
-0,592849338495324;
0,114034074044217;
0,175991186352702;
1,4322229783191;
4,63009335546689;
4,4089501698839;
1,06084164399153;
0,805447068668029;
2,94007860831222;
3,73100419653347;
3,23722170768139;
2,74308867422118;
2,79219167778698;
2,9941844267243;
2,83764925234059;
2,60678514368315;
2,77118009495266;
3,35680255449968;
2,94281318559145;
0,602719867028222;
-0,758844970556735;
0,0181443852898389;
0,275665843164628;
-0,245588246707239;
-0,571422044800732;
-0,687621373151024;
-0,0911372650214256;
1,15103483419245;
2,29809843507422;
3,1895577456485;
3,79324914635637;
3,88234779860479;
3,58294547474872;
3,11379625605462;
2,41014101264961;
1,69225960559776;
1,4066454206127;
1,47288211014997;
1,581809520095;
1,77757721812271;
2,11082214264611;
2,21982896604604;
1,78774733288866;
0,894330260372608;
0,0219405524679985;
-0,182780393943906;
0,0459056874823793;
0,0493605873149401;
-0,435479896173811;
-1,61262729031659;
-2,78700399339283;
-3,19656545328926;
-3,5511230904153;
-4,98543932156653;
-8,81474849595849;
-15,3803562055829;
-22,7728391998009;
-29,7358856496748;
-34,5348030691683;
-33,3472831065407;
-27,3317139830818;
-22,0063145976079;
-18,3188004658111;
-13,639091374892;
-6,89909862266053;
0,68537338218608;
7,05941648202636;
11,6174920545458;
14,9151382546905;
16,9243631331295;
18,0354260283239;
20,4635985437602;
25,4466584751905;
29,5868568874764;
28,6239955051519;
23,7030838091382;
19,8972417072091;
18,2081485962114;
14,5674856736984;
8,85336029032062;
1,86462532804369;
-10,9741034422856;
-28,5514366324734;
-42,9085051777869;
-49,1929199140827;
-45,125894121001;
-31,1754827132181;
-9,31141161718645;
11,9323686661254;
15,8618824237345;
3,33768405019062;
-6,27988103283163;
-3,11751613405339;
9,25886102012494;
21,7316055477046;
25,3304911650238;
19,4594986219571;
11,6919126366764;
7,7331283047588;
4,46325087859726;
-5,30846181155277;
-23,6361942832555;
-45,7629531114238;
-63,1724323062326;
-67,1742756984781;
-61,9286124484964;
-58,5897492133109;
-50,6139434193839;
-29,1027704186574;
4,62032577578766;
47,4661991186037;
86,7053388610038;
105,381051194779;
85,107590729621;
23,2282283520504;
-34,0566159079103;
-33,7039579654949;
17,0072977361686;
64,7564022564629;
71,4925195646147;
48,3395063325251;
30,8025697734298;
33,556480818192;
45,0500559342653;
48,2910087977461;
36,7129120307535;
18,7128406731379;
5,31121036351669;
-2,27986158861894;
-6,60365437573413;
-6,07709019753681;
0,202008160840965;
6,91515406723053;
7,67536312782254;
4,5062852764598;
5,4390503391984;
12,1161733543721;
16,3148478004679;
10,4245147117207;
0,238249711467073;
-2,26961695595064;
0,622752870072965;
0,584404043610084;
3,44614280586517;
15,2060718156237;
26,7008919591653;
31,9370385682961;
32,4973348182545;
24,5393484858118;
8,19458138459441;
-8,56960933877551;
-21,5608227079607;
-29,6436921986524;
-30,4215002294725;
-25,9338276905266;
-23,1387017020561;
-24,2588118957156;
-23,5815433574073;
-14,6602184100123;
1,04317840170548;
13,7165725931238;
14,7076613370016;
4,85208804166853;
-8,04961801039722;
-18,6529574140577;
-26,2883022940564;
-29,5703099193276;
-27,3494371359264;
-22,0893270101257;
-16,9000631701982;
-12,3226903166587;
-7,00996233575339;
-1,01480159059868;
2,12708609290493;
0,776814075335617;
-0,710205165491987;
-0,0374399825783575;
0,277434730199856;
-2,55850550046176;
-8,6094238810804;
-11,1456984989375;
-6,64049479313615;
-0,407498239098904;
2,72660981754954;
1,22404498131005;
-0,882993453671607;
-0,160087313251673;
0,395933737763112;
2,07819407633301;
5,74017157780237;
3,61661521403646;
-2,09520361541173;
-1,48203404986469;
1,62578225399749;
0,751351796123337;
-0,632215100061174;
-0,0434973285022203;
0,249469532169146;
4,61042303527822;
16,1927097476728;
21,6584345390321;
16,1011855933383;
11,9686914312899;
11,4056918805674;
9,46439279347714;
6,61335731120657;
3,82302135397951;
1,57264653278779;
0,557289788494926;
0,485508733460251;
0,487966273634986;
0,172150867891053;
0,386859389400302;
2,25227070172229;
4,86230459857308;
5,73030915401051;
4,27622772182105;
2,9246258964156;
3,80275116947748;
6,42350567966386;
9,22869027362622;
11,4647830040482;
12,8792785489421;
13,4511115889873;
14,1019126354627;
15,6615759558716;
17,4752054463388;
18,6250721148122;
18,9569929061962;
18,3645097563351;
17,072816683187;
16,197288830355;
15,9989021827108;
11,6255957432543;
1,67323660673524;
-2,82425685503917;
0,270037066159871;
0,941160028884776;
1,37770698969676;
5,73744362558448;
7,08979016146516;
6,17849464884838;
10,3833584745367;
16,6049045835074;
19,1222027179864;
17,7426013802501;
14,4140678779267;
12,8807549601781;
14,5633459430159;
16,0296243167914;
15,1243842611535;
12,8442015128401;
10,7471239566639;
12,2039295827307;
19,4383840803361;
28,6126047140768;
34,6710781465456;
37,011513284479;
37,4283108575254;
37,0865444761945;
35,2160331009031;
30,1184289676936;
23,4332239359706;
19,8055568159531;
19,8275372737595;
18,9006257738666;
14,1343156867819;
7,12362285150154;
1,38183963290348;
-0,722771917625043;
1,05635191089601;
6,15446090984294;
11,6474460418602;
11,716633336181;
5,96398609053944;
0,717430086748581;
-5,82975054526576;
-21,0676976958535;
-27,3758323410675;
-7,28296554315297;
7,67504285958837;
0,182698481440716;
-2,932683810075;
-7,27833481184252;
-24,0294068747226;
-24,4165307355636;
-14,0035435901956;
-22,1775829237159;
-32,1125186901207;
-28,6322341182851;
-26,9745978417314;
-35,9456995534087;
-58,5264500097434;
-96,5587090017717;
-123,402302492393;
-102,929696089903;
-47,8398796943394;
2,12010805638288;
29,5711057665415;
37,6696578273512;
38,9699302784916;
41,3594645054969;
40,0205351053867;
27,0339615613846;
0,508603753796443;
-32,000415407042;
-55,5124802409224;
-57,3981200545949;
-40,8831603058884;
-20,3393525831686;
-7,19318231320633;
-11,4394191633363;
-29,8225910203092;
-44,0696956601012;
-30,4912435251794;
27,551361439383;
91,4229631595426;
114,439794306351;
94,2972027902294;
21,3720567747316;
-68,0557059255647;
-84,2103022878062;
-26,5368115461812;
29,4977392075841;
53,0482641997207;
52,2012038710014;
33,1278221224966;
11,812356279935;
2,16948963073059;
-4,19692198998695;
-15,5895398398957;
-24,2146436078444;
-21,5228214629218;
-8,42605925410223;
7,38996004522215;
17,5102515077088;
19,85130011962;
16,8476906153131;
9,37770296395088;
-0,280300776426196;
-6,63363545448591;
-7,51825860282614;
-5,68158992173378;
-3,05505492664464;
0,357052563836567;
3,43111146664148;
5,14643176657984;
6,5565668027648;
8,13518457463242;
8,47316653556001;
7,45247543202149;
6,65569116009615;
6,18635768205983;
5,30227682095089;
4,66761908194214;
4,82563248942601;
5,37923091171281;
6,47535861940083;
8,48364343872556;
10,8805933691462;
12,387009292562;
11,5087185542255;
7,86996191599115;
3,33272280288816;
0,534298532821702;
0,667430218560413;
2,5007155649188;
3,33937529896113;
2,06863544139728;
0,473250631710449;
0,891092612091618;
3,45056772837892;
6,07951466693414;
7,09501906386485;
6,66524407426527;
5,6607398103045;
5,00628579222859;
5,41834927231166;
5,95803923444498;
4,91365745890843;
2,80763111187234;
1,95186291571442;
3,21064160539996;
5,18049155156393;
6,21080542029276;
5,92376862208726;
5,17939606361211;
4,97236185226694;
5,03584292249864;
4,56782083654325;
3,83493627914307;
3,46389295859693;
3,55878425397577;
4,13104709150504;
4,98512315090806;
5,52931221547998;
5,37549722289265;
4,68486785104479;
3,97106831625724;
3,4344317349394;
2,66106840113998;
1,67258853604141;
0,992245318485264;
0,630127630180716;
0,454542094839289;
0,323538390044243;
-0,123848678152276;
-0,67665421104966;
-1,01806965978468;
-1,49175868070928;
-2,03112597597262;
-2,21034632461618;
-2,70540163576739;
-2,83508323860041;
-0,816378366671849;
0,780464444022555;
0,0534294681898313;
-0,314071602734084;
-1,52388136543812;
-5,14190492809595;
-6,07429231272665;
-3,93409542138459;
-3,72379640567698;
-4,15831935422002;
-2,62695424093705;
-0,458032998837981;
1,20271729066985;
2,21072824695081;
2,7664465410244;
3,33048374002075;
3,72324330685582;
3,62917249070883;
3,67423569293801;
4,29500462732712;
5,10298301605829;
5,87958687926733;
6,30614591539961;
5,87896704130239;
5,0217978045219;
4,77303687725306;
5,4884398169363;
6,41064333775748;
6,46088256606683;
5,73017006564075;
5,55941403708273;
6,11429118921562;
5,47983626047869;
2,91464726446937;
0,378175571320329;
-0,748630835158847;
-0,777453065147852;
0,431582888137307;
2,76128774605222;
5,57924042821973;
6,3204362318566;
3,16545380926425;
4,38795670986569;
12,9060513289614;
13,6589647999051;
-0,72426664108747;
-22,6899574164586;
-46,3180346126124;
-66,4514203687353;
-78,2416369509703;
-80,6959072333358;
-72,437724469048;
-53,6831702103827;
-31,1400950827523;
-17,9116050109057;
-20,6343275542694;
-27,9225151128543;
-26,5009933123578;
-15,7125202121353;
-0,932057098095418;
13,2774127476991;
23,1002822414731;
28,6048982133797;
37,1849487630509;
52,1561605409767;
63,511160247257;
58,4288563991515;
33,9058023241765;
-0,43020597835046;
-31,5944773894175;
-61,4457078953861;
-101,533589453297;
-133,712367453649;
-122,230533026598;
-80,5723845313824;
-52,3050603128543;
-40,3088457873351;
-11,3780620367581;
46,0728372336726;
69,770805400943;
18,0305094320098;
-19,7509658319193;
-0,131881009331482;
7,39176079648986;
31,7251122143678;
129,97040847863;
197,020270451615;
140,078613685494;
25,5773972932952;
-38,0285563601865;
-16,4301821530545;
13,1797553429916;
1,46305177961438;
-5,47860903537976;
24,1003322535817;
76,030452835917;
89,3301546108418;
44,0456231183654;
-1,83935067514044;
-27,4926363180345;
-43,0062559738279;
-41,2628562351244;
-24,3572220343827;
-8,7621779331449;
-2,94499995168014;
-0,916876809677763;
0,667168895308377;
0,167405199051837;
-0,326418633697267;
0,0802529534994261;
0,0819294450681994;
-0,062766185256801;
-0,00284361262069007;
0,0235030111338315;
6,13433980026942;
17,9444848367776;
14,5894803346985;
-4,12387597657372;
-15,7035191828581;
-14,1057751441657;
-3,28437953598018;
3,5880482634742;
0,108258047811137;
-1,39098172847345;
2,50956177072365;
4,28331025132771;
-2,6372616368704;
-12,821708885667;
-14,7517261384581;
-11,4084583361373;
-9,34192880760035;
-5,56572102010335;
2,34801570884858;
10,1820567366533;
13,1197056514169;
10,498762503914;
4,47459111080183;
-1,73399788495424;
-5,61144121377065;
-6,83885524340852;
-6,43091891676285;
-5,33842817944806;
-3,95895676094366;
-2,37911922638677;
-0,419827508774339;
2,24100855280954;
4,99201377345497;
6,3446157521782;
5,65130441205757;
3,92656622952361;
2,26482732974315;
0,630822205580684;
-0,852446027551387;
-1,68918507998371;
-1,45689621644738;
-0,258755335608205;
0,36695772702672;
-0,020663990750361;
-0,128282713488838;
0,0621070785896842;
0,0194205900551883;
-0,0301843507174821;
0,00573582019472823;
0,00832709479518987;
-0,00552673571074083;
-0,000644915741664882;
0,00223458462052027;
-0,000706735744407452;
-0,000498255366109377;
0,378772772675995;
1,86134764212736;
4,15628964342315;
5,9797630350244;
6,87087883849444;
5,36016581650635;
0,914032498967242;
-1,33075635555977;
0,0808769043195568;
0,463152865286713;
0,592805658032054;
2,36091574295775;
2,29709375021371;
0,518457058263355;
0,957013024492293;
1,95358275780743;
0,5701745840052;
-0,593467665675443;
-0,00789997875795919;
0,222777909684753;
-0,376078433159043;
-0,995689620845161;
-1,12172445362758;
-0,569658100797533;
0,0425823158920053;
0,176915301823053;
0,00803517064063397;
-0,0483331807018796;
0,0145508970979227;
0,0115345842630096;
0,11537631446798;
1,12537985715284;
3,45467241191498;
5,31633402131054;
5,0488620816288;
3,018670048845;
0,360575506561975;
-0,675757019772844;
0,0680454763620306;
0,225447547949243;
8,10996019269882;
28,8620836011464;
39,2582640652083;
30,8954280845693;
27,5095833391776;
24,0675253455256;
4,78803808703219;
-6,34882856831333;
0,290333514785439;
2,24070808150365;
2,70702222980912;
10,2621413294048;
8,14471601272736;
-3,54288635963095;
-7,52309098335304;
-6,38845076241744;
-7,69589231459956;
-8,93043681397492;
-8,85732081859564;
-8,12487043915183;
-6,07055656014516;
-3,50993139700444;
-3,82384592027808;
-7,0768469465625;
-9,58985442349204;
-11,6891276093281;
-14,338536547223;
-13,7561602187325;
-9,54201379848604;
-7,27649772033127;
-6,3604734862969;
-1,69973542793825;
1,71548334922392;
0,0847569609588304;
-0,6768034042099;
-2,98965019974415;
-9,96039712062709;
-10,6889383132518;
-4,3871329447125;
-2,56773403054415;
-3,09477702148897;
-0,517704609890999;
0,882338003078704;
-0,116732758586506;
-0,275630524580695;
2,08943603143219;
6,06350288991367;
6,03478421606522;
1,50952775355792;
-1,85478750878164;
-5,07279133350633;
-9,20767113255691;
-13,9067269730498;
-29,347062455774;
-58,5539162189235;
-76,4456272680609;
-60,0135411982721;
-12,8307651276335;
47,359027583155;
84,5696160902764;
74,6440218075921;
45,5086826513798;
25,5266759561015;
9,84683158269588;
-2,46702708850655;
-5,36002304848904;
-2,33556078799941;
0,591981257424276;
4,85372778905629;
13,9806155651649;
16,587938806519;
-5,83666366073627;
-56,8823674744438;
-111,51309225606;
-122,143247769132;
-86,1665660428691;
-33,9695414358043;
51,9381586159073;
144,259274210776;
146,862741177294;
53,7261396113943;
-55,0249044006349;
-109,929694943215;
-84,4053664148551;
-15,1050933361995;
42,8683565916668;
70,5747241429591;
64,2137620854095;
26,7830429615107;
-13,8242724251557;
-29,4934279113746;
-19,5000993714095;
-0,817615573682868;
9,95149343926298;
9,57626181410832;
5,60229973494495;
2,58308576235236;
1,33642146689496;
1,35000363254806;
-0,966977361164341;
-6,22376558192531;
-9,20867426448416;
-7,08246813427977;
-3,14226813517378;
-1,03923171024018;
-0,528069746343828;
-0,101189981955751;
0,139712440576665;
-0,00823819128027139;
-0,0484767637732006;
-0,288074987506499;
-1,79061262003695;
-3,7896202691568;
-3,36451196582383;
-0,298590364657936;
2,40462329230911;
3,78068993303493;
5,70369522195181;
9,22801438313479;
11,8739108966985;
10,2670317875359;
5,53055531499396;
1,89952666005796;
1,2519310357611;
2,70845870945292;
4,89739797096445;
6,41961909769024;
6,51935900829329;
6,01796863184703;
6,16002392755763;
7,09147890465482;
8,20198110301745;
8,90855317498639;
8,76588564683786;
7,68794848830521;
6,03325516512105;
4,36187453050584;
3,46648873703991;
3,52695407501506;
3,42280027013401;
2,37680805171743;
1,09035609509248;
0,541326781224989;
1,08731163831692;
2,55999311607641;
4,07442393467686;
4,50066730297743;
3,84265406235551;
2,95187640307673;
2,24360626764225;
1,95379473760069;
2,13086372555691;
1,93790276220699;
0,55019265979452;
-1,6704936296879;
-3,45011997803633;
-3,55053271180211;
-1,70740954570967;
0,946556538960612;
2,62785346785857;
2,48058727945766;
1,12094414487607;
-0,147687720605803;
-0,372345140051621;
0,153354134849196;
0,657052956599818;
0,9706827062671;
0,945508420587065;
0,372081094270281;
-0,699592971075819;
-1,99192497164078;
-2,64144127482372;
-1,86887100645748;
-0,121637163516577;
1,47762620310148;
2,64958223518164;
3,92284525842859;
4,93219857848093;
5,03044674796136;
5,18002171427142;
6,48906714495344;
8,64623222009262;
11,0979599516653;
13,3134043112518;
14,0662475223336;
12,8159869878558;
10,8451496161242;
8,75127462940099;
6,43161913272509;
7,28677192925697;
11,4392915198143;
6,04442628437554;
-20,4441161728416;
-55,7584011079988;
-71,8881741114033;
-59,1536819319617;
-34,8359732750166;
-20,5681554577885;
-27,0329020767222;
-45,1934491500184;
-53,07666054798;
-41,598055740832;
-22,1951028012442;
-11,0915575023253;
-13,8428568043684;
-25,4025600921213;
-37,3355304095363;
-40,7334834262216;
-32,9665650027802;
-20,9925722859906;
-18,914487295226;
-33,2052738628223;
-43,2327979534198;
-33,6312086612366;
-19,7872565631824;
-1,28696641193417;
30,1174243180025;
44,1824409428061;
30,3851308431423;
16,3006284856806;
-4,62104172688212;
-45,7609619009741;
-70,0994180705582;
-48,0697936986505;
-15,8342238390763;
-9,14059706469236;
-6,09897354503462;
20,4067178785169;
55,1188579060719;
63,1300347082394;
35,4921327694107;
1,03852549986535;
-7,25873658788488;
1,75389131972492;
1,99075782109894;
34,8005242121145;
108,515086841525;
98,5366580114607;
3,13589729247515;
-39,3858756166217;
14,3969335509174;
106,316227384938;
102,194946683448;
3,10030102897712;
-40,7845570821713;
-7,15223410962397;
33,7740351937289;
17,1464377216338;
-36,5344498870093;
-43,8347323409723;
-14,153118351442;
11,7854735090617;
33,5870595049798;
42,5937572265532;
28,8146490034482;
3,4648143840744;
-17,0475109458794;
-27,5186226925558;
-30,9284109228051;
-29,6515205425425;
-22,7802893950421;
-10,4808133229969;
0,777962012909255;
3,18608778872465;
-1,72032489449334;
-6,04381724445295;
-7,02822212871808;
-9,1900328093473;
-16,1846715204349;
-23,2917318796866;
-23,4934174918119;
-18,1527923066167;
-13,0410915534599;
-10,0061898103967;
-7,51686777412595;
-3,63950427504066;
0,877436969933778;
2,69257027428888;
1,06398363470482;
-1,34254333711262;
-2,61079036243903;
-3,02421562565136;
-2,62284293029566;
-0,609381582402444;
2,08697575631571;
3,86912674835051;
5,12198294630472;
6,48651778516223;
6,98909101108256;
6,23716592268039;
5,64342493293015;
5,17143919309027;
3,32956292168678;
1,02639932040967;
0,381768416629595;
1,19195727149311;
1,45515075493124;
0,0823890514803908;
-2,34360627155103;
-4,19351882569911;
-3,42469983059973;
-0,228970771234689;
2,55761347847961;
4,04471443373791;
5,17705434354749;
4,52925357624915;
1,23303434804317;
-1,8060955244846;
-2,48262978474369;
-2,08892035656296;
-1,87541875379448;
-1,15047024873403;
0,598521194203682;
2,53874290995803;
3,83141102515334;
4,39320012144822;
4,58467456942723;
4,47608582923652;
3,51489984388127;
1,93288849295867;
1,3444923858656;
2,82499892174816;
5,74576998774859;
8,58841398816281;
10,5679416615927;
11,8214629464486;
11,9925116973009;
11,073278777951;
10,4203309079195;
10,5657168830468;
10,3326280509829;
9,64286412647039;
12,2716588088494;
19,2262973857016;
21,3866278550307;
13,8690301225357;
5,47405263141764;
2,40398589571079;
2,72039469934676;
5,88321623013815;
7,78200677671566;
2,42324492519116;
-2,22695165873492;
-0,174712056931808;
0,903728254514288;
-0,757763872090077;
-1,68632530280787;
-0,500438512465818;
2,96377047083497;
4,36790705737781;
1,90597115598643;
0,867803040264695;
5,3784558926815;
14,7966447242726;
25,0575595418756;
23,0350024013695;
4,33142101564943;
-5,92333948506237;
0,295447328360515;
2,08399667565161;
-1,50768016694384;
-1,89730422379265;
-1,2441307013494;
-3,48726304148606;
-10,4415361920524;
-12,4314162616744;
-2,67403021894061;
3,42897579576149;
-0,151618092527785;
-1,20823696199928;
-3,66757599985721;
-13,6165441037273;
-16,0974042471396;
-7,30208823268073;
-1,93419908104732;
-1,65208315211419;
-0,385306070533329;
0,498885636615522;
-0,0324521804470837;
-0,169999119654733;
-3,25443761788884;
-9,97551261905198;
-8,74077953528223;
0,788018661150441;
5,48117172167315;
6,71623575767562;
8,66612050138952;
5,6440058844953;
3,04466618527761;
11,0181672599212;
20,105603215816;
7,96590358319598;
-33,394608977998;
-75,1476967422326;
-77,3975468936145;
-33,8507497764011;
25,8215770151708;
52,3537997093717;
30,4013697070289;
6,05735508310538;
8,10498903297062;
12,9815098608308;
4,48124170029056;
-6,3132839362876;
-8,46193360454149;
-3,24076450758479;
0,926192013024257;
0,444225307257272;
-0,464634559288903;
0,0286953647517307;
-0,953092166192105;
-7,39015335813725;
-22,8721501191303;
-46,3127869162199;
-71,9514488974875;
-67,0985024615842;
-14,0013988155902;
17,4452445482727;
-0,387033173137598;
-6,34652691936632;
29,351982056358;
98,1320816905028;
124,66866918366;
41,92218965271;
-67,0533365091048;
-75,7902366154902;
-5,11505611809248;
17,8484642722077;
-13,0639696239882;
-20,4299959857611;
-13,8823265700029;
-14,0084712929292;
-4,5589120963436;
10,1802717889347;
18,2479632573803;
20,3634386090322;
17,9420608701742;
10,7249979044031;
2,00339139214024;
-4,23409896643194;
-6,34945690121688;
-3,9862635886433;
1,87150893702006;
7,85633972571195;
10,3206994986923;
8,54720812625016;
5,18375316187543;
3,25558557567506;
2,9762535514122;
2,80524867460192;
2,33449961321074;
2,09427619913195;
1,67469925961617;
0,856857864964993;
1,50768407237474;
5,32682917226994;
11,0951485426188;
14,7309234954518;
12,1658666826226;
4,74144595801482;
-0,674692990332051;
-0,756591347385125;
0,45046130657492;
0,0970792613015034;
-0,203442826779145;
1,25859384880792;
3,61132277924781;
3,46664025540322;
1,81884060353477;
2,26147243955992;
3,58728948014925;
3,8904253363269;
2,88040983105583;
1,90841558883523;
2,44131782591172;
2,69658906827898;
1,22464518191937;
-0,868363887152626;
-2,11354427421759;
-1,64049045004768;
0,248607283990572;
1,27115058135416;
-0,346389140684011;
-2,29665001654269;
-1,7575747085265;
0,0876549450141905;
0,753373521523769;
0,281794032655798;
0,620175190112784;
2,54448601039651;
3,49134852069333;
1,29669078636456;
-0,557078570010812;
0,683623723706629;
2,83109928432304;
3,64235387933018;
2,30624872852044;
0,889479279638675;
0,951065779524151;
0,569021030719501;
0,200400699390204;
1,30396136346816;
1,87889869167521;
0,996457080675809;
0,181921047325161;
-0,339016320906387;
-1,22692782182045;
-2,4599432889333;
-3,45938364464799;
-3,57083858499261;
-2,24322881610111;
-0,171865423001603;
0,505456518680199;
-0,0929917934047349;
-0,149840833263901;
-5,47354287042615;
-18,0084981977286;
-20,6909220615048;
-10,1646321532109;
-3,13667937428388;
-1,38746116868312;
-0,29898997338538;
-1,66283699002868;
-3,20906272077498;
-1,0184753596489;
4,05795522493447;
8,97427506927464;
12,0301081336256;
12,9267245466181;
12,0529002642181;
10,4036715965359;
9,76063774155564;
11,235351291521;
13,611966048636;
15,090452192903;
14,8118266997903;
12,5157898227743;
10,2412855535472;
9,33150743951326;
8,69304953159738;
12,5508729298222;
19,822009554902;
18,2087410488133;
9,17958890265215;
1,20808333136315;
-8,95794040830152;
-22,9665686259257;
-39,8146477109714;
-53,600842506455;
-51,3417246285392;
-33,7274242621425;
-21,9807349307329;
-35,145884063763;
-55,3172004788596;
-52,3756970042579;
-43,1093414655999;
-52,1289058792746;
-58,3294721579162;
-48,2333077801714;
-37,3129841275695;
-26,3130310966635;
-13,2447903758371;
-3,87516432123187;
2,70288028424287;
0,914015359082689;
-14,5669452277652;
-30,9129830345985;
-34,5388816259397;
-28,1826080077068;
-36,4038412267335;
-75,0673543316737;
-102,646364007712;
-90,5966334819588;
-75,7554142325645;
-64,0321761471445;
-23,0957974861487;
40,8057832837447;
88,1627377110454;
89,25085183481;
61,59101523488;
52,2177656803277;
73,814606198565;
106,097411393911;
131,597708528117;
125,99887316307;
69,1646537731083;
-12,8935917404137;
-70,5593859732791;
-84,3820959898688;
-62,9989999824074;
-19,3625696199371;
29,1232987892404;
63,5456062526466;
76,9566153781895;
71,6546840793658;
49,4027235748288;
16,3220213635716;
-12,1255558925676;
-22,1641057870613;
-13,1010365251063;
4,76430262182607;
17,5721740230744;
15,0508794830672;
-0,292553409943772;
-12,2141355495365;
-9,02940781983378;
0,252174288240435;
1,93953466237719;
-0,717611147768469;
-0,418033081072688;
1,69518378636247;
1,66488252040888;
-4,19877134217916;
-10,227108895196;
-9,04932405555303;
-4,60025096276537;
-0,143767906888007;
3,1678620533951;
1,74880554656664;
-3,39016233439546;
-9,71644094613813;
-18,7733169150697;
-28,5820323824839;
-31,4104398267429;
-25,256153091896;
-16,0296689592644;
-7,67561618830842;
0,205757085262533;
7,23188919134634;
10,8113027855545;
7,89787155961169;
0,81764429349947;
-1,85382158168095;
0,280600826300101;
0,573912651342326;
3,56526535166111;
13,1988663295669;
16,1253034216592;
7,7658604669897;
2,09575382157017;
2,12807002890864;
0,804284825340298;
-0,689894688061184;
-0,060806212677238;
0,280809441482242;
2,20951229442883;
7,99093646900621;
11,1911705814891;
9,55667506879806;
8,92092495573933;
9,13461282403242;
7,02902875925231;
3,71112826706954;
0,935549280451602;
-1,05445200760086;
-2,13536237602406;
-1,81735599196402;
-0,627346602208698;
0,190390139325584;
0,404030660688866;
0,721477768879461;
1,76832601089404;
3,0253347225224;
3,13795266924633;
2,25448044344168;
2,00325364730685;
2,93208527299267;
4,46279331688662;
6,09479219347647;
7,12848511656908;
6,88240280259786;
5,62234021761539;
4,5311777254822;
4,6733630186202;
5,71835592598206;
6,29662371171908;
6,37260959086051;
7,22563561188934;
8,74052969591108;
9,48177032278746;
8,60409108854501;
6,07636400616645;
2,45778475365939;
-1,7649364755272;
-6,27966573612349;
-9,19818834179644;
-8,76849208986736;
-6,48267725057483;
-3,75760489719529;
0,171178973572152;
2,85662181880535;
-0,204142758710481;
-6,05591438226501;
-8,18320413881698;
-7,32359362816976;
-7,37324159187134;
-8,22052982885286;
-7,60796043708485;
-6,21554966216424;
-6,44591131711937;
-5,80370576503084;
-0,220242474163485;
8,35781868855567;
14,7499405721803;
16,6090438815028;
15,2755523303647;
12,6274956464957;
8,74509847694068;
4,3766855540906;
2,32614117730035;
3,66366101066098;
7,94235530506255;
15,7498629006831;
26,8105324750018;
39,4220789747439;
50,5163148638453;
54,6258299006493;
46,327164392182;
24,7082857695612;
-3,61597518394812;
-26,9962336298349;
-36,9346511417561;
-33,5805283144102;
-23,0342382681742;
-11,8142663706675;
-3,78498205913125;
0,171232983122976;
0,610269463044865;
-0,211412089610734;
-0,145008073911838;
1,09116170090022;
2,92838448945426;
2,67368191483696;
0,0709113084229303;
-1,71575044807194;
-3,4828026486302;
-6,31020140077946;
-7,80547361305414;
-7,88881605155353;
-7,66241936348232;
-4,99029910745519;
-0,345128968419858;
1,14574087889641;
-0,234857088201679;
-0,328259827869367;
2,870272416982;
9,34438261876421;
14,036831818465;
15,477929049402;
15,5092191307417;
12,0023218032859;
9,28475372639079;
12,1034667228647;
16,1049872824034;
15,9660810068083;
-1,28555735319653;
-24,8618773184422;
-2,83731407560871;
49,4065167096169;
60,1127486137302;
29,8160713861486;
0,9323469728564;
-5,67826276277478;
1,20590907705278;
1,64642954586463;
8,28710680211378;
32,8517901746075;
45,4076360433934;
36,281025333157;
28,9213410582491;
16,1382030867828;
-9,38084174178678;
-33,549727084428;
-67,5691345346271;
-96,9251265291773;
-65,8048847306663;
17,4051344034958;
82,1350793624028;
77,8328739793827;
-4,69307199020156;
-110,569112678883;
-146,325975642222;
-92,2991227326622;
-12,0814106694804;
43,998321147894;
65,9709181655027;
56,40790319402;
26,6867898775778;
-2,53129174899938;
-17,2751212149212;
-18,808849157479;
-13,4960442078469;
-3,98934300434633;
7,05869996577206;
15,4978038080354;
19,707208948512;
19,9506062739474;
16,4990845445299;
11,4460604368547;
8,05250174396902;
6,98182733793067;
6,5498940955224;
6,31084977644381;
7,61845625565777;
10,59550860827;
13,2746682251915;
14,2897900161529;
14,1448569912537;
13,9180670312697;
13,6903302020683;
12,3025845148213;
9,22744543109438;
5,97500567246481;
4,84664516444132;
6,78419689536766;
10,7665406423359;
14,9176856627944;
17,0562061055849;
15,5245770675068;
11,2507277368376;
7,1260168984674;
4,73910957704715;
3,0733682435436;
0,824291473837704;
-1,00002987606336;
-0,786313066569995;
0,952776814271133;
3,28199341986708;
6,03745893859497;
8,11408569774492;
8,28197555138105;
6,69144316677118;
3,92097664073412;
0,481441177170874;
-2,34175717662862;
-2,49646617985881;
-0,348438446547319;
0,637159295810021;
-0,080283195358023;
-0,202786703475111;
0,115048807607949;
0,0236416931256924;
-0,0507567093604546;
0,0128501396491505;
0,0126599392984654;
0,629145128703356;
2,21623333934787;
3,05318184785975;
2,33638245936507;
1,12384253002601;
0,0580529434515128;
-0,243110210158997;
0,0525778569193294;
0,0689224480414208;
-0,0482750561798882;
0,0860035687004367;
-0,14293263197466;
-1,57407194239669;
-3,17385602536039;
-2,86681844076253;
-0,802906492597055;
0,177350939067733;
-1,47036693209357;
-3,31876704216569;
-2,84494243954513;
-1,16796634539407;
-0,932185257915174;
-1,94930224248581;
-2,02059999107652;
-1,11091175386185;
-0,727375970068607;
-1,2912059820227;
-1,96279193128136;
-1,88618692495273;
-1,1625987720566;
-2,33533182119175;
-5,60205128349219;
-4,43072232882346;
1,79805518499577;
6,53283897408283;
4,52314646495206;
-4,05435305929763;
-6,18427141658332;
1,77136234039357;
7,20074032722259;
9,22641797031918;
13,4735016918681;
19,1530565196494;
21,5393600578607;
15,3200754448013;
7,55365195132642;
10,9561476104249;
20,2156147050578;
22,0819678659637;
14,7004070258604;
-6,85711238758821;
-38,313697848157;
-43,8880059765446;
-22,4682770804915;
-18,259521061362;
-35,3804104287942;
-44,7264612283793;
-36,2988172261374;
-22,538460982189;
-21,0590087375128;
-22,8087739926595;
-5,45396082310778;
10,8689486129543;
3,967221729703;
-5,11685396473942;
-4,95920798674861;
-5,77954402062834;
-13,4662451213567;
-27,6468844903394;
-37,9327616872354;
-34,8647530324215;
-30,3444110558594;
-41,7916612203395;
-65,7464213080725;
-81,9086268716285;
-66,1217035337788;
-33,0698057654573;
-34,2970824269956;
-67,1633797784803;
-84,0983851004576;
-45,3527163319657;
23,5727112864472;
12,8028320355488;
-64,8287735510421;
-88,7698912489846;
-50,9596008559072;
-4,78056318009435;
10,8451348639889;
-1,37498700476318;
-3,51150671077684;
32,6612887822226;
100,203585004303;
113,637727644349;
56,8286120163726;
24,1443976736733;
20,150132541556;
3,49415575348322;
-5,60471130340653;
0,627080074208906;
1,80530729549577;
4,88944988165971;
17,5487323729403;
15,6621689269532;
-5,33718038502336;
-21,596092526845;
-20,1655575536824;
-4,11682885599506;
5,13720703813115;
-0,0937138310097525;
-1,88094588642451;
2,10234492689579;
4,99710596101488;
4,66926225344502;
-1,91641710425428;
-9,2635493807242;
-6,47004464057592;
4,21571904850398;
6,89941783769816;
-2,39157256161548;
-9,88593121334785;
-14,0294922980453;
-24,5189796506907;
-32,9872206826644;
-30,6430735266565;
-26,5774175544755;
-24,3123861125782;
-19,6769473077488;
-13,2029387225786;
-6,65204711847629;
-1,22304245996532;
1,16971790032902;
-0,0847592915963669;
-3,92153953018761;
-8,96096257669551;
-12,7506442858713;
-10,0366406292743;
-1,83340397121664;
-1,06870882634891;
-9,2392893743857;
-13,6948259590192;
-8,73312289714153;
3,87519078405142;
15,3762050691991;
19,8680933243813;
20,5841719214533;
17,81494290374;
12,3664564988473;
9,17492682591467;
9,49990299721898;
9,80869371209916;
7,51882359557916;
4,7776301440073;
4,57593418290093;
6,21269495698924;
7,52233974023964;
5,93445684353561;
1,0081392407744;
-1,46992568644064;
0,0891870792617326;
0,511757767383209;
-0,250272523166051;
-0,076406341824769;
0,120855997710848;
-0,0234461227010747;
-0,0331399765230641;
0,62398743261507;
2,0347538793397;
2,66088940718097;
2,11433996241851;
2,0569097875498;
1,96191048924983;
0,476161834880746;
-0,524266392071053;
-0,00866122652467958;
0,199321789756675;
0,57868871975491;
2,44618248578893;
4,23081210612977;
5,0456801637047;
5,55999698438095;
4,19168746713586;
0,578844497805608;
-1,0175430267082;
0,107237537733175;
0,334697272004898;
-0,181147373077339;
-0,0426425468835143;
0,0821780905350408;
-0,019252353607412;
-0,0211477580271038;
1,36233833498236;
4,7179641680711;
6,53930836180285;
5,41387202238707;
4,55361960697009;
5,07147950579122;
6,70416286175966;
9,70415239512447;
12,5666996077297;
13,2010056529783;
11,9545051243695;
11,0594371382875;
11,3016883359299;
12,1917243266742;
14,509581436105;
18,786578292605;
23,4619236988432;
26,5968089417228;
27,5630763155555;
27,0154232354763;
24,6148410576306;
19,1577793129481;
12,5898473628271;
9,31900267158918;
11,7951366219793;
18,9679234868803;
26,6083768014867;
28,126439453916;
18,0489754978952;
-0,404915196503731;
-14,9782941195245;
-19,5906609095217;
-19,4492136885779;
-18,2625553324322;
-16,7266041444079;
-12,3039121690153;
-2,32860854481439;
3,05331540566955;
-0,087644208343388;
-1,10616287891102;
-4,9260757255401;
-17,8018848323162;
-23,0023190032042;
-17,5182324623704;
-16,7677945200039;
-14,3503011136494;
-2,26173435850243;
3,67827463182189;
-0,361396623337782;
-1,21550643064478;
-1,05051219396667;
-4,37061000981683;
-2,41289796482464;
4,80084091051113;
7,9033200737958;
5,27844943337794;
0,656787842908251;
-1,20200065100542;
0,119656764667319;
0,400942232960146;
0,924618482248862;
4,3241414933589;
7,12547803461181;
7,83800629185403;
6,81038062055096;
-1,81467597737768;
-20,8271365199877;
-46,1715007273755;
-66,8251745542096;
-61,5801253360369;
-15,9580445665614;
47,701522571733;
66,9968025844792;
18,3911477458613;
-39,0979894072706;
-54,5433168360684;
-35,9122107561846;
-5,88426552144384;
19,9582360055632;
31,9648693957684;
30,8868736314956;
18,2235247045506;
-8,75961294599298;
-44,3857654889638;
-76,4105167772713;
-98,3080328224072;
-108,517112898899;
-108,222950024811;
-93,7273724320772;
-51,1579920250148;
27,5200522766565;
119,811057509839;
175,729288860186;
173,173581693903;
111,666473679537;
-14,8902690079943;
-138,295782786739;
-154,165510410375;
-71,0495341037274;
25,4118350504999;
86,7741403187594;
104,837403240197;
85,5500123685876;
49,0450806001672;
17,4620332465113;
0,249310822651733;
-3,15485607938776;
2,48920307887037;
10,2471137643784;
14,6392683114699;
15,1256619618044;
14,1354902635355;
12,6904208871294;
10,7021133459927;
8,81233881020106;
6,92833064542104;
4,36943936747392;
2,44696079480455;
3,05043801694558;
5,16635271245718;
6,00384394821173;
4,73510281497526;
2,99181445645599;
2,55337336082724;
3,66806716882272;
4,80722210448784;
3,72769736580393;
-0,0166844475146091;
-3,90715703114708;
-5,18244098880152;
-3,67656011743999;
-0,844718675256599;
2,33008839863514;
5,17716784188109;
6,82977741733185;
7,30711431251938;
7,65417267105914;
8,19443456957033;
8,27972559701188;
7,46755347175206;
5,65891013139017;
3,23208349861055;
1,20168319562717;
0,413830140451176;
1,00699678379089;
2,50685035586521;
3,8207652931987;
3,73510420760857;
2,03842512162625;
-0,362112362120021;
-2,18414638536933;
-2,32364031047565;
-0,941550212761632;
0,482202573439508;
1,11795679110344;
1,28207043084458;
1,32123303933225;
1,29750360740625;
1,02670129173285;
0,304826406109103;
-0,70753554373467;
-1,75576592257151;
-2,60597121544496;
-2,50599240552648;
-1,07583318610342;
0,764266497703453;
2,19618481284945;
2,75541413282304;
1,86029893039038;
0,292433358034616;
-0,353911015079829;
-0,286445332350393;
-0,534912632085353;
-0,344352580710856;
1,16382240715552;
2,74371361513179;
2,94119229510114;
1,94066411351792;
1,02285711317278;
1,38529459328688;
2,62313426469168;
3,24812677838842;
3,1759590098886;
3,23910729473454;
3,2978783098295;
3,09436824275742;
2,99336205437366;
3,15967839833477;
3,32943241383827;
3,26694849169066;
2,30469384623801;
0,342444248402363;
-0,553933401500042;
0,0455663640123208;
0,188060517875706;
3,78846700564062;
10,770309420552;
9,83948210184511;
5,71207789531644;
9,44665284853439;
9,8486599054205;
1,34260905328259;
-2,5284512260503;
0,338777066721277;
0,795326949215993;
3,36661052301851;
11,5605291964319;
10,4326800824783;
-0,348004996702791;
-4,57588875872818;
-3,2327507081993;
-1,40225629643106;
0,71935275808422;
0,358208912319284;
-0,431243222994163;
5,35960628117208;
15,9914287952551;
11,1198069353199;
-12,4677850851537;
-27,6373337398443;
-19,7659409473933;
-1,72334138501103;
4,47206849474218;
-0,741808236207123;
-1,36103943885289;
-3,23430744149393;
-11,0247296699691;
-6,33789624475424;
11,540686306677;
24,819401499555;
22,9080766185308;
5,02363028176196;
-5,91881814204885;
0,00801809333076958;
2,20903596544288;
-8,20382453453393;
-29,546951709055;
-49,4806283847167;
-62,6160865062069;
-89,9771528465352;
-91,1113091230702;
-20,798489642009;
24,545756884111;
-0,266957105465902;
-9,02808640429145;
10,9360057438945;
42,4079539580111;
85,123520225118;
86,2397111506915;
40,0501063957543;
14,2231843384179;
17,2469492502948;
3,25436152284769;
-20,903326460392;
-19,2761154463476;
-0,572350739311293;
14,4988217496187;
26,1174956958596;
34,9466841848539;
39,6197155198956;
39,585047597337;
32,1071793225058;
17,6438016176907;
1,23192360026108;
-10,9171518127014;
-14,3109836806606;
-10,8649766459672;
-5,53838604279384;
0,846603776720084;
7,4535075863882;
10,0869367995071;
9,53896880396317;
13,1593172547596;
22,623293043495;
30,1948781427142;
23,4163296728688;
3,28954548499305;
-5,69357563948699;
0,580800259152111;
1,88102269895007;
-5,77737815926952;
-17,1065758817925;
-22,8991542101145;
-17,6153516453084;
-8,98115211091107;
-2,08965826061102;
1,01703297355828;
0,170717520266533;
-0,409874422044651;
0,1073335416205;
4,95273302775173;
13,5078685891386;
9,58588191709716;
-4,86661156118298;
-10,0625120701153;
-5,91356507009757;
-0,779233370709346;
1,26420669270011;
-0,0681634198247518;
-0,450010636262178;
3,36929732728292;
10,6762308326885;
13,4211580415229;
9,77459570783461;
7,65045325229511;
5,65765543546071;
0,658536302395668;
-1,40360317836906;
0,213944185819654;
0,431450614079348;
0,615925439808277;
2,97482433273967;
4,50061688465262;
4,96085301860478;
7,02765714514161;
6,9325942245693;
1,45008405275653;
-1,83396160482574;
0,0567243897176827;
0,659161911368386;
2,2411672723477;
8,1298912131472;
8,62021502445097;
0,164123673690167;
-6,35431248264919;
-4,78407900153444;
-0,128511876270073;
1,05805414324185;
-0,287216656959855;
-0,273245577144739;
3,30853555932805;
10,1649178020161;
12,9361566431906;
11,2360877220026;
12,4090801134502;
10,6406117689696;
1,58699893276428;
-2,70185377352194;
0,291206856877995;
0,882166876002994;
0,523664344700696;
3,00808037587097;
3,54427800702662;
1,03094901961683;
-2,75334564206578;
-5,67236711188327;
-2,48298993965035;
1,7344639827945;
0,365428691651313;
-0,802729222269956;
-2,36015421812794;
-7,55397747295007;
-7,5124661150582;
-0,918244997279036;
4,38271967140025;
3,30034767118644;
-5,66018429392863;
-9,01913624222379;
-1,16598199169713;
5,05460212789198;
10,6425986644872;
17,5783371154613;
16,6657853052525;
13,0057915205786;
14,6699293921812;
11,7349635741437;
1,21538244722756;
-2,86058592972473;
0,477967528325894;
0,862233196870666;
-4,40372921075586;
-17,2738637864754;
-33,7507669952535;
-43,1520960658824;
-44,4680231305648;
-41,0657292497068;
-32,6345523777697;
-21,5912692396337;
-13,9485772925448;
-12,496259165203;
-14,5767846839663;
-17,2197358170248;
-21,1630443845095;
-26,7520668574736;
-31,0265983729415;
-28,2045841824239;
-18,9873382240058;
-17,9284740812724;
-27,1064326631119;
-32,0868328005733;
-22,3190233572923;
0,747869733601435;
12,5292055173366;
5,87938981037505;
4,8241951158828;
11,1541167225942;
11,3069626972978;
6,57948313556855;
4,81823682392023;
7,35180371289539;
10,4188070148175;
9,31959856205261;
1,42399481497991;
-1,91108566964465;
11,6212774789596;
2,24446666154192;
-39,1499449287342;
-28,5433422519979;
14,5059614328773;
17,5132286048484;
-6,45283099126331;
-60,353317481257;
-102,829236771436;
-91,3777725334605;
-77,6650351841555;
-74,6373026615498;
-60,5421183977669;
-49,0852372285649;
-48,3713845358757;
-51,9022754389853;
-62,3085456864033;
-78,7391639781213;
-77,331396163238;
-44,2440582651831;
-11,6380869198038;
-4,3542715087387;
-3,07501390974309;
1,43042367538409;
0,716435981472972;
-0,843775277058994;
-9,77686953084507;
-43,5566966023022;
-73,3323285101551;
-44,171386354783;
30,5773633038645;
51,6315148538778;
-28,4041854972352;
-90,7178629865722;
-43,9840065871087;
36,9491488840054;
52,6363138728282;
-2,51298753199532;
-26,2533095621152;
11,608518060141;
27,645842898108;
17,0844931441842;
16,0374722935672;
15,6362426786177;
11,2763943720246;
8,99145633516791;
7,83799429569646;
6,78060923789319;
6,55363959563526;
5,78034076049959;
3,64558315541736;
1,414066565315;
0,182515145153321;
-0,407182931243324;
-0,991801060668318;
-1,22815331979152;
-1,00207500958222;
-0,8294390487541;
-0,950377166204574;
-1,51103732450996;
-1,79296655629871;
-0,777324939120947;
0,819579880915494;
2,21774646304683;
3,80640809699524;
4,96965812346705;
4,53143857273374;
3,20854908708735;
2,54886804887501;
2,5087036841159;
2,26715447813344;
1,93926019630598;
1,88572738947804;
1,36286750016261;
-0,374018287679884;
-1,70589039046319;
-0,302459411354394;
2,83025688436155;
4,3586526091036;
3,25411456434692;
1,17323303972201;
-0,870117320341772;
-2,66716163468208;
-3,15396571114478;
-1,99015682288941;
-0,544260833073428;
0,137407620788034;
0,111352139361122;
-0,060230616525045;
-0,0199350068573578;
0,0306429700817242;
0,317538880802283;
1,23190514812531;
1,80338577326995;
1,15205168346011;
0,23386167029652;
-0,167712352467609;
-0,397955564610242;
-0,385049202480968;
0,0859330003430666;
0,733060497389109;
1,2225437996642;
1,30894728107185;
1,26708428168745;
1,54871680443618;
1,88506232803173;
2,18213067593714;
3,06823505615566;
4,3001487950825;
4,43739441488352;
3,25159353028108;
2,81307757737885;
4,72885733327908;
8,23608820772878;
11,939894310199;
14,5264980412794;
14,3825707954887;
11,5490009326336;
8,5599858723084;
7,37815514529893;
7,47927184869146;
7,68386228950475;
7,53672388593814;
6,7887275715857;
5,32459544250597;
3,63560218295139;
2,59262699987523;
3,60530323749385;
8,01121165020744;
14,1065082062013;
18,620554330287;
21,1836003474511;
21,4812214070384;
20,5799271565587;
23,0629995814901;
21,7519676032794;
2,80233543588917;
-27,19969563197;
-47,055521158955;
-49,5796611791236;
-49,9745390533831;
-53,4230709020853;
-43,3497466661613;
-20,6922356205271;
1,43844726130983;
21,3363734501296;
28,1863282800395;
8,48970258602835;
-26,2819278377203;
-51,8223966899371;
-56,4521277761939;
-32,955930513459;
0,291463051335986;
-11,3240538703897;
-53,5566362480945;
-61,2985537089527;
-35,4791169126607;
-10,4391038355226;
-10,9709917265443;
-34,2558464439391;
-51,1459970334612;
-52,5718705125282;
-49,5354593564972;
-62,2653237326206;
-98,5337014855524;
-123,399484647554;
-99,874713254045;
-47,5292508578999;
-17,7382281081411;
-10,6919718792872;
16,4881336118838;
27,4769451611943;
-24,8693897503301;
-50,3633317067942;
-8,58662232784904;
27,7579991323328;
49,6409444950904;
65,6719241896917;
75,1033514453012;
89,4627155275102;
78,1143531579832;
43,7686699098509;
46,8888728532957;
80,8479238589499;
94,3997561523011;
73,898940875526;
26,9602906311251;
-10,6968413451533;
-7,03043510680192;
10,5237129406637;
12,031418636774;
4,06023325195218;
-4,7609213256832;
-3,72472743680952;
7,40104027006358;
12,1054712728602;
2,04553816337465;
-15,482959424761;
-18,1988779335651;
-9,79075725209666;
-14,8072794451148;
-18,2374920153951;
-3,65949235671214;
5,04010774908836;
-0,339107560315664;
-1,72408623983706;
15,2891935949334;
46,9427263305277;
53,5473118438866;
29,2358088282542;
14,4817942766144;
23,4132440104341;
46,6938229676674;
51,7983159534423;
29,893022761255;
14,8541401473022;
17,2233466093345;
28,0150361803737;
30,8183405975334;
20,5044765740012;
15,084844448677;
12,3069143162281;
2,09926561753156;
-3,19436078324579;
0,265626179961824;
1,07582695876209;
-0,947209147187168;
-1,69199017592081;
-1,58933262568399;
0,843498939116697;
5,57901301715303;
9,47979225774307;
11,574087221884;
12,8244605535067;
12,2405326136142;
8,18249939862956;
2,43482313364775;
-0,66307479076899;
-0,289444481183839;
0,309681629508971;
-0,0193475745549157;
-1,04795865799924;
-4,19108533730163;
-7,89896605831852;
-8,14439645015653;
-5,13278057535188;
-1,83101373459905;
0,114832931765978;
0,312833753963019;
-0,125934350460146;
-0,0657195919804638;
-2,15919216095393;
-8,09627208383484;
-11,8615205684168;
-11,1235789451528;
-12,8947784114393;
-18,35984645383;
-20,4330982940952;
-16,9099315701618;
-12,1711014723341;
-8,18035063974484;
-8,78231672389586;
-16,8553897295801;
-19,8185564384995;
-12,5403449195822;
-6,94180316466827;
-3,82454177549585;
-0,0722038689051596;
-1,17885462642212;
-6,15388668093943;
-8,3484342365674;
-6,68117991894544;
-3,26435866316379;
0,846253185911592;
5,06135441572632;
8,11543082051999;
8,64773694374026;
7,36776787918461;
6,93981507440365;
7,89669115736206;
8,50446602689725;
10,8809982934591;
16,2026350049988;
16,0145046660249;
5,25521389836444;
-7,27205880302501;
-9,87581829942092;
-2,13827311027787;
2,62587038871911;
-0,0578816184282295;
-0,953767638727535;
2,43043185253189;
6,00629014650787;
4,87230466622494;
1,33673878967375;
3,31353050800086;
7,67140501361089;
6,52833508056567;
0,424600167767578;
-6,45704545997513;
-12,6967292182965;
-18,6094271549767;
-24,0087308141998;
-27,6556123960453;
-28,0210210732646;
-24,8251397957991;
-15,4648756937834;
-1,60382025862335;
3,54596059224839;
-0,499771775448782;
-1,11686108264038;
-3,18214649528704;
-11,9692456472666;
-13,6338288703366;
-7,2469901902159;
-7,19068203444102;
-8,85111531561346;
-2,31115912398976;
2,50253803050248;
0,0285439520242784;
-0,941902984192036;
1,82366361964913;
8,13630696775783;
17,4565296579285;
20,4919704619775;
15,2804492899412;
8,60973400078922;
1,54852223182973;
-1,98861601258152;
0,0100588975728475;
0,745788553311445;
1,83339883041242;
15,3605315310438;
49,5484550413623;
87,385984294857;
90,4269863233467;
51,8483658421896;
7,75579626734714;
-14,1931003960945;
-14,2589542422018;
-8,44764897270927;
-7,13587570501452;
-3,08592001289756;
2,03047616326924;
0,531258050781486;
-0,989363455619514;
-17,173599570677;
-59,6832703602658;
-84,2684461558925;
-77,8136791618312;
-74,941482121334;
-73,2511231187673;
-67,1142331114047;
-70,5042337722202;
-79,4676468889389;
-79,3739687740081;
-35,5357159576466;
13,5951178695006;
-60,2739784701631;
-165,795122073426;
-122,360928883965;
-22,128089135153;
8,41813875333;
0,0308882077992988;
-2,3227415583524;
0,853834361908405;
-3,21570594084075;
-21,0993510506035;
-43,00051270956;
-39,6180006572813;
-7,2414850418134;
22,1057434951827;
30,7849817203732;
23,3193248785485;
7,01867736762792;
-7,86985024409703;
-12,4675909027118;
-7,31268718896316;
2,39388444908612;
13,003081372524;
21,2692210953899;
24,7859516013726;
24,7525813718574;
23,568036531715;
21,0080708958597;
16,4089595906296;
12,0500109948075;
10,6461357072026;
11,0371160666007;
10,1572699325576;
8,10358153145995;
6,96251782898726;
6,7061390521288;
6,48467018557723;
6,9887446825739;
8,14245471813295;
8,10353439026554;
6,62111682572231;
5,45832256784944;
5,01635894298861;
4,00674608418661;
2,28535010207581;
1,07566199092933;
0,622155846985556;
0,309095893861531;
0,214065408523258;
0,489222081769564;
0,392017878070041;
-0,683828211564907;
-1,88377776152595;
-1,9667752692995;
-1,19536177913859;
-0,618771917579863;
-0,309859022196121;
0,318972381220337;
0,920327461771218;
0,380744889311126;
-0,912105711441632;
-1,30304127619681;
-0,585980101676138;
0,153178135141822;
0,306582284950066;
0,57351673857791;
2,40265644760303;
4,97538294620355;
5,3833186443328;
3,54808763656198;
2,27550288905199;
2,51257291163652;
2,75902237663734;
1,88667072904449;
0,261797141615042;
-0,982648144823854;
-1,22930992517776;
-0,850832991137842;
-0,207187863932655;
0,806416799119907;
1,67308629690297;
1,35590497978575;
-0,110684830904963;
-1,74890115191843;
-2,96201413532488;
-3,78161203385526;
-4,43543489351018;
-4,75348754701059;
-4,12644899655247;
-2,49252359637669;
-0,520508107600243;
1,24693092764935;
2,41372768429048;
2,64393632731254;
2,28008021135967;
2,09994649449089;
2,56789607714839;
3,98001655206047;
6,23349221805099;
8,47609823961539;
10,1385762279227;
11,4521706406608;
12,5989239088303;
13,4337477347668;
14,3798686962425;
16,3004629336875;
18,8660362422257;
20,4675604080687;
20,4169053449492;
21,0767346856426;
25,4098742544526;
31,9870874505125;
37,2261517886467;
39,0656692025742;
28,0006118566016;
3,69292811458906;
-6,736395304371;
0,754534042715209;
2,19787502002132;
-0,439328018774902;
-5,85548199737052;
-29,432426068576;
-54,9082948383325;
-62,4234478874775;
-48,8941390451877;
-10,6715897977112;
12,2891717378939;
0,159935331077565;
-4,67495361802604;
-6,59531387740584;
-34,4567015382228;
-66,2176562883493;
-80,073209695219;
-83,3864271865491;
-77,8052211751157;
-61,1843630990936;
-39,8408351165328;
-17,3363115384286;
6,59486466557269;
29,1645318923094;
45,243318570351;
50,1598365563225;
41,3079663759552;
22,8000765788726;
5,18759968619561;
-10,6420609940547;
-46,3446333834089;
-98,5343332241078;
-107,744878099651;
-54,7695492017065;
-2,39105671092152;
6,66040491963976;
-3,84560020618979;
3,88107034201579;
19,5963797501782;
9,19023159425582;
-6,46577057198179;
-1,24723788784655;
2,92974989852224;
0,721955759029225;
3,89837952866017;
10,0017542084228;
25,552880111171;
50,5781451083151;
59,9867136032452;
46,7786459535091;
34,7202893857404;
36,5743752688482;
41,8139998216781;
40,1662275123804;
31,9757296124628;
20,7323071862541;
12,1266974620546;
13,6160422239705;
24,7930758319722;
37,7855066364638;
46,3379065584377;
46,178625452284;
36,3335931048651;
22,7669745308367;
11,190563059563;
1,87207352456863;
-4,74194567767881;
-7,79128232746212;
-9,35194526604544;
-9,90529610402773;
-6,51742844872154;
1,55693778514409;
10,5661089238222;
15,8217204580791;
15,8115646210815;
9,93173196704752;
-3,13914831937417;
-19,1465193072646;
-21,6842007504501;
-4,71077509840094;
5,78275933704817;
-0,130338530966732;
-2,09865269226327;
-3,81844437941629;
-14,5252479603317;
-16,0706744170384;
-5,70651885483648;
-1,30797220345357;
-1,92947609082442;
0,675364835668575;
4,01024047678371;
6,05327306348792;
7,99766550336767;
8,3740358168314;
4,77143010365045;
-1,35590165492704;
-6,4782161412863;
-8,49055660255532;
-5,95253247828308;
-0,609658875583548;
1,38632599664012;
-0,207986199358105;
-0,430354177876433;
2,32999744426601;
7,78075398920148;
11,7329513637572;
11,1762072784316;
9,3688808757837;
6,01800973059868;
0,550446335791123;
-1,41156927270692;
0,243846535328747;
0,423634927988457;
-1,10295565845391;
-3,10560932732679;
-4,31880282805074;
-3,49741249824865;
-2,65319882273283;
-2,39741680168192;
-0,728472167278666;
0,655870392064713;
0,0636330968224112;
-0,272358269317648;
-2,50573289788517;
-8,62733949729052;
-11,4834148481223;
-9,54391519664324;
-8,28699599804051;
-5,36919373598739;
-0,189276235641271;
1,22134859672861;
-0,32290687060346;
-0,318098359584414;
-1,49545309061116;
-4,88256778156094;
-3,85414928823824;
0,101074139526979;
0,436719130122602;
0,59263245464037;
2,85911048698746;
3,30674932605777;
2,16005211999265;
2,73686759814607;
6,27306385640733;
10,7529527530945;
12,5666190896384;
11,2265761858568;
10,1772869243721;
11,7400504634905;
15,3625654500483;
19,4771329541767;
21,180423404844;
19,0575557476552;
15,7693067455903;
13,5468974037561;
11,8062609932562;
9,58587194570721;
8,63763548628812;
13,5204471506492;
24,5952074731269;
33,0929513936707;
30,1100666999705;
17,5489165398338;
3,33349131626686;
-7,2263558314318;
-12,3044969915403;
-13,5237893174285;
-14,4508394250543;
-17,5670882666283;
-23,106160097156;
-28,7331250100436;
-31,5333315851457;
-31,4696117063639;
-30,9670432392402;
-31,6458235830277;
-32,6103873009835;
-32,0739386751527;
-30,3606075262885;
-28,7067719539148;
-26,6056834331603;
-23,2495131590277;
-19,7995158044274;
-18,5283319891748;
-19,392966641862;
-19,6948247988257;
-18,482587760336;
-17,110859019138;
-15,0764600473691;
-9,63714978848945;
-0,0204582072996113;
10,4393563719304;
18,5117583523189;
23,9235386863079;
26,6950056816754;
27,2781573002581;
24,4623340267441;
15,6535979881288;
7,26641456596949;
9,2427050703301;
21,0914410543646;
31,533964881656;
27,2872124863505;
13,260806677892;
10,2018826945616;
22,5920426040371;
42,0140907033725;
63,9351751205959;
69,1384605191715;
45,8358508809927;
22,2158837254458;
17,6242023209832;
16,595036426875;
8,62397536494894;
-0,132718075920792;
-7,81369387832629;
-22,0227343825657;
-45,0123409137582;
-69,1299280127411;
-84,6128580597107;
-82,1168620805799;
-65,6411679662188;
-46,0830776279746;
-12,957117153972;
35,4497350770965;
75,0612295248493;
110,402099285658;
149,009264740114;
129,545759489839;
15,3879010891598;
-96,5396331668728;
-98,8226070861491;
-14,077757468051;
70,089592328329;
108,799550938175;
103,563060482049;
70,6815373955078;
30,2375797444709;
-2,00538862054443;
-20,7796553204896;
-29,1078027448445;
-29,8950577649808;
-22,4344865220724;
-8,96701027307041;
4,10592538481314;
12,4543515087185;
15,0921577883317;
12,4995178531371;
7,20925669048186;
2,72639366276172;
-0,231602388269804;
-3,49010815072803;
-7,66168552661016;
-11,508356775242;
-13,3430611922449;
-11,6988215869187;
-6,8335526821376;
-1,68979106043153;
0,717521175112324;
0,369632567576403;
-1,18534388726047;
-3,41281106409091;
-5,70318203186078;
-6,10414834347869;
-3,44048879487817;
0,610502569889489;
3,36728071123431;
4,33164780852035;
4,71282542389469;
3,70541812953222;
0,623927898227978;
-0,927983387158706;
0,063900109886925;
0,319400224695906;
0,930774596481866;
3,3701944107231;
3,86167739013194;
2,19121102564413;
2,16594212737722;
3,15342601948713;
3,19971548239765;
3,01077195025654;
2,84674370317235;
2,05999214247931;
1,51194500806773;
1,9949208224582;
2,12683048282335;
1,55439937707825;
1,6667500680986;
2,34359868200417;
2,60811069941101;
2,05776343462263;
0,553748460628234;
-0,762043714436154;
-0,530901795991713;
0,598663862881148;
1,66776715429408;
2,53311991710886;
2,44623844032736;
1,04603873247809;
-0,476662209011044;
-1,07216006879339;
-0,881567616507932;
-0,529237264521675;
-0,434491192622608;
-0,511308751380301;
-0,191575312858732;
0,774105882179614;
1,4680608187106;
1,08124812455153;
0,396856993310756;
0,553368622549892;
1,77119425279545;
3,64187668988241;
5,61883970047537;
7,54824797985958;
9,48821059375423;
10,9696349531354;
11,1948397088644;
9,97991177081589;
8,46621191998448;
8,17163835255547;
9,33471909555513;
11,2936165151498;
12,9564767192148;
12,5201335880241;
9,53562445234444;
6,38960265336843;
5,39029003706309;
6,18211343473754;
6,62943690072322;
5,17026114053779;
2,86649073855256;
2,1638908717254;
3,81932509942841;
6,65539721835064;
9,24435956829282;
11,353075797393;
12,9574194123377;
12,2722175087264;
8,88699818931309;
6,13738721528834;
5,92142667137799;
6,59862732621942;
7,23767264565743;
6,96382532325518;
3,8504580328268;
0,54053794866817;
1,88230795038484;
7,43843282397362;
12,3744310073666;
7,25314614256651;
-13,1493966650243;
-34,3222398567202;
-37,7929903474753;
-32,198658395349;
-38,1095870752807;
-45,0200114045668;
-30,9298183401446;
-2,94761670896347;
21,8901432210142;
27,7192989121413;
-0,412716812217414;
-49,6996548082958;
-87,9656011524778;
-99,0323036819649;
-85,6569918204067;
-56,841483408991;
-23,9438917960097;
4,544290160396;
25,6459140542913;
38,7045696298684;
45,1507944435546;
45,0306119439417;
36,0103961719593;
19,5430810770411;
1,00337105495413;
-23,7611324981784;
-67,2395229606386;
-104,661142679639;
-91,5496041857064;
-44,5311691721686;
-10,4100386321911;
0,774501854310325;
7,51902019174495;
25,1040740324306;
38,9584865945538;
30,5600350644301;
13,0419704330905;
1,69271559635991;
3,34495913475581;
35,8302481912193;
87,4572193066645;
103,761992747164;
66,6294393535426;
22,8682016005261;
13,6982854805792;
28,645289589873;
38,0547987498333;
34,4424578757719;
31,0430647101459;
39,0800028636542;
56,0481563302381;
69,6819039282449;
71,4442055129153;
65,0050468591727;
56,828109788701;
46,9036505635631;
34,7251966517985;
19,1942773026233;
1,88832980136595;
-4,23713086239201;
0,568785820213661;
1,35253294659517;
9,15987921369529;
34,1720052146844;
45,2289771219364;
30,1230788988907;
15,2568927403963;
7,03549377354272;
-1,3406751795434;
-9,19960307892519;
-16,1781373960143;
-16,764785333283;
-7,72231502227121;
1,50379681142899;
1,41392435985712;
-5,7965668319176;
-11,7481535439608;
-11,2467847306976;
-5,13477940705578;
2,35925732849816;
7,86056549537795;
11,2494056809278;
14,0290054049295;
14,6645761689669;
10,282407046399;
3,49412068684784;
-0,930486367822462;
-1,80759688929868;
0,815779151901635;
5,99899530609134;
10,99021119005;
13,6766233385977;
13,9961771666493;
13,3914385780639;
12,8899679050281;
11,4622282146849;
7,7746030444314;
3,62800327956465;
2,40606279900551;
4,02519094541459;
5,46634669235262;
5,52572857510809;
5,38832944862404;
5,18896721087649;
3,36516411181993;
-0,422027711005565;
-4,02983824168634;
-5,22603283053431;
-4,3805019127041;
-3,70812813555157;
-4,77169461794305;
-7,23711931314174;
-8,37092832451665;
-6,1442867130455;
-3,26858402412558;
-2,89304153353628;
-3,79145074590211;
-3,02665639627522;
-0,440579369804134;
0,736845399072693;
-0,0691139618379837;
-0,246093065637263;
-3,52011319917183;
-13,6808927305847;
-21,747427554548;
-22,8708237761025;
-25,0262391339452;
-21,6093803038725;
-4,25236441709052;
5,58433953100234;
-0,213366450725975;
-1,99284196243037;
-5,14272579493133;
-19,5656352746292;
-23,8187646620625;
-12,7350741186005;
-6,81450077638529;
-5,71943589924094;
-0,871526739189104;
1,53690899997966;
-0,197579031131676;
-0,485133140639583;
-1,51278443077448;
-4,00157576860048;
1,18366057546094;
14,3679151958572;
25,8587530768022;
31,5750548975818;
30,7270687196158;
23,0974364920843;
12,5264428161492;
4,28605826148419;
-0,109722278442468;
-2,09684117814868;
-1,86412227228007;
0,863068551433027;
4,75572875367191;
5,56165865695233;
1,2801007094158;
-1,50601555713398;
0,0162972976192228;
0,553744264122107;
-2,31167294447983;
-8,29518460941865;
-13,8362039786338;
-14,999432492387;
-13,204479186434;
-10,0802484464526;
-5,92050436710232;
-3,06218797485791;
-4,06883215694923;
-6,65640947954893;
-6,16927117935218;
-3,34417912716792;
-3,27253881724463;
-7,92203873995494;
-10,7002789092996;
-2,97413850362951;
11,562725785332;
21,0585835009799;
21,8126404181246;
18,8647939071644;
17,1635868211089;
11,2784436851642;
-14,84903238174;
-62,6392303837104;
-108,63150197365;
-127,359240488874;
-112,318541933438;
-73,7257712407678;
-24,5736288973021;
6,17774665514514;
-9,69516376324162;
-35,9818109071696;
-12,1670428487828;
49,1198743799036;
89,1729446169558;
86,6685492778545;
62,5265818383866;
38,2635735086661;
17,6619012218515;
-1,82388330754012;
-16,7012633988982;
-28,2608132135085;
-46,5745819099088;
-65,9571675004485;
-68,4826316059174;
-53,79622377937;
-25,2067863912407;
19,328620758121;
77,4836460042039;
149,792455186106;
179,820967695615;
75,2684034705466;
-109,603294632047;
-210,628556733472;
-178,503934707589;
-83,5456406679845;
7,56539868061175;
63,6253453478473;
79,2239363878668;
62,262146941817;
26,3801130978928;
-4,31510898373861;
-10,0849024365149;
3,78061758534201;
18,1171772481502;
17,3590737070118;
2,7775644492301;
-4,38801943086452;
0,384134049783706;
1,47270282217404;
3,36694584883493;
12,8500108834318;
13,7134962086675;
3,10850152835129;
-1,34726401391991;
1,32312613783393;
1,08198263475276;
-0,632433238548799;
-0,165788512811039;
0,301539365053837;
4,51434911775319;
15,2628054809408;
19,4219200981861;
13,5872175059727;
10,3991506047082;
10,3146466417113;
8,17897355873597;
5,58306130872139;
3,74723527952003;
2,18408966638312;
0,349193204034322;
-1,59249067350507;
-1,9031349655529;
-0,182127963421401;
1,43069978254372;
1,63190011334868;
0,548464816212847;
-1,26579056277904;
-2,92483072877321;
-4,24389126700475;
-5,37973135723174;
-5,6561738337813;
-4,69235613227162;
-3,62156057014353;
-3,53685500973546;
-2,95475968922748;
0,839347936001993;
6,73359043052381;
9,95631646980578;
8,6247159680308;
5,5656504419487;
3,5384857326579;
2,74551782750467;
2,26836931942417;
1,60458556371789;
1,40645354213138;
2,06484151458126;
2,24677032568029;
1,2714759555027;
0,450464393671485;
0,621808844484467;
1,20048431788233;
1,2892781951099;
0,576583308692865;
-0,18954647952705;
-0,237726987078653;
0,0612231250074668;
0,0442379136033744;
-0,257514739175656;
-0,379181666703664;
-0,0180248691595536;
0,582750540690922;
0,97451368642658;
1,11169605430695;
1,21371925467028;
1,48850633429789;
1,97891384155999;
2,23672306147557;
1,94007431522832;
1,25165997405214;
-0,0574285885126035;
-1,90359759114439;
-2,96575781093203;
-2,07261737325574;
0,282646877281108;
2,34813962911735;
3,12493396892171;
3,02134100447856;
2,6822996526574;
2,3585257263535;
1,87490521970446;
1,3551183772844;
1,54610406930006;
2,2840975274197;
2,13219333803311;
0,83935857919603;
0,106668969407662;
0,693385957470368;
1,2285338936544;
0,740845975788209;
0,0148251361201344;
-0,111855787166102;
0,0401291054065698;
0,0231805622885632;
-0,0240095251736735;
0,162556817049935;
0,579485255433497;
1,03508976880335;
1,60894709343736;
1,98333343056176;
1,27802835826024;
0,0287337521207001;
-0,279184566752451;
0,0770876565969796;
0,0716406842616249;
0,237834553956274;
1,03169988836658;
1,49158270640229;
1,41508765749022;
1,6243737410115;
1,49621862935986;
0,306204731334552;
-0,391603063907309;
0,0126629941806572;
0,140625027001929;
0,584346989198703;
2,06071809031831;
2,59011369885952;
2,1092316131776;
2,35875259934008;
2,43870972812614;
1,51463336176067;
0,645797785862088;
0,32316189077611;
0,531932542098197;
1,33148220919647;
1,95851714112387;
1,70233377310157;
1,17613386852456;
0,968501520228896;
0,64062261067289;
0,0532501822874539;
-0,149650560781337;
0,0278588483986968;
0,0440415739910646;
0,120224773294992;
0,502428278526526;
0,776046608515381;
0,997532972238334;
1,46389992135751;
1,74056686452201;
1,3442444995403;
0,495066891201455;
0,131267310478626;
0,766835059486856;
1,66754454733485;
1,99576039507637;
1,61995252782627;
0,895034013265849;
0,222532652890034;
-0,10320455452989;
0,287756876340173;
1,29778193211714;
2,31862225578282;
3,01607703408029;
3,07868179226197;
2,22633554537392;
0,996329781587792;
0,341293561384552;
0,511924982505067;
0,900093592705693;
1,00356505193104;
0,990045636461633;
0,995079299174694;
0,866599922829469;
0,772786921709149;
0,912209868220378;
1,05494676336461;
1,00331518570459;
0,839614424975786;
0,885125526338571;
1,34048384346433;
1,75959259371725;
1,87776784455191;
2,17951197144408;
1,97697749553773;
0,425150550817493;
-0,519838865760057;
0,00945069400265848;
0,189871176313176;
0,676224051260864;
2,50849768298835;
3,19179053411732;
1,99519642949497;
1,22823037666816;
0,90620770998178;
0,126515682715657;
-0,230377085140479;
0,0286033233446787;
0,0735365901386495;
0,40145527045874;
1,58603744546101;
2,36286627535136;
2,20197685333441;
2,20433010232398;
1,87034847465903;
0,36389293083626;
-0,482064513575027;
0,0194863970700855;
0,171594064002461;
0,360907060588689;
1,41178377643328;
1,72232950340683;
0,946073505834803;
0,674768322840108;
0,708110892144542;
0,162898854163841;
-0,197431149224419;
0,00539194690122649;
0,0709906961746526;
-0,0752618786494171;
-0,100492179167151;
0,122999299657835;
0,453904709048343;
0,37782533390234;
-0,09892415324894;
-0,231701409168269;
0,156162017797134;
0,491436318777676;
0,349559679846141;
0,597515239246064;
2,71818507759488;
5,45304368276479;
6,29431135528466;
5,38061517193853;
3,21364695827854;
0,313743005199149;
-0,728077046151935;
0,107023397198725;
0,227652362388135;
0,238830001504359;
1,21649824001746;
1,64621021747712;
1,23410760743668;
1,0279249154394;
0,826128994927722;
0,513732371960158;
0,479115705925281;
0,577537630683838;
0,75088963573217;
1,12286401185885;
1,67432021531145;
2,49481755557388;
3,26326496736373;
2,9404486251018;
1,31771339896626;
-0,526289444796045;
-1,58187914176212;
-1,07762260556591;
1,00722513615776;
2,93574986571431;
2,97883654216066;
1,55664671399847;
0,294598339702064;
0,0131997467924446;
0,372459330238291;
0,789978064772388;
1,02681355983086;
1,13089117535383;
1,16107262553137;
0,819835734048509;
0,0965437301494205;
-0,196386726528985;
0,0264869958731852;
0,0621088651780583;
0,361946975708813;
1,52949512100842;
2,49317921518327;
2,47233573088435;
2,22974713430893;
1,63825825749894;
0,26610589522282;
-0,405602776562696;
0,0296609268638848;
0,138975482562288;
0,508351679469534;
2,05139988445811;
3,1196419931037;
3,04080182704198;
2,99971069951505;
2,91421769315604;
2,38748596753823;
1,99288599116997;
2,18106356743231;
2,91538674445076;
3,64573491917469;
3,67025306077147;
3,14401429402513;
2,71026301143507;
2,34618967315263;
1,85352448825101;
1,59650871440213;
1,8849570881132;
2,41520331723993;
2,57429892363785;
2,13868362788487;
1,43462797354688;
0,804432428795809;
0,52724871098058;
0,74767380446253;
1,18838238191691;
1,70733367047592;
2,26797142600248;
2,21029526508235;
1,4859002687686;
0,828522302962458;
0,195620156899701;
-0,193201283300173;
-0,0176299545061142;
0,0806536490420828;
-0,739785589803824;
-2,424716820213;
-3,1991700550901;
-2,65779119292522;
-2,15871180494375;
-1,30059203275511;
-0,0238219953694159;
0,287899003987309;
-0,0829194257846626;
-0,0722265058488759;
-0,0845941146991687;
-0,431561299211757;
-0,269787010801027;
0,675750328782297;
1,57881696398152
