-0,324469161483915;
-0,323044199570209;
-0,323847414187497;
-0,32399386778562;
-0,321925814862266;
-0,237894152593742;
-0,0383073566091357;
0,0583437003447396;
-0,0041280179502768;
-0,0200691596156064;
-0,0726778991375036;
-0,279066390048072;
-0,382774268911899;
-0,315207630730453;
-0,300102599573691;
-0,249986061102246;
-0,0420304146256685;
0,0637528508643237;
-0,00499932014912349;
-0,0216381204330227;
-0,0713642576416162;
-0,279113857895933;
-0,384890523137094;
-0,316439224544018;
-0,300723146245812;
-0,250808284872169;
-0,0418049302772485;
0,0640828373728516;
-0,00523861918630625;
-0,0216518655124412;
-0,0715248693173807;
-0,279487999192051;
-0,38518624629391;
-0,317575719274915;
-0,30241465673751;
-0,334752250428504;
-0,326443520151143;
-0,319096539554731;
-0,325758536186248;
-0,324475974375287;
-0,319934621148959;
-0,320542280853068;
-0,322696688666483;
-0,323051938780084;
-0,322766438075944;
-0,323271686683576;
-0,323942932545123;
-0,324910882693146;
-0,325890976496328;
-0,326259128404972;
-0,327711397702394;
-0,327838732913037;
-0,324842476639611;
-0,323645287581361;
-0,324024830849609;
-0,240348873485349;
-0,0389570933501545;
0,0589000485315855;
-0,00403692012465101;
-0,0203198270490863;
-0,0734811047807673;
-0,282987017132715;
-0,388563440712885;
-0,318838791596387;
-0,30356106212068;
-0,337727043277289;
-0,329456321877934;
-0,320554392131367;
-0,32489009385269;
-0,323236195628864;
-0,32207923579758;
-0,324611907341289;
-0,32438966448411;
-0,322903264518658;
-0,32366538747749;
-0,324978291866051;
-0,3240453823143;
-0,322089779176719;
-0,321201685834895;
-0,320866747740604;
-0,321576131628705;
-0,323255361105143;
-0,323040658873331;
-0,321177552473473;
-0,32052408576477;
-0,321683533160333;
-0,323464704513081;
-0,323662194480609;
-0,32282573475033;
-0,324222694838161;
-0,326439515579745;
-0,325840893779092;
-0,324169164075922;
-0,324462094764598;
-0,324749553467318;
-0,324710993670927;
-0,326759542416236;
-0,327945003681344;
-0,326132243717949;
-0,323991558951757;
-0,323666993242553;
-0,325204302182231;
-0,32698924722529;
-0,327994591375601;
-0,327609822963824;
-0,326005845187411;
-0,32441863087174;
-0,323492653034608;
-0,323783323730287;
-0,325067702534329;
-0,32568283987829;
-0,324534438936645;
-0,323422893213897;
-0,323902699427127;
-0,324598301373906;
-0,325264437553425;
-0,326551042127169;
-0,327730668573729;
-0,328288603653623;
-0,328478571483037;
-0,328396483464618;
-0,328144155473127;
-0,328125562065492;
-0,327933717692843;
-0,328333089027516;
-0,245151705910956;
-0,0402888850062529;
0,0603376292226496;
-0,00403463129222204;
-0,0208525249830346;
-0,0751059079316788;
-0,288144147730967;
-0,393543019012188;
-0,320048646164699;
-0,302212662428131;
-0,334750979240761;
-0,325527758632651;
-0,317363264554937;
-0,325028396742275;
-0,326683675435653;
-0,324413133170093;
-0,32326116549882;
-0,321779804041886;
-0,322166602198705;
-0,32344842914702;
-0,323851903058884;
-0,324969694109025;
-0,325760022210463;
-0,326722754763635;
-0,328389535339446;
-0,243849938433326;
-0,0389990622891182;
0,0597842244232616;
-0,00433250004413154;
-0,0205197775458335;
-0,0736357801017684;
-0,284600112085293;
-0,391632954458185;
-0,321709516742359;
-0,305912857972601;
-0,256390863115939;
-0,043451342779116;
0,0656414619044823;
-0,00512960123120877;
-0,0222795142612859;
-0,0724096703715926;
-0,2829212645926;
-0,389695693322801;
-0,321534985255656;
-0,307756342959136;
-0,34230574745215;
-0,335335792275126;
-0,328259535324865;
-0,334766042409162;
-0,334010932896786;
-0,330093611608563;
-0,330519369933253;
-0,331482268703096;
-0,330183331406485;
-0,328386039478826;
-0,328568578435052;
-0,33095663500692;
-0,333224736698776;
-0,333265854441308;
-0,331069008702562;
-0,327456314849524;
-0,32497751756265;
-0,325280242482819;
-0,324551049984593;
-0,32297661904131;
-0,322811687229858;
-0,31947213897918;
-0,313842833465306;
-0,313147134191751;
-0,315781786891167;
-0,315420157556227;
-0,314572489585857;
-0,317104581908666;
-0,318184877725373;
-0,314110393642056;
-0,30957592005666;
-0,308817431578563;
-0,310424981820492;
-0,313255554195394;
-0,316176821007104;
-0,317189214070665;
-0,317377341872302;
-0,316598866538294;
-0,314199013547608;
-0,313440091785352;
-0,315436028699414;
-0,317389251738708;
-0,316356474762098;
-0,314040573907204;
-0,315326703927498;
-0,236585190426727;
-0,0388627171743951;
0,0583051910178932;
-0,00394523586513406;
-0,0201271608419612;
-0,07075917532392;
-0,27429495160337;
-0,379262269637092;
-0,311624537148577;
-0,292520490519839;
-0,244342120940437;
-0,0423998529426557;
0,0625543542375629;
-0,00446941326395376;
-0,0214176954501501;
-0,0704087040561798;
-0,275193607655505;
-0,381657026254036;
-0,317049258289122;
-0,301892830959093;
-0,335458527812937;
-0,33008045558296;
-0,32276595626575;
-0,331647938871372;
-0,336965443344741;
-0,333211595389413;
-0,326990292487621;
-0,325969252012207;
-0,331228753611558;
-0,336030273047706;
-0,249727143938287;
-0,0396884782961169;
0,0612251827348916;
-0,00454262240502556;
-0,0209674517415173;
-0,0758475147572387;
-0,292766794615838;
-0,402959327361398;
-0,330733621987864;
-0,307870657343969;
-0,333300814109021;
-0,324599995395427;
-0,322864984487966;
-0,332471381335217;
-0,331723167588828;
-0,325817322340877;
-0,323402942439143;
-0,32689067361625;
-0,331073791769511;
-0,330899320160213;
-0,328082734448676;
-0,326237906265044;
-0,325928894060757;
-0,325428778725033;
-0,326657322947097;
-0,330974993041482;
-0,334845385338596;
-0,335691928974789;
-0,335225160296412;
-0,334292390064019;
-0,247195774917513;
-0,039713228020163;
0,0605443734735188;
-0,00428170167704706;
-0,0208295158893258;
-0,0750266177545571;
-0,289644079497554;
-0,398498359264148;
-0,325545455649925;
-0,303874709885449;
-0,251407351076697;
-0,0420164290651523;
0,0641332221365751;
-0,00514477009241837;
-0,0217153838561591;
-0,0730673983280118;
-0,284534998886861;
-0,390572776818478;
-0,319260365344352;
-0,302602592702372;
-0,25214959834986;
-0,0417413455933424;
0,0643883814004334;
-0,00536629853524245;
-0,0217106179736799;
-0,0708740923948035;
-0,277385392444735;
-0,38129243048161;
-0,31282778877138;
-0,299373351336822;
-0,251337409037803;
-0,0422250941436894;
0,0643157473564021;
-0,00516605636196521;
-0,021768336065263;
-0,0668439914028218;
-0,26545998131425;
-0,371212034812646;
-0,312691295039294;
-0,301207653870537;
-0,250025488692258;
-0,0415264069536829;
0,063728935110224;
-0,00519587925080032;
-0,0215429454377798;
-0,072824673461699;
-0,28559175807408;
-0,397821451638777;
-0,334339865089998;
-0,322818228003234;
-0,270155382635265;
-0,0459645344149635;
0,069066784103729;
-0,00527189992168112;
-0,0235006444878769;
-0,0806191639045441;
-0,315357339563483;
-0,437693375730944;
-0,360366099404534;
-0,335436217926838;
-0,275711984155869;
-0,0455510414787283;
0,0702512980511766;
-0,00581723402967842;
-0,0237087466928262;
-0,0793948271310632;
-0,309641693053219;
-0,424044015961174;
-0,343517611648127;
-0,322496808798245;
-0,268333736482367;
-0,0442043399102114;
0,0685501584551029;
-0,00581866355069289;
-0,0230662184424154;
-0,0730831758465022;
-0,286521294753141;
-0,391821158605832;
-0,316446557690512;
-0,297990215886506;
-0,249844227724917;
-0,0421964904820282;
0,0639522362567825;
-0,0050523496595785;
-0,0216822582150533;
-0,0723312444060748;
-0,282799402367737;
-0,391542008562901;
-0,325119671540585;
-0,309133511908821;
-0,25543505502318;
-0,04196653929934;
0,0650172991165809;
-0,0054493894078136;
-0,0219152461188297;
-0,0738612421720402;
-0,288695401599327;
-0,399068675885076;
-0,330213907000068;
-0,313506473570818;
-0,346590593777527;
-0,338980940158671;
-0,33078306630308;
-0,336689825125175;
-0,336539109554387;
-0,333702394303771;
-0,334741588370377;
-0,335942589837709;
-0,335488188711309;
-0,334024996018216;
-0,332186693709041;
-0,332494932298501;
-0,333786323438494;
-0,333202536783086;
-0,332836344798218;
-0,247789195072189;
-0,0402868673574013;
0,0609026946947954;
-0,00421317764901323;
-0,0209879116762055;
-0,0748274467052699;
-0,288692490325472;
-0,397178256680845;
-0,325716445930993;
-0,306079968520737;
-0,253555120074146;
-0,0423772546626747;
0,0646502137360367;
-0,00517009357156217;
-0,0218985129947064;
-0,0732780587368049;
-0,285746052639184;
-0,393851698248238;
-0,325109050627229;
-0,310963334765309;
-0,346914428288807;
-0,340812679294835;
-0,333699679419685;
-0,340095913915237;
-0,339731749626614;
-0,337581827927537;
-0,33958860378208;
-0,343748303484371;
-0,348023361893851;
-0,346275566337959;
-0,252993665763147;
-0,039890646445669;
0,0616498976285567;
-0,00451861699431934;
-0,0211490663707987;
-0,073502917328207;
-0,28468316663982;
-0,391731075478262;
-0,321390105348448;
-0,302083788562997;
-0,249541078418777;
-0,0412603941952585;
0,0635458386476994;
-0,00522966024869724;
-0,0214611937434424;
-0,0673745121549454;
-0,265154260267889;
-0,365599468849115;
-0,300599717263507;
-0,286516711498887;
-0,2392863184685;
-0,0399719517084788;
0,0611286956220903;
-0,00495515034005564;
-0,0206726681155234;
-0,0706163512275046;
-0,275956534291028;
-0,382472547256112;
-0,316840915754073;
-0,299242600767314;
-0,247677909600746;
-0,0414695321206117;
0,0631441468206745;
-0,00501446703492416;
-0,021404209689649;
-0,0701413888426344;
-0,273911593309715;
-0,376755506184804;
-0,309896524913421;
-0,297419516816198;
-0,250287588126678;
-0,0425029830246062;
0,0640801733562552;
-0,00497196558765191;
-0,0217653666873703;
-0,0704896588900749;
-0,27539533849803;
-0,379181700130196;
-0,312978401814036;
-0,300978704594796;
-0,252551656937866;
-0,0425635346042169;
0,0645647922108285;
-0,0050987065402421;
-0,0218932037431952;
-0,0730868855074681;
-0,285784257028413;
-0,393643995253746;
-0,320675998518181;
-0,300780373261168;
-0,250973093702139;
-0,0423723400443715;
0,0642322034386544;
-0,00507623495976937;
-0,0217766573388094;
-0,0706515785827734;
-0,278317742509127;
-0,387195327632548;
-0,323403799031767;
-0,311598088707981;
-0,346810898689878;
-0,33753307552574;
-0,327430742349569;
-0,334283581193019;
-0,336585242070382;
-0,335428261531793;
-0,334190663262735;
-0,329759319186806;
-0,324875550734857;
-0,324442885739206;
-0,243467402591137;
-0,0406278443128576;
0,0600429433976233;
-0,00381637966869208;
-0,0208351315280673;
-0,0739212234931107;
-0,285758390498092;
-0,394605407679805;
-0,325840031558444;
-0,309125088115308;
-0,339454798879932;
-0,326658888507489;
-0,317740025531219;
-0,326405530061313;
-0,329413991508498;
-0,331471338954077;
-0,334877932383224;
-0,332799578414539;
-0,327177670811953;
-0,324521532480118;
-0,325249930456616;
-0,325529268202272;
-0,325508273436442;
-0,326866975422174;
-0,329023903087487;
-0,330155032212103;
-0,328155171985667;
-0,322548272238257;
-0,318284878330795;
-0,319977344346821;
-0,322635373825188;
-0,322195344785551;
-0,322722673240886;
-0,325684597381431;
-0,327572096548385;
-0,326489438880881;
-0,324222714336249;
-0,323090267086122;
-0,322941949180715;
-0,322786032626636;
-0,239812718551203;
-0,0389975765519926;
0,0588784347511817;
-0,00403755252560671;
-0,0203080664965913;
-0,0731257385779052;
-0,28202097157077;
-0,387640770616626;
-0,318654126351771;
-0,303672136227844;
-0,253348623341535;
-0,0418240132948812;
0,064735462944008;
-0,00546427810823602;
-0,02179580073032;
-0,0728573931498148;
-0,284698404346325;
-0,390923174117556;
-0,318169890019846;
-0,300769906656434;
-0,33669621636338;
-0,330717439797859;
-0,320935832502352;
-0,324305790050778;
-0,324157026245984;
-0,320110448369488;
-0,310966018061826;
-0,299941837519182;
-0,293423020563181;
-0,290181871375062;
-0,290577436508803;
-0,293980611266764;
-0,296610742202855;
-0,297664949922353;
-0,299315143275622;
-0,301784293312474;
-0,301987187772052;
-0,302711563700674;
-0,311963779669195;
-0,324763034456698;
-0,24476285462789;
-0,0391233221774883;
0,0601309346905438;
-0,0044288293902845;
-0,0206034147555712;
-0,0767183435211369;
-0,29766164433043;
-0,416754245866458;
-0,353776063958829;
-0,338718626774273;
-0,371314978347471;
-0,359902236224998;
-0,345622974540674;
-0,346792452040385;
-0,34522427903266;
-0,342896116644009;
-0,341934570988302;
-0,339498413789264;
-0,338054124778981;
-0,335876663251288;
-0,328345645250488;
-0,319642087854441;
-0,316972569758031;
-0,318233446957709;
-0,318917714218112;
-0,317027815512395;
-0,310922068646741;
-0,30694108761679;
-0,308815882461006;
-0,308533391547042;
-0,22682194663626;
-0,0362889362572508;
0,055408274270107;
-0,00390824922293697;
-0,0190715258183364;
-0,0722873753630947;
-0,277733444555948;
-0,383294140090705;
-0,319835481963861;
-0,309722302917401;
-0,260093476196703;
-0,0438899271297684;
0,0665417479375422;
-0,00525584673029938;
-0,0225616781450868;
-0,0701272449154348;
-0,275989706981393;
-0,380875445519206;
-0,313997162777593;
-0,300975689115517;
-0,334167320598721;
-0,321850187454308;
-0,310863548926313;
-0,320202783415337;
-0,324341846324099;
-0,322019134997007;
-0,319661317900678;
-0,31850729384707;
-0,317209473843482;
-0,313450313617676;
-0,231067145956948;
-0,0376272755442611;
0,0566486981926125;
-0,00382078501082121;
-0,0195698636480903;
-0,0725768791562004;
-0,278396032705336;
-0,382055842057477;
-0,31316653259194;
-0,295944913345898;
-0,246418963547771;
-0,0413790964506935;
0,062924133543113;
-0,00499648623310603;
-0,0213268814644084;
-0,0696951015226719;
-0,272964009118486;
-0,376961915435222;
-0,310578533309723;
-0,294592871103711;
-0,245206282771364;
-0,0411014889115304;
0,0625996747193841;
-0,00499455729251484;
-0,0212067709346899;
-0,0684924726611118;
-0,2689261693547;
-0,370256785633355;
-0,302388857497312;
-0,287713666132963;
-0,241906613532628;
-0,0406607914707531;
0,0620246150237062;
-0,00503425226437523;
-0,0209661147044855;
-0,0717028632150902;
-0,278713755533291;
-0,382758374865964;
-0,313962067211748;
-0,298684117550008;
-0,249151414384675;
-0,0414399944364199;
0,0636230724700974;
-0,00522042669348789;
-0,0214889889544549;
-0,0708322913728837;
-0,27680555281105;
-0,3820492797076;
-0,315946594327932;
-0,300407055670311;
-0,331992049936395;
-0,324004323205352;
-0,314066551779392;
-0,315733036130042;
-0,310881722892187;
-0,303659406717674;
-0,298929320129486;
-0,295084173058053;
-0,295314651997008;
-0,29739904286252;
-0,220636851057171;
-0,0353893276969683;
0,0540212432071995;
-0,00383524571241968;
-0,0185792801404639;
-0,0683216203067777;
-0,26226353049736;
-0,360538796995532;
-0,300719510254121;
-0,29376286404834;
-0,247710515227536;
-0,0418783008765962;
0,0633676278326212;
-0,00496922035767896;
-0,0215015767505088;
-0,0722808784694643;
-0,280729655302348;
-0,384112053954839;
-0,312517386782466;
-0,297453631852196;
-0,333584467348592;
-0,326437012382104;
-0,317472895422105;
-0,323847523819803;
-0,322485078249026;
-0,31624191537086;
-0,314275087187059;
-0,312396710001256;
-0,308467902748833;
-0,306997088392963;
-0,310659620786463;
-0,31490684967558;
-0,313188561836442;
-0,3080586123028;
-0,306863788094043;
-0,311821184567995;
-0,318925934801642;
-0,320422226858586;
-0,316925662951289;
-0,317834520109248;
-0,321915138486242;
-0,321019685953993;
-0,317757044925152;
-0,317012735139135;
-0,318790525331985;
-0,322872251241817;
-0,325672996886927;
-0,325998116182299;
-0,328131500277539;
-0,333081621855264;
-0,334402516766072;
-0,327448975839376;
-0,32317837977131;
-0,328360959397313;
-0,334038514344328;
-0,335668432717468;
-0,333201514543911;
-0,329651025878426;
-0,328760288173906;
-0,328715498146226;
-0,244308271400733;
-0,0398622594291403;
0,0600080442731436;
-0,00407180967815416;
-0,0207160672898912;
-0,071684859663194;
-0,277299979927287;
-0,381322336530929;
-0,313428162221682;
-0,29848581963334;
-0,249226929204665;
-0,0416041892651552;
0,0636758144778628;
-0,00517736498982771;
-0,0215268480955681;
-0,0722742549834483;
-0,281761752835567;
-0,387500722482147;
-0,317810225081838;
-0,301410288791496;
-0,251144787773353;
-0,0419179743822552;
0,0641248500918235;
-0,00519624590742352;
-0,0216876814362102;
-0,0729671179578336;
-0,282892402852142;
-0,385621569988556;
-0,313031703663051;
-0,297840981625902;
-0,333200091843445;
-0,327015403448284;
-0,316777538950091;
-0,319510360794888;
-0,320654755855397;
-0,320029432402874;
-0,32249809153192;
-0,326541346268804;
-0,328595759989917;
-0,327854976879677;
-0,32486759610414;
-0,322633267215532;
-0,322260977460508;
-0,32214378512095;
-0,323497854022449;
-0,324386118641629;
-0,322540458427155;
-0,322464979502031;
-0,324115174023453;
-0,324333326394402;
-0,324801490301893;
-0,32555379679283;
-0,325991802157874;
-0,327465238082114;
-0,327924386906672;
-0,324786459452691;
-0,320456355398727;
-0,317761471242258;
-0,316631378676124;
-0,314712450698495;
-0,310646402533946;
-0,307923254009009;
-0,307993753656429;
-0,307072438268702;
-0,304152478112595;
-0,302945222662202;
-0,304063093385528;
-0,303762094892549;
-0,302042575742857;
-0,300511751313068;
-0,299079755828582;
-0,298923897881621;
-0,298935656980109;
-0,297303231450096;
-0,296289177853192;
-0,2996480258276;
-0,307418056759643;
-0,314039932993567;
-0,318841455835007;
-0,326482154675265;
-0,333379130943195;
-0,33459233124408;
-0,333030472633947;
-0,332185254268506;
-0,332620684611416;
-0,332123787108568;
-0,331553198391414;
-0,33627024185741;
-0,342487807518442;
-0,345315158912733;
-0,347930071830555;
-0,346508927852856;
-0,340123924917976;
-0,338004951509609;
-0,338488601671652;
-0,333942793185976;
-0,328280760487612;
-0,331620212150409;
-0,342278617612645;
-0,346044689803348;
-0,339391038743354;
-0,328623637487108;
-0,314852260337553;
-0,30358417310768;
-0,302735096946118;
-0,305867871162756;
-0,306024242899926;
-0,306683311599216;
-0,306436901031025;
-0,303924463532708;
-0,303481403009866;
-0,305626172176024;
-0,307523408848918;
-0,306254215491506;
-0,303697985171534;
-0,302183528033647;
-0,299189335012556;
-0,299050241423433;
-0,305637871706028;
-0,309887457060342;
-0,309791483142282;
-0,311541212888347;
-0,310818560850521;
-0,306425940383012;
-0,304353660984208;
-0,302738889640858;
-0,301671762981425;
-0,304543871682252;
-0,306108494491184;
-0,303865812480238;
-0,302817657846578;
-0,303355345080716;
-0,304444437276939;
-0,305451344502299;
-0,304192305209457;
-0,225367631069717;
-0,0370789144819346;
0,0552887436038591;
-0,00358792264188669;
-0,0191615412242083;
-0,0699331840045387;
-0,26931863795339;
-0,371184247302969;
-0,305072423892609;
-0,287146957896274;
-0,238321076352292;
-0,0399487723337555;
0,0608377582292109;
-0,00485132671044721;
-0,0206111906324104;
-0,0685936298110382;
-0,268280255321483;
-0,369883472104419;
-0,302980862037415;
-0,28703259278587;
-0,321011051775871;
-0,314305443569612;
-0,304052381972428;
-0,31021201139909;
-0,312205333049162;
-0,309331820016403;
-0,309175746320164;
-0,309597243704909;
-0,309456088140437;
-0,309352891869975;
-0,309479632115134;
-0,309865661451038;
-0,308732707012242;
-0,307256566624413;
-0,308878415049244;
-0,313003717630815;
-0,31624695464934;
-0,316652038980222;
-0,31517868071891;
-0,313778273355955;
-0,314056225446999;
-0,318364289629389;
-0,323742509533108;
-0,324199638115031;
-0,322992905606253;
-0,32347615520326;
-0,321281204569186;
-0,317598148045553;
-0,317392393000236;
-0,3196272764946;
-0,320544468106414;
-0,316669036653196;
-0,308310299393813;
-0,300950036511185;
-0,298185047098891;
-0,29639362348986;
-0,291465569652897;
-0,286973105941649;
-0,28663365538453;
-0,286884914897651;
-0,283341077158844;
-0,278008022508372;
-0,275181155717305;
-0,274134053927985;
-0,275948791030497;
-0,280739625043824;
-0,280294180781695;
-0,275198072179237;
-0,27330647167462;
-0,276290665507226;
-0,283885532590286;
-0,290831629589293;
-0,292059710444079;
-0,292211755117179;
-0,294947118362091;
-0,296857282534403;
-0,295831185511402;
-0,295307000770995;
-0,29780092104477;
-0,301187785061018;
-0,303604745452513;
-0,306003667719003;
-0,308881594381549;
-0,311184560100661;
-0,313085227900207;
-0,313238272078504;
-0,309286186336273;
-0,302583010305886;
-0,297698253124103;
-0,300870542926973;
-0,311889490946342;
-0,321887868836915;
-0,326265860335597;
-0,325252135381713;
-0,318895923607952;
-0,314262476791185;
-0,319000829197559;
-0,326669408193303;
-0,326103314588182;
-0,318396909569538;
-0,232327762439175;
-0,0371664958220492;
0,0567695120662356;
-0,00401390536953761;
-0,0195352851030622;
-0,0744509926927127;
-0,285550646335717;
-0,392740334600096;
-0,323069767333798;
-0,305030471939414;
-0,253410125607752;
-0,0425037684163143;
0,0646814088684024;
-0,00514290159113861;
-0,0219202446358625;
-0,0706285895283775;
-0,276949461870099;
-0,381667178527836;
-0,31219758688147;
-0,293926954023789;
-0,244266535261138;
-0,0407830249332044;
0,0623583344833584;
-0,00504247509737235;
-0,021095245291885;
-0,0705616289987813;
-0,27524043940927;
-0,377992612365777;
-0,308566905933482;
-0,29272919869489;
-0,245347573129464;
-0,0413390419286137;
0,0628012443214006;
-0,00500276039268097;
-0,0212736816420029;
-0,0722566266456891;
-0,280869252156621;
-0,385748119105037;
-0,315012412662246;
-0,295503648144731;
-0,244464100133891;
-0,0405197849939173;
0,0622843873745247;
-0,00509969867018659;
-0,0210458432750045;
-0,0701698126046036;
-0,274637433741348;
-0,379637794045963;
-0,313460522218206;
-0,297194887037935;
-0,328601238246884;
-0,321293671809336;
-0,315580061869344;
-0,326135571527198;
-0,3293088660182;
-0,32543221622705;
-0,324561172863816;
-0,324858222938951;
-0,322622242827837;
-0,3196184001287;
-0,315739596088283;
-0,310825117895854;
-0,306497351912621;
-0,304151723118802;
-0,304800818423646;
-0,307791796709989;
-0,310675008074283;
-0,30824576977962;
-0,303653218991484;
-0,304359565963844;
-0,30508478996713;
-0,302525478631259;
-0,302167431945252;
-0,302409160074962;
-0,301435668318606;
-0,3038132513086;
-0,307996979881829;
-0,310890796994401;
-0,314488257233426;
-0,318498285786023;
-0,320681715550938;
-0,321463468197393;
-0,323189961800718;
-0,325739452941397;
-0,328513596157408;
-0,33130659276891;
-0,332285394196894;
-0,333851745047829;
-0,336925095206798;
-0,338716274571356;
-0,341911780484754;
-0,34690096199483;
-0,349425098163649;
-0,348318263067223;
-0,345259443699278;
-0,343194303972439;
-0,341536263333798;
-0,33905173419723;
-0,338917939738875;
-0,340434402526102;
-0,342750483867737;
-0,35141341947582;
-0,358271998837382;
-0,344757904493676;
-0,318819110473267;
-0,301251175563247;
-0,294396659839033;
-0,296387752497596;
-0,304575699393262;
-0,309227572065648;
-0,307398803875817;
-0,304761194201111;
-0,303264886010477;
-0,301470783412922;
-0,300745644976739;
-0,30327538188016;
-0,307004787780374;
-0,3062721291268;
-0,302988084060109;
-0,303963550085682;
-0,307947477021151;
-0,311411517117259;
-0,314498040622166;
-0,318040571851677;
-0,323013787536657;
-0,327335059137498;
-0,325993473099068;
-0,320839003802235;
-0,319824585664513;
-0,323679053458917;
-0,326233622123286;
-0,324899634413391;
-0,322493422825849;
-0,322576279381878;
-0,324057538073434;
-0,324102760253053;
-0,323760843099819;
-0,32321281077693;
-0,322761308565321;
-0,323711414013625;
-0,24061803427085;
-0,0385289240648027;
0,0590467217862333;
-0,00428702912195133;
-0,0202614236269415;
-0,0614683839999799;
-0,251324285458148;
-0,366685501331251;
-0,320000942636965;
-0,299489405154116;
-0,326109737999012;
-0,326460941162969;
-0,321218561052605;
-0,323758311998331;
-0,323323240277562;
-0,322578739689122;
-0,324225124438646;
-0,324334621154732;
-0,323101419814119;
-0,322513981575584;
-0,239785397012323;
-0,0391975243175006;
0,0588729249361335;
-0,00395157478630674;
-0,0203441158566777;
-0,072717486750515;
-0,281399472654977;
-0,389000803039383;
-0,320961148039057;
-0,302460391649804;
-0,250254215058079;
-0,0414824323926101;
0,0638235066180635;
-0,00525614099564111;
-0,0215505246000083;
-0,0729256558525334;
-0,285056436710956;
-0,393351669621294;
-0,323779590211913;
-0,307574019422261;
-0,341869998458478;
-0,337027590333523;
-0,334549312971586;
-0,343885208409625;
-0,340394281126792;
-0,331648621291073;
-0,330257891665917;
-0,33224881843771;
-0,330641749529876;
-0,326589675445363;
-0,325072309789693;
-0,322902239656094;
-0,316821665286636;
-0,312158753179905;
-0,309869065256081;
-0,228914572477173;
-0,0369325297255768;
0,0560633211334833;
-0,00389710037670912;
-0,0193180191337498;
-0,0653809579081217;
-0,254127340226809;
-0,350125463168376;
-0,286617579403017;
-0,269792353153642;
-0,22448733169346;
-0,0376949787878313;
0,0573508685551918;
-0,00456797520779169;
-0,0194309100460559;
-0,0700763036332298;
-0,272752353141641;
-0,379178390332406;
-0,315984442243574;
-0,298499847383075;
-0,328142184439192;
-0,321273866597998;
-0,313092864004951;
-0,315797414066033;
-0,312428255950171;
-0,307357623779875;
-0,307084218428419;
-0,308849097674872;
-0,309909025046374;
-0,311626046443647;
-0,311860484602752;
-0,308479295126838;
-0,307350137489757;
-0,309932361706336;
-0,31216627860757;
-0,313034507538055;
-0,314754488781525;
-0,322035556433778;
-0,332253524606497;
-0,336830194376389;
-0,24974459793403;
-0,0401457898442283;
0,0611808853867749;
-0,00432318148061548;
-0,0210496925117864;
-0,0742592438814974;
-0,288204160632511;
-0,397147475186086;
-0,323619969282539;
-0,303410274043958;
-0,254069049310742;
-0,0434030690884823;
0,065152014043938;
-0,0049981450097058;
-0,0221516710263669;
-0,0688262384680749;
-0,271737613251263;
-0,37737830950525;
-0,314322903268536;
-0,302015964072981;
-0,251597110877323;
-0,041629098472587;
0,0642143438066046;
-0,0053442848829321;
-0,021656237545533;
-0,0719869842266969;
-0,283165158316091;
-0,393923841322054;
-0,32789090286476;
-0,311087585453176;
-0,257661489140812;
-0,0429628591062773;
0,0657163049179138;
-0,00530730700444474;
-0,0222360033820846;
-0,073132432834237;
-0,285821172261876;
-0,393991891763119;
-0,323953987818741;
-0,305388266196562;
-0,252258376707139;
-0,0416506779591494;
0,0642094427785868;
-0,00529512642419254;
-0,021681331744453;
-0,0720400014123066;
-0,282232900067241;
-0,390611951435494;
-0,322493340705911;
-0,304722763281911;
-0,253339125756746;
-0,0429578929590245;
0,064676738919174;
-0,00495265915199096;
-0,0220025246003963;
-0,0744089187091457;
-0,288495863014534;
-0,394212169783357;
-0,320400068408847;
-0,305784921769935;
-0,343762247912468;
-0,335531586054074;
-0,322734901317261;
-0,326656737492085;
-0,329673523715972;
-0,326966988009339;
-0,318395649509747;
-0,312961812030061;
-0,314957826840127;
-0,313726103186934;
-0,230005831872503;
-0,0368233420982739;
0,0561759096689396;
-0,00394671008082382;
-0,0193430177498738;
-0,0685195765958908;
-0,264078968525824;
-0,361653839793139;
-0,296147035877406;
-0,285558474415714;
-0,243288260266283;
-0,0424565940526854;
0,0625660913011076;
-0,00451158515093746;
-0,0213951083016782;
-0,0731018098187752;
-0,282380709547056;
-0,387993583803993;
-0,322236104554068;
-0,313666871653064;
-0,354689041460358;
-0,351576489694374;
-0,343593916634265;
-0,351141202493044;
-0,354607789179227;
-0,351472283203688;
-0,349450682673901;
-0,34975345595809;
-0,35154876993649;
-0,352803706902666;
-0,351352065033376;
-0,349536728420464;
-0,349667881830947;
-0,351568641759822;
-0,352823486001726;
-0,34547225409901;
-0,321997685576321;
-0,292365192916386;
-0,280064500532;
-0,290070885373423;
-0,308918278345567;
-0,318299357587837;
-0,300482322530949;
-0,278996759038426;
-0,287471734534966;
-0,303935598426922;
-0,304800198227329;
-0,302964122543905;
-0,304771009912703;
-0,302775853884716;
-0,221741379859351;
-0,0352132362250623;
0,0541393239341086;
-0,00391549787623651;
-0,0185926737238537;
-0,0725206551370192;
-0,277518087025758;
-0,381747517879606;
-0,315411568317815;
-0,300646246264594;
-0,251666926966171;
-0,0429833944906765;
0,0643682241358784;
-0,00485795587157275;
-0,0219256279660041;
-0,0702419147961048;
-0,275524212816333;
-0,380770917876434;
-0,313353546523555;
-0,295866302643266;
-0,244968069027095;
-0,0404672462202321;
0,0624399997761273;
-0,00518331257288319;
-0,0210661710253094;
-0,0700688464405859;
-0,273725871181621;
-0,377649364645644;
-0,313571489666118;
-0,302380263104801;
-0,253005734026864;
-0,042335491694235;
0,0646094961333983;
-0,00519513371667816;
-0,0218692357904627;
-0,0707417241156956;
-0,277435896669939;
-0,382266741984961;
-0,312972869299512;
-0,295927713619387;
-0,246498703512388;
-0,0410532787557001;
0,0629725810646232;
-0,00515738865018436;
-0,0212727792416739;
-0,0693632465380389;
-0,272887065995799;
-0,377698195748717;
-0,310110570431807;
-0,291436185303615;
-0,241852716649861;
-0,040364987240976;
0,0617741162086674;
-0,00501745483554177;
-0,0208868066659044;
-0,0690757939639851;
-0,270636246591461;
-0,374341935983873;
-0,310347657227263;
-0,299239666878903;
-0,25291468357097;
-0,0437530731158446;
0,0648832621747638;
-0,00476037097502044;
-0,0221558635177036;
-0,0710416437024392;
-0,279126521310835;
-0,386918947755184;
-0,319326948166769;
-0,303217994973091;
-0,253681248430908;
-0,0432126854848667;
0,0649304481934529;
-0,00497238167802426;
-0,0220838071300579;
-0,0691774326021961;
-0,270702489348651;
-0,367920895331507;
-0,29059252433257;
-0,267072012152068;
-0,222297194810208;
-0,0364172596440942;
0,0568849954015209;
-0,00496127838483056;
-0,0190793123079886;
-0,0595806297156297;
-0,235844655015391;
-0,326601337374703;
-0,271163859640485;
-0,263350976559247;
-0,292469619418299;
-0,276541987488669;
-0,264767486465918;
-0,276580249906788;
-0,284013986732462;
-0,289626329543173;
-0,299710225745569;
-0,303319461186249;
-0,301433982193762;
-0,301545709555076;
-0,301195140337186;
-0,300092246668501;
-0,300697962216064;
-0,30213479408027;
-0,302225380125452;
-0,298961209569012;
-0,295363297461677;
-0,295612845321951;
-0,297044661795705;
-0,299859443663738;
-0,303120825211669;
-0,29882563831105;
-0,293921773129875;
-0,296326271801381;
-0,300792479608482;
-0,307512363079991;
-0,312638216561108;
-0,310670725463305;
-0,307603887159562;
-0,304489729991154;
-0,301638658802876;
-0,306887562241377;
-0,314111196941685;
-0,313799883828299;
-0,313930338162712;
-0,318942697750995;
-0,322550990921171;
-0,322235623182507;
-0,320644915626146;
-0,322026183906967;
-0,323234788500826;
-0,320507310801256;
-0,319110619019998;
-0,317172967356345;
-0,314016078405799;
-0,316734268904484;
-0,320008694147614;
-0,317557505200426;
-0,313784536577477;
-0,312515292321237;
-0,314914610556245;
-0,318574078638595;
-0,31821833328574;
-0,314110623804622;
-0,312129097719898;
-0,31460212423073;
-0,316170435418996;
-0,312937965279294;
-0,309643741379855;
-0,309809601781627;
-0,31275934861615;
-0,315594277341045;
-0,313504088585666;
-0,309663711255233;
-0,309591726989265;
-0,313048678274666;
-0,317666383705856;
-0,318643255021768;
-0,315623432912659;
-0,312586083933059;
-0,230580788584198;
-0,0367623323716922;
0,0564758353675834;
-0,00411320398705724;
-0,0193768501743254;
-0,0708616369771562;
-0,273492170483598;
-0,376086614768738;
-0,307706119582802;
-0,28842041134835;
-0,317083606315473;
-0,308350901072659;
-0,298153772242125;
-0,300009601563207;
-0,299606787401653;
-0,29868973171542;
-0,300178354813293;
-0,302613911456267;
-0,30373666497891;
-0,303059488538477;
-0,301992910648486;
-0,30182739176608;
-0,302395246512834;
-0,30387522262863;
-0,30656993326061;
-0,306929977107505;
-0,307007643390998;
-0,311865456995707;
-0,316096277829975;
-0,318406452622047;
-0,239336684147301;
-0,0398741437128039;
0,0591095764282135;
-0,00382805161423914;
-0,0204771431696478;
-0,0748858306704922;
-0,288942949894417;
-0,400942469766042;
-0,335838619812082;
-0,322361144393199;
-0,357662219793803;
-0,350210150553758;
-0,340647578286138;
-0,345551321867803;
-0,345840666582298;
-0,343014597852615;
-0,341268351323714;
-0,340253067533383;
-0,339727560120592;
-0,3382836491514;
-0,338831413922177;
-0,342838949629065;
-0,342712408726652;
-0,33278452960334;
-0,318537503147447;
-0,306304937185938;
-0,298748672748837;
-0,298377371738461;
-0,300083928775217;
-0,298379288577996;
-0,298946640068487;
-0,302064707745188;
-0,301924854423264;
-0,301615045651974;
-0,302006638167086;
-0,30242094537851;
-0,306644383744988;
-0,311113306150823;
-0,312421281640334;
-0,313965707884564;
-0,315344474400599;
-0,315015323644474;
-0,316810627561792;
-0,320571287619337;
-0,321158720391484;
-0,320355508302749;
-0,320657614452515;
-0,319628519335497;
-0,317662693637783;
-0,316062545299162;
-0,233883933661643;
-0,0376966362540089;
0,0573339020560121;
-0,00402847963591127;
-0,0197350791927179;
-0,0717581836453449;
-0,277250465003885;
-0,382237693297407;
-0,313779012950495;
-0,296143683707517;
-0,247337204315904;
-0,0419695585833868;
0,063302793164383;
-0,00491432021361923;
-0,0215007833584079;
-0,0713756422216965;
-0,278636832193437;
-0,384055434801289;
-0,315679148373178;
-0,299925797357387;
-0,332896970486604;
-0,324295903155724;
-0,315472457338665;
-0,320581028115391;
-0,318733075771634;
-0,316212987799297;
-0,318974959497014;
-0,319739396127243;
-0,318071184711751;
-0,319622555745421;
-0,239710633347004;
-0,0391439362703909;
0,0590867562620224;
-0,00410181862506576;
-0,0203505971671689;
-0,071799937749599;
-0,277887816933482;
-0,3836992881244;
-0,317776267905189;
-0,302843662491158;
-0,251862953776571;
-0,0419357230142973;
0,0642678016198562;
-0,00523084641803608;
-0,0217270045234848;
-0,0721381233234786;
-0,280012268071898;
-0,380825834628327;
-0,306805859090698;
-0,289992610161827;
-0,320805215059746;
-0,307769896145053;
-0,2995437907135;
-0,309404293487141;
-0,306567331686769;
-0,297029005769153;
-0,292121028208221;
-0,284819883307144;
-0,278061442924054;
-0,279783001595855;
-0,28876252818556;
-0,293614593833317;
-0,285800359803412;
-0,277330885363233;
-0,279707073120783;
-0,289592465101014;
-0,300233924997133;
-0,305030224264012;
-0,303222617552417;
-0,300922597031029;
-0,223614514006061;
-0,0364435225797188;
0,0549863778745149;
-0,00378008061072393;
-0,01895885671701;
-0,0694189432959501;
-0,268780631246881;
-0,372115151285573;
-0,305324109303209;
-0,283001243843116;
-0,311435343689383;
-0,310691012223625;
-0,313807497322861;
-0,325085851936316;
-0,323308901160362;
-0,319041444417974;
-0,319173055476177;
-0,315743823231194;
-0,313266365956551;
-0,317734950070057;
-0,323998978696939;
-0,329442269327067;
-0,333928720488472;
-0,335699971077346;
-0,333168744190092;
-0,327906508282281;
-0,324667216865232;
-0,322626566205574;
-0,319147463913068;
-0,318654838012887;
-0,323422576975026;
-0,326452799214373;
-0,323049703680566;
-0,31840250924692;
-0,318805858776779;
-0,324049189214971;
-0,328672439684989;
-0,32914814313357;
-0,327428085124019;
-0,327097575600214;
-0,329790433171651;
-0,332972796818287;
-0,33437802063545;
-0,332841375050552;
-0,328095303318048;
-0,325225498449813;
-0,324579625128573;
-0,322619515563245;
-0,322130694845415;
-0,323934588906633;
-0,325436588615692;
-0,32473007127678;
-0,322395609051216;
-0,322184602728098;
-0,323989442256648;
-0,322619191561487;
-0,317109574629094;
-0,314728970784889;
-0,315901072027907;
-0,313841577431566;
-0,311251508458649;
-0,314035405553669;
-0,317745345690552;
-0,316096512039851;
-0,312629560890757;
-0,312812262617488;
-0,317947059817243;
-0,323537738316807;
-0,324704986421887;
-0,325006447555925;
-0,24284294882863;
-0,0399290913460896;
0,0597686066674357;
-0,00398790136334718;
-0,0206597484362755;
-0,0734171867319648;
-0,282804891590747;
-0,388786163663708;
-0,319057226648897;
-0,299775933432615;
-0,330978694141035;
-0,326640522721877;
-0,320942550760815;
-0,325230006789671;
-0,322360486950831;
-0,314892453239022;
-0,309007129271278;
-0,305225011242247;
-0,302705525350248;
-0,299155288394562;
-0,219447424322816;
-0,0347779333827411;
0,053657542671092;
-0,00395014266562183;
-0,0183939725974651;
-0,0703668643383365;
-0,270845706677025;
-0,373989305027041;
-0,307677303161261;
-0,287102766313775;
-0,237011557375471;
-0,039871010379108;
0,0604419025807848;
-0,00472934407308199;
-0,0205190149515145;
-0,0751994492347481;
-0,289885298843904;
-0,398507557658336;
-0,330101718835034;
-0,318978492649427;
-0,268444149617036;
-0,0454232997418535;
0,0687102567614018;
-0,00539072135682778;
-0,0233121473411869;
-0,0741813805693873;
-0,290308279836298;
-0,397986710746548;
-0,323742151197555;
-0,305344966167336;
-0,335964706061014;
-0,32629318727257;
-0,3230545464811;
-0,334367511634192;
-0,334263938591444;
-0,327241052866523;
-0,31977183459295;
-0,313298808343858;
-0,310764557126645;
-0,310861932236841;
-0,309385043247349;
-0,304552740468594;
-0,299805283699456;
-0,298676775187126;
-0,302653308387109;
-0,308110720249987;
-0,307282784638378;
-0,302616181627673;
-0,301792240040583;
-0,304078918001451;
-0,227737988595324;
-0,0377364647386667;
0,0560344564808438;
-0,00360758757401071;
-0,0194277035997133;
-0,0720243035572934;
-0,277359961447366;
-0,383992672192641;
-0,319306655594488;
-0,301662374191597;
-0,328078566846224;
-0,315398863492799;
-0,305998927601362;
-0,312714184101805;
-0,314614164760707;
-0,31303323916242;
-0,312625243604658;
-0,310989994280872;
-0,309811448354979;
-0,312725540987283;
-0,315396091034001;
-0,315843717518147;
-0,317619319420421;
-0,317541094123941;
-0,313942433591777;
-0,311734472731047;
-0,311536129267468;
-0,312894274627536;
-0,316066104504968;
-0,317076369473359;
-0,315721842858659;
-0,316008818113416;
-0,317486669118512;
-0,31826671306736;
-0,319199841513827;
-0,32053846951079;
-0,321602060922414;
-0,322440904192594;
-0,320680014327367;
-0,315966798971608;
-0,313769026111209;
-0,315603683943494;
-0,316881717678384;
-0,314490271245541;
-0,311480521177481;
-0,311959211512749;
-0,313824021510143;
-0,313703038668813;
-0,311124653816028;
-0,308230991359152;
-0,30804757479602;
-0,308970267873808;
-0,308474062256365;
-0,308867760337991;
-0,311934122367746;
-0,314212895960312;
-0,313087390383629;
-0,313167821963996;
-0,318062467805737;
-0,323436507548133;
-0,323879295474475;
-0,320971675405556;
-0,320231958163172;
-0,321342936723407;
-0,323827479252824;
-0,244233834759531;
-0,0412868113571391;
0,0603512800222028;
-0,00367327228585115;
-0,0210106932801941;
-0,0699929422325104;
-0,270992726370323;
-0,37262896894183;
-0,305630301544488;
-0,289147819827512;
-0,318627763390113;
-0,308132077309146;
-0,296207869750636;
-0,296418130502838;
-0,292037855585248;
-0,214421288697394;
-0,0353742546479265;
0,0525160826812024;
-0,00332268266144367;
-0,0182411436599478;
-0,0657315290541166;
-0,252874753094973;
-0,349271536535784;
-0,291194439935733;
-0,279514612969414;
-0,31097126754616;
-0,305682237538904;
-0,297144101038803;
-0,300541048040578;
-0,302369456202394;
-0,303968623511987;
-0,306003422329479;
-0,305447052861231;
-0,30403586325582;
-0,302979041942347;
-0,304105856057344;
-0,309014330241608;
-0,314374248516847;
-0,315669965886011;
-0,312761300367477;
-0,312760922377697;
-0,319340784104418;
-0,324033333976229;
-0,322312851828218;
-0,319247030549234;
-0,317636312537422;
-0,315910274842318;
-0,311909442825754;
-0,309298205870213;
-0,312041340256921;
-0,316520285090615;
-0,319714873420457;
-0,321174580354515;
-0,322637049401071;
-0,324854936182683;
-0,241160074500015;
-0,0382425126827302;
0,0591116707665609;
-0,00441480955002738;
-0,0202311823936171;
-0,0729300394395089;
-0,282474435845957;
-0,389802407385927;
-0,3208014446033;
-0,302483263767218;
-0,250968906385394;
-0,0417905699663798;
0,0640688908591974;
-0,00522758313926917;
-0,021653161953008;
-0,0690816981329745;
-0,271489553632359;
-0,375199379848516;
-0,309022018761367;
-0,29250720576234;
-0,323691005509563;
-0,315707490775904;
-0,307826131320095;
-0,314928234502497;
-0,31502571468119;
-0,313201636909173;
-0,317216479505929;
-0,319394998430276;
-0,318224656730161;
-0,318492353810432;
-0,318959720382651;
-0,317764757003606;
-0,317693490833875;
-0,318651415333415;
-0,318932818809783;
-0,3193582790929;
-0,320084804788749;
-0,32193210273991;
-0,323263933195391;
-0,320467614038;
-0,235936909604279;
-0,0384781197723468;
0,0577228156910084;
-0,00380777984772692;
-0,019982519426128;
-0,0721380496133261;
-0,278131032219671;
-0,383437004959466;
-0,316896529535149;
-0,301550973570027;
-0,250407549476191;
-0,0413006678006751;
0,0638731937383969;
-0,00535285606184816;
-0,0215258869724956;
-0,070628084223536;
-0,276069298731117;
-0,379139793065391;
-0,310358327245366;
-0,293704969978245;
-0,243101662057291;
-0,0394885841685558;
0,06190705478153;
-0,00539353565751913;
-0,0207751284141915;
-0,0702122634998704;
-0,274710571176098;
-0,37802477517321;
-0,308117201543852;
-0,289351293109941;
-0,241306849137724;
-0,0406680785800255;
0,0617269101958572;
-0,00489309644297612;
-0,0209216172800763;
-0,0679921183261097;
-0,26540495826943;
-0,362872429819343;
-0,29216978704963;
-0,274171730944689;
-0,309585227975069;
-0,308085073069842;
-0,298602660331661;
-0,297665958429775;
-0,295704501968539;
-0,301795766631314;
-0,317616656052292;
-0,325611427239052;
-0,3251300023821;
-0,327119736105085;
-0,326445499083418;
-0,320314539068201;
-0,319635164100189;
-0,326054099720452;
-0,328955136705883;
-0,331432756269944;
-0,339143637584617;
-0,34019587931569;
-0,334048303087699;
-0,332532086205843;
-0,248454716811728;
-0,0406890805762592;
0,0610848207483132;
-0,00411119282643946;
-0,0211009563666108;
-0,0703619548717043;
-0,27567230232925;
-0,384225217898604;
-0,319225133788567;
-0,301596588122159;
-0,332607022683193;
-0,321990789450507;
-0,30974332189411;
-0,314511327071519;
-0,316346426866434;
-0,318466099658526;
-0,32322534214725;
-0,321770231850754;
-0,315136117332115;
-0,31087483857276;
-0,313721387006953;
-0,321540911926881;
-0,322981907041736;
-0,315414274370582;
-0,310298034921592;
-0,310277772453413;
-0,309627427093478;
-0,308119700002491;
-0,307399387022443;
-0,30723322427774;
-0,307074903842968;
-0,30829621829516;
-0,312795163624234;
-0,317375836033058;
-0,317877456936435;
-0,234941483947759;
-0,0377481410571594;
0,057551196903573;
-0,00407264981028138;
-0,0197983349524485;
-0,0703509940185804;
-0,272796009714475;
-0,377166243369753;
-0,311294271466951;
-0,295012512080419;
-0,246265837140229;
-0,0417623074123417;
0,0629968973648197;
-0,00488547563277438;
-0,0214000784010778;
-0,0694058226340736;
-0,272149805578315;
-0,375573948352235;
-0,307442736963609;
-0,289820817066758;
-0,241834628782508;
-0,040861971370576;
0,0618526560556612;
-0,00485418804571514;
-0,0209861991305386;
-0,0702991709058379;
-0,273441320765746;
-0,375870572231419;
-0,309640253719595;
-0,29553656448424;
-0,245667586179522;
-0,0404429467049831;
0,0626083688647685;
-0,00525137037223279;
-0,0210992692020408;
-0,0698423372986829;
-0,272976354656025;
-0,376184158217158;
-0,310590593353898;
-0,296904795487093;
-0,247940555281161;
-0,041652247063041;
0,0633071926717055;
-0,0050167306852382;
-0,0214613873009367;
-0,0690032311287418;
-0,27161192507962;
-0,376223286121458;
-0,308932629035717;
-0,289611027567586;
-0,240146015224351;
-0,0403515878043182;
0,061320118314998;
-0,00485712313575398;
-0,0207886205400053;
-0,0702408706272337;
-0,273150429479307;
-0,37593306763955;
-0,309965375595514;
-0,295621172107357;
-0,246654198897157;
-0,0415130311409128;
0,0629569886613015;
-0,00494571652097145;
-0,0213625055100906;
-0,0709209478082015;
-0,276995686212702;
-0,381140866776526;
-0,311336381466327;
-0,293686902759351;
-0,244766615041658;
-0,0408949944162971;
0,0625576553087821;
-0,00508215076775906;
-0,0211501102573173;
-0,0712614692789271;
-0,278057130297684;
-0,383454353627862;
-0,315414580224832;
-0,298435873105104;
-0,331142525984999;
-0,325606974856037;
-0,319365786639806;
-0,324920349707966;
-0,323576105389342;
-0,321827410248649;
-0,323734042101923;
-0,321298364481208;
-0,315867177683622;
-0,312771576707191;
-0,311388162823864;
-0,311508691673564;
-0,313357318195591;
-0,314810597547776;
-0,314580834901419;
-0,314451175748859;
-0,316595374040599;
-0,31867132146817;
-0,318536075171114;
-0,31705329559037;
-0,314164270917658;
-0,314363661687291;
-0,320913620786287;
-0,323781753474507;
-0,318740664855154;
-0,234561630387457;
-0,0385755983619766;
0,0575251836401069;
-0,00373000783162732;
-0,019938566170827;
0,00984410852760064;
0,00293739974058582;
-0,00472521747563078;
0,000934433742224144;
0,00128827502183763;
-0,080203772409581;
-0,273242346390107;
-0,370537087656797;
-0,313562514719436;
-0,297195497328488;
-0,243653830351026;
-0,0404966629837454;
0,0619931628216434;
-0,00498696057046316;
-0,0209893872354636;
-0,0683204314357873;
-0,267690591844838;
-0,369768942187152;
-0,305678951803831;
-0,292566218695957;
-0,245256641215281;
-0,0417326277407956;
0,062730006976163;
-0,00480074912748132;
-0,0213380859475911;
-0,0726926792007719;
-0,283596892947567;
-0,390854503939724;
-0,318620679961769;
-0,299612742840521;
-0,333351654362741;
-0,325583701042367;
-0,320686345251886;
-0,335302736751479;
-0,341521574679275;
-0,33900503728974;
-0,334659592545046;
-0,32831366776121;
-0,323789796278722;
-0,32325373638617;
-0,240427840556692;
-0,0388208971511507;
0,0590465478031323;
-0,00417448560597253;
-0,0203098776434585;
-0,0718532545419923;
-0,278293521123187;
-0,383366496477053;
-0,315253865657028;
-0,301233905898948;
-0,253749371467222;
-0,0432986467265076;
0,0650852795373669;
-0,00502166412714234;
-0,0221158257785095;
-0,0676101065013777;
-0,267059020232612;
-0,37036970139669;
-0,306422615420734;
-0,288829880804682;
-0,314182149263162;
-0,303511611257285;
-0,29912144849548;
-0,310766384965156;
-0,314682562506772;
-0,31423385945341;
-0,315306089451697;
-0,313087805765937;
-0,310836387260642;
-0,315488932266132;
-0,321342125666549;
-0,322008301557998;
-0,321355005140898;
-0,320964797707076;
-0,319640414040779;
-0,319884922516705;
-0,322002263573068;
-0,323338901942233;
-0,322664115116852;
-0,320206624200688;
-0,316502891620402;
-0,313207597227666;
-0,312717475481515;
-0,313077723865953;
-0,311239121119507;
-0,30918094130807;
-0,307893863281183;
-0,30731895980518;
-0,308623187315811;
-0,309502514563083;
-0,308351739546431;
-0,307223103103581;
-0,30842024563711;
-0,31150039679935;
-0,313687471463347;
-0,314963098895142;
-0,316126011503444;
-0,315232639977684;
-0,311234311119457;
-0,308004504157453;
-0,310068843782684;
-0,314745620847015;
-0,317284668084034;
-0,317885767554958;
-0,317412026622435;
-0,316065865503418;
-0,313731497058641;
-0,310671098142794;
-0,310361803462351;
-0,312715301401211;
-0,312898343139192;
-0,310233603911671;
-0,308817860893408;
-0,310341017463569;
-0,311479139645724;
-0,312360726669704;
-0,314406635333486;
-0,314765590485277;
-0,313081289287504;
-0,309882295313673;
-0,306914934311937;
-0,307704045337929;
-0,311095157247814;
-0,313096085759713;
-0,312457849908763;
-0,312371599955113;
-0,31483605598276;
-0,318331323108579;
-0,319105345709126;
-0,31550877451038;
-0,312592426277956;
-0,31068419241763;
-0,306349820524819;
-0,30314058591325;
-0,302616321739989;
-0,302195733382834;
-0,301397627562237;
-0,301030270011111;
-0,301179235552128;
-0,300352242669136;
-0,298090271617292;
-0,296866712190156;
-0,298040461461734;
-0,299950838995514;
-0,303675158850134;
-0,305169711538196;
-0,29916299520916;
-0,295831345691723;
-0,299858934800955;
-0,304530711708306;
-0,228831419207583;
-0,0379017275819204;
0,0564439875126191;
-0,0037127226330374;
-0,0195304464269346;
0,00966210295363635;
0,00286934800241749;
-0,00463214367442796;
0,000919657525012629;
0,00126137825409314;
-0,0876045383118278;
-0,297341413812907;
-0,399010381658666;
-0,329982632264409;
-0,307328667692439;
-0,252672385821952;
-0,0425433417918189;
0,0644126956703487;
-0,00501263061760161;
-0,0218798747025635;
-0,0727459699662031;
-0,283921575307885;
-0,391209997331371;
-0,321223623967889;
-0,302364141051407;
-0,328779452321479;
-0,312567472046203;
-0,299504552411016;
-0,303630011690721;
-0,302574646631488;
-0,222706042336987;
-0,0363736318527105;
0,0545617701829792;
-0,00361560329190068;
-0,0188786403205695;
-0,0670644250760811;
-0,259676335612358;
-0,358593942913392;
-0,296057337204164;
-0,281707300304854;
-0,234399467839074;
-0,03858502668546;
0,0598779029208827;
-0,00509324530258457;
-0,0201434659909327;
-0,0686291372861456;
-0,268459101178275;
-0,370387481811861;
-0,304008134626153;
-0,287847817815056;
-0,31912224311732;
-0,310885539549299;
-0,305005275323529;
-0,314315678431932;
-0,315319477767983;
-0,232251144941566;
-0,0378394389581577;
0,0569053508539064;
-0,00381279167668893;
-0,0196707862791381;
-0,071611242461146;
-0,275916179259197;
-0,379670638857012;
-0,310751116206954;
-0,292055487688754;
-0,243199634410053;
-0,0410935737225337;
0,0621704088344852;
-0,00486307490939374;
-0,0211020547070977;
-0,0701993905240881;
-0,272963429122999;
-0,374519769961241;
-0,307412498099674;
-0,292636354650302;
-0,323079081672146;
-0,313368299188481;
-0,305867569053661;
-0,313520217080109;
-0,313550223595606;
-0,230093819595061;
-0,0374137914446174;
0,0562146428954946;
-0,00371507111602768;
-0,0194598256543056;
-0,0692890572626293;
-0,267895258977991;
-0,369202905385695;
-0,302650154984256;
-0,2864031606623;
-0,321426736583276;
-0,318442433256428;
-0,312234819230052;
-0,319558622492625;
-0,321645632228558;
-0,238087034766044;
-0,0392695479711065;
0,0583374433887983;
-0,00370770759363616;
-0,0202549719688196;
-0,0737668584902123;
-0,283118859098882;
-0,387664798826165;
-0,315396849851957;
-0,295146407566233;
-0,319263083678561;
-0,298020809364479;
-0,284769541328411;
-0,295629942737507;
-0,298890211929457;
-0,296905649799149;
-0,298009158518214;
-0,296630045768651;
-0,292822755997253;
-0,291698111554601;
-0,294485567165944;
-0,297783521670566;
-0,300491107664226;
-0,303260729667733;
-0,303956695898478;
-0,301277772578573;
-0,294863311473932;
-0,285214217762519;
-0,277943374493457;
-0,281333804021613;
-0,292724801600358;
-0,296356600792964;
-0,286457768184087;
-0,277077205330642;
-0,281225210439573;
-0,297991083137554;
-0,315286756550671;
-0,319826300256304;
-0,31809348125087;
-0,322321046589302;
-0,242419670163693;
-0,0390124701513977;
0,0596781684145136;
-0,00434614510634513;
-0,0204664131864411;
-0,072447393295334;
-0,279772316390341;
-0,383727511438905;
-0,312647656900837;
-0,29273330289776;
-0,320970925219384;
-0,307679105182363;
-0,293726720638085;
-0,298223121807993;
-0,301994261510898;
-0,224157166806409;
-0,0360694945255306;
0,0549969639463179;
-0,00391340165643615;
-0,0189074202204196;
-0,0672916948378144;
-0,260566893364153;
-0,358735102614768;
-0,293125459818392;
-0,276750895341317;
-0,232655719828795;
-0,0400751987645376;
0,0596922056797205;
-0,00445568624048419;
-0,0203492736572855;
-0,0704467024536817;
-0,274494034614426;
-0,380348657534502;
-0,315086611793882;
-0,298191235663589;
-0,246745063506159;
-0,0407939107476191;
0,0629130725682331;
-0,00521856661431923;
-0,0212269666305751;
-0,0671024210080454;
-0,263278075518483;
-0,362309878564239;
-0,298914489015549;
-0,288057423748427;
-0,2419431094617;
-0,0407373734627567;
0,0618526655681876;
-0,00490064015809158;
-0,0209664036189554;
-0,068864001333033;
-0,269743579427897;
-0,371774434736762;
-0,303875676974049;
-0,286169271013446;
-0,317638344483853;
-0,310748283772496;
-0,301398428850868;
-0,303429509498836;
-0,299547694802372;
-0,219475960291841;
-0,0360762831725181;
0,0536570621624996;
-0,00340063167439628;
-0,0186378764329617;
-0,0680428929151782;
-0,261938053420073;
-0,362424757953662;
-0,304017798612678;
-0,29614688796126;
-0,24919642906378;
-0,0423069915267198;
0,063764465483626;
-0,00493382212484593;
-0,0216652569277209;
-0,0738388473468269;
-0,288654619667295;
-0,400699554021439;
-0,332411551228333;
-0,315786284751386;
-0,264045673779044;
-0,045430827391571;
0,0675735070585494;
-0,00497899033107708;
-0,023069925086429;
-0,0752776615890084;
-0,291510076038134;
-0,396373783711375;
-0,321768055379943;
-0,310139332511998;
-0,261813892769603;
-0,0434589303105908;
0,0670107234251167;
-0,00561149256455462;
-0,0225784566737444;
-0,0651954579845962;
-0,259364546010004;
-0,360012554406232;
-0,298768269768793;
-0,282933134027541;
-0,233738757141551;
-0,0394414963323027;
0,0594255997112909;
-0,00450810594226542;
-0,0202422396322252;
-0,0669273797924402;
-0,262548586749871;
-0,362499565234592;
-0,297350543480143;
-0,285142048967099;
-0,241467991193209;
-0,0409807469495806;
0,0620990652043476;
-0,00496696807416677;
-0,0210183433784614;
-0,0718150551843097;
-0,278505301418435;
-0,380256698141743;
-0,307568655521657;
-0,290347626479426;
-0,326175417956278;
-0,323420398597174;
-0,31747035891427;
-0,323719427585111;
-0,324705769137805;
-0,321976739643524;
-0,323364425081319;
-0,327140200261253;
-0,329923387561681;
-0,33351455987986;
-0,333708869065036;
-0,326389789266807;
-0,323744356338172;
-0,329947060394397;
-0,334762898304582;
-0,355562454811077;
-0,407006014190793;
-0,443129429262729;
-0,441371671394898;
-0,439276546809567;
-0,435210622631618;
-0,418938589135702;
-0,423327296157828;
-0,44328528779144;
-0,445852442162993;
-0,422878127698692;
-0,369341928978187;
-0,305039436038474;
-0,259649343806356;
-0,228154932299867;
-0,152461814922414;
-0,0201327521190493;
0,036208424693336;
-0,00382605712343573;
-0,0119302710599517;
-0,00856076217874014;
-0,0534459195944142;
-0,0815514072049527;
-0,0604948652174587;
-0,0388545868926795;
-0,0305286651041328;
-0,022219783359086;
-0,0166762711755716;
-0,00504756261021371;
0,0166398380515631;
0,0319760617786102;
0,0371098698656652;
0,0435965956511701;
0,0494782933537694;
0,0407686240387818;
0,0286644683073207;
0,0334270962430052;
0,0460274282567704;
0,049814898042908;
0,0397563584383774;
0,040589853932312;
0,073493574662491;
0,0984031997275074;
0,0953931055190613;
0,096328872197473;
0,0771833405145157;
0,0134291233096021;
-0,0194164907447388;
0,00119854624596839;
0,00674175233226539;
0,0153567721158362;
0,062099288516081;
0,0833594170075238;
0,061644234054565;
0,0526384125315777;
0,0430142145219291;
0,00664073621036886;
-0,0109831252529288;
0,0011173470502647;
0,00361370689121999;
0,0112020407327326;
0,0451221097875073;
0,0623608413929795;
0,0473040553986213;
0,0384722777627293;
0,0320931374933918;
0,00649215916583102;
-0,00834748543501905;
0,000273443267913908;
0,00299752809023894;
0,0118907434541647;
0,0436049643754502;
0,057131654298646;
0,0433652776394398;
0,0407944795627416;
0,0368796251410214;
0,00761315546049287;
-0,00965445253672116;
0,000285589897823766;
0,00347866936626937;
0,0165270055448551;
0,0605149824097157;
0,0794164608424264;
0,0585166652215103;
0,0522129858503661;
0,0469335988954847;
0,00948527447820811;
-0,012372539745912;
0,000498933491510858;
0,00439657765324962;
0,0168285736759386;
0,0616980451726995;
0,0786487640148792;
0,0543039532579975;
0,0452265347154079;
0,0522690632111439;
0,0521642858802552;
0,0522586904957962;
0,0550352317266778;
0,0514070466117686;
0,0330368824616552;
0,00414926507691216;
-0,00761951956978817;
0,000788304019317956;
0,00252518148865303;
0,00807900455997934;
0,0311566114874838;
0,0411751293320636;
0,0341270971826075;
0,0399624539170851;
0,0390184847066599;
0,00786111384826095;
-0,0103706221622135;
0,000473994508929162;
0,00365802629038016;
0,00589349374512132;
0,0235528421300749;
0,028937658170158;
0,0206542375067925;
0,0250557161058362;
0,0344715751761402;
0,0352830302685224;
0,0331984531775237;
0,0332471429345118;
0,035965728388916;
0,0376922678492439;
0,0362989394671564;
0,0347165334494358;
0,0342857313919585;
0,0373815892637949;
0,0422790036861172;
0,0399111090540623;
0,0326086409827879;
0,0319330301279192;
0,0364459314928726;
0,0376262030183139;
0,0374473398656687;
0,0391352228079421;
0,0406946038586307;
0,0422759248307679;
0,0316719958257948;
0,00443669134366835;
-0,00780906196257251;
0,000853322238554464;
0,0025514155595995;
0,00676123634256521;
0,0272922346152478;
0,0374210167972581;
0,0298753081624852;
0,0272505144864925;
0,0305783620114423;
0,0302206628060362;
0,0291869482897923;
0,0311898598155616;
0,0318070774305268;
0,0284374340759;
0,0253834340796536;
0,0261649651941008;
0,0317235867574807;
0,0377189905530606;
0,0286236058722481;
0,00377790390310838;
-0,00693712022848179;
0,000799486074769139;
0,00225180615672418;
0,00537102900074082;
0,0232688102983759;
0,0343564585492494;
0,0298285564788553;
0,0256916903424773;
0,0243001835549463;
0,0212697357742506;
0,0199969129204324;
0,0242208447543363;
0,0301582723807758;
0,0311994620032672;
0,0293930929118165;
0,0273572210128213;
0,0247194633880824;
0,0240348467620806;
0,0251867803153529;
0,0253197698132099;
0,025391566028106;
0,0271579859978242;
0,027386438871318;
0,0250157421903317;
0,0246829905680094;
0,0262384888782131;
0,0261475725360855;
0,0251706630278396;
0,0238035883737633;
0,0216697551856801;
0,0207731820779624;
0,0208877462439116;
0,0207240152292438;
0,0155674239013879;
0,00272140722724526;
-0,00386231634495821;
0,000205228246324218;
0,00135740124536927;
0,0020758851746129;
0,0106686286675165;
0,0184659378798972;
0,0187681941484984;
0,018616057534678;
0,0185765003611003;
0,0143027500344196;
0,0140193803415326;
0,0188731629941851;
0,020226374654008;
0,0208324733239875;
0,0218496590090864;
0,0193938980469309;
0,0174315719546974;
0,0185392423284261;
0,014380916734421;
0,00218586622125403;
-0,00354130347519843;
0,000312607943861783;
0,00119016774014717;
0,00400650048089149;
0,0155305646545736;
0,0212682148819448;
0,0170611562035786;
0,0149153906484641;
0,0117406529494617;
0,00193483172866929;
-0,0029412292215318;
0,000220743419201816;
0,00100422466632099;
0,00313087327035995;
0,0135792315518795;
0,0222098706770907;
0,0223295659038239;
0,0209173381520075;
0,016068360700132;
0,00300655867309003;
-0,00401386907909436;
0,000144236081914004;
0,0014404781364319;
0,00414780873373897;
0,0164349109989159;
0,0230560628372447;
0,0189171458181805;
0,0174611791198419;
0,0193609838957933;
0,0192212266137758;
0,0189902694555829;
0,0192323949637656;
0,0188372416595216;
0,0183175997847442;
0,017484725963592;
0,0169210470183266;
0,018473768711797;
0,0211081578212396;
0,0210185558128659;
0,0177390472857929;
0,0162285105403123;
0,0186142030316343;
0,0213048787703065;
0,0222019894650562;
0,0224378364961317;
0,0230733818325351;
0,0244069379987411;
0,0258961937221067;
0,0264925372784128;
0,0262134660665402;
0,0250983045637174;
0,0237562172636954;
0,0245151924606777;
0,0263054357389592;
0,0264544686476757;
0,026778076084826;
0,0287955165838259;
0,0310457538745607;
0,0239380480784419;
0,00392660387074739;
-0,00594115385529067;
0,000425638157542281;
0,00203914921027512;
0,00645787219656477;
0,0247437159397236;
0,0325254725348852;
0,0247293979552749;
0,0241808974856271;
0,0218749105960804;
0,00402366270017144;
-0,00572842886420344;
0,000378055453595327;
0,00197142708522626;
0,00520350500963983;
0,0218923172458293;
0,0325089130764713;
0,0286310447161969;
0,0260636039863225;
0,0265293259879721;
0,0244881718608245;
0,0232779900488053;
0,0238076623515923;
0,0237665930493211;
0,0242622753861204;
0,0259395025320234;
0,0260504504710415;
0,0242474613958667;
0,0236259079438214;
0,0250055083243334;
0,0255136953205099;
0,0237325616156043;
0,0231514553445015;
0,0246015770991706;
0,0234355854767785;
0,0209422903951298;
0,0208942388212803;
0,0215844983068495;
0,022648238794586;
0,024850677096404;
0,0260712676530838;
0,0247542004166628;
0,0226018469696657;
0,0221513692536029;
0,0229699885152601;
0,0227459000707329;
0,020955831683104;
0,0195128639500934;
0,0205018734894259;
0,0220517007267408;
0,0202252695478549;
0,0171673284340683;
0,0175456701537281;
0,0189708007651393;
0,0188036674791414;
0,0185443255181946;
0,0166770775581367;
0,0132006789710859;
0,012638085437033;
0,0111314023783044;
0,00255486887142352;
-0,00292964115926422;
-1,31701929759937E-5;
0,00109945501033061;
0,0033934508867677;
0,0134006628749798;
0,0195466844613871;
0,0172941841689802;
0,0160032569810668;
0,0160823135320577;
0,0153123435417976;
0,0162665728996041;
0,0176669274406786;
0,0170639806957138;
0,0175046781402407;
0,0208443057614831;
0,0194075369810618;
0,0117311819670237;
0,00902186713385358;
0,00913733251146862;
0,00238151470073216;
-0,00256898628688659;
-3,59756338727631E-5;
0,000970259041530887;
0,00659361568706134;
0,0250324213695042;
0,0365643459066832;
0,0320067084403086;
0,026430330986794;
0,0168248341898458;
0,000844525616552545;
-0,00391277792486752;
0,000955212346130822;
0,00105142731876704;
0,00518505501350855;
0,0179775070381636;
0,0178453600855725;
0,00581683558047734;
0,00372189802103154;
0,00543313840925839;
0,00079991900432886;
-0,00156726439811343;
0,000261422369731733;
0,000465115009735411;
-0,00353655716909006;
-0,0136783201637559;
-0,030171544636067;
-0,0471971373153604;
-0,0507292683054453;
-0,0308895997349399;
-0,00225828969527153;
0,00666613286564081;
-0,00115644558672014;
-0,00201700578114107;
-0,0082418006022236;
-0,0316012455669212;
-0,0415370293702346;
-0,0323101653332215;
-0,0285237146907834;
-0,0261227340037571;
-0,0218472443822955;
-0,0289753178909353;
-0,0396422555486384;
-0,0382460899820996;
-0,0309995924862841;
-0,0276125132579808;
-0,0252854672786385;
-0,0257681221189816;
-0,0329813042980193;
-0,0380283584827501;
-0,0314181408228845;
-0,0226628900714254;
-0,0252811154418572;
-0,0341543470730765;
-0,0349600491900134;
-0,0261828080391209;
-0,0269601144568558;
-0,0391536101984723;
-0,040498340867684;
-0,0299092871305467;
-0,0230697716061375;
-0,0289935084275085;
-0,0395772351913717;
-0,0395714034610323;
-0,0320956879092576;
-0,0248092826368342;
-0,0148408738731427;
-8,10510123605881E-5;
0,0135523165552164;
0,00839879394439823;
-0,0220228288097474;
-0,0549143326825386;
-0,0732377097169835;
-0,0856353205021178;
-0,0968271597270901;
-0,0938755582144143;
-0,0816458383627979;
-0,0780923504450059;
-0,0764199260087046;
-0,0767499865440852;
-0,0863248905129399;
-0,0878407813508408;
-0,0788314415156547;
-0,0738054276967382;
-0,0710595555797687;
-0,0683875746088474;
-0,0749934690112344;
-0,0941491952696802;
-0,116805276327168;
-0,0990549457078375;
-0,019491500983543;
0,0251709198503678;
-0,000731892605704667;
-0,00909697228421784;
-0,0506008455667522;
-0,189603980487957;
-0,268917714831091;
-0,237924999650917;
-0,243797674818109;
-0,215080442247722;
-0,0422625072322947;
0,0559676209991115;
-0,00237256619996644;
-0,0198576139605902;
-0,0723246579673116;
-0,275067567988076;
-0,375568052428177;
-0,314017275681893;
-0,321366556275117;
-0,376160639800321;
-0,380226691071101;
-0,38055797914626;
-0,397285669955113;
-0,424128011519563;
-0,460772174754328;
-0,491006854016577;
-0,508053220248879;
-0,516218897151352;
-0,51708716965402;
-0,51534976271589;
-0,509693266447448;
-0,494918812991969;
-0,464202768928423;
-0,430336940688263;
-0,42318378185301;
-0,440676120905282;
-0,500517424829558;
-0,5762017629038;
-0,574126212393416;
-0,500954775475145;
-0,441171145730258;
-0,485067055667353;
-0,580533255027337;
-0,578114796687281;
-0,500172904054272;
-0,42517534776217;
-0,390046248525445;
-0,400304619222023;
-0,398007446929257;
-0,280926527887439;
-0,0424565941806926;
0,0675538556517062;
-0,00527179435488391;
-0,0230600591396211;
-0,0933020856711697;
-0,355375939088048;
-0,486467677142009;
-0,401649817073375;
-0,383746608698597;
-0,424561659593921;
-0,416479864591511;
-0,409140250605885;
-0,41472321556066;
-0,410503643683723;
-0,401682999962575;
-0,396432022339506;
-0,39459247589308;
-0,394272873276906;
-0,391545807199114;
-0,369334498647384;
-0,345845543759326;
-0,373991369033995;
-0,409313101293398;
-0,394401137095417;
-0,374216276247274;
-0,37114746075287;
-0,370589505675016;
-0,369202438792524;
-0,3604692302891;
-0,349598694331252;
-0,345506342942408;
-0,341999729818699;
-0,332170337974303;
-0,323041218724524;
-0,321990912668781;
-0,321873298238193;
-0,311529151974383;
-0,295623679848051;
-0,283974661803884;
-0,275377491474681;
-0,270169657345658;
-0,270213023436187;
-0,270673193950715;
-0,268236167757739;
-0,197359159625994;
-0,031762771817409;
0,0482771486288128;
-0,00335962554428689;
-0,0166352077503163;
-0,0589243081635364;
-0,226242166094269;
-0,308393727888701;
-0,247137988600867;
-0,223624079756221;
-0,180833532521013;
-0,0290147439460871;
0,0457553853454615;
-0,00399339128603459;
-0,0153604317631252;
-0,0500929623829616;
-0,196496190608691;
-0,27050887085533;
-0,221724109690202;
-0,207900264348266;
-0,2294203298346;
-0,231753698898681;
-0,234151429437373;
-0,234978119976541;
-0,230472856092634;
-0,228904683846216;
-0,227696233288213;
-0,225655111128067;
-0,226647253992024;
-0,228273690599566;
-0,225886542548316;
-0,223025692523978;
-0,225702164875364;
-0,230453566423011;
-0,231949233800738;
-0,172462530262534;
-0,0282481674421438;
0,0423605586878762;
-0,00282835609959596;
-0,0146441995075788;
-0,0574869384517232;
-0,22058700565711;
-0,303265596290379;
-0,24533523927245;
-0,224809526120381
