0,98736263107052;
0,988717553667294;
0,988800691546013;
0,987691547072244;
0,986777759989144;
0,73344804149835;
0,11940951399844;
-0,180115312241561;
0,0123133730224014;
0,062140102419634;
0,221719017718647;
0,8553207471923;
1,17648449641173;
0,967399570261935;
0,918103865883413;
1,01731096239267;
0,9923412159752;
0,967654346258385;
0,987980496258063;
0,989633884645648;
0,98140188941366;
0,982681185087802;
0,983142082181413;
0,979287256754161;
0,978046999036667;
0,980864697857424;
0,983349841493203;
0,984387702083741;
0,985341696621557;
0,985405132983579;
0,98451566966043;
0,984901595956589;
0,986446057732571;
0,986147488729056;
0,984611704379185;
0,984392465495421;
0,985293371158856;
0,986645851579006;
0,987834020274796;
0,988079438809087;
0,986827311885585;
0,983961148306602;
0,981064848547043;
0,980832795531058;
0,983290606497671;
0,985472919230681;
0,986859029799919;
0,987587496194986;
0,986584945107988;
0,985131823283867;
0,983733688982904;
0,981383845150682;
0,979930529463278;
0,981196351106327;
0,9837042836305;
0,986148251217053;
0,987701253958966;
0,987342042799403;
0,986568592624279;
0,986734150288199;
0,986985037557667;
0,987770491395313;
0,988848497224317;
0,989056912239519;
0,989488350151534;
0,989921823409912;
0,989540622415445;
0,989569226271469;
0,989830229524282;
0,989281248273191;
0,987965352233951;
0,986087792213179;
0,984683982944217;
0,984353115963704;
0,984724430842231;
0,985402977420671;
0,985578965236538;
0,985452536300704;
0,985193547453404;
0,983959460791119;
0,982169393840407;
0,982012845287501;
0,983570650040435;
0,983418438391504;
0,980521529504398;
0,977701055219899;
0,977235146187535;
0,9789509034255;
0,981514796054732;
0,983775184102755;
0,985102958492078;
0,986139822881561;
0,987723700419033;
0,988367275958304;
0,987034126008165;
0,986361040422259;
0,987934263779446;
0,990333183079346;
0,992446955582464;
0,993403803960795;
0,991699407008505;
0,988585317563364;
0,989025025077333;
0,992626936053833;
0,993815023513094;
0,990926600344529;
0,986229045878611;
0,983474543184512;
0,982896156975503;
0,982680446165754;
0,730671329437083;
0,118980395698817;
-0,179485047695864;
0,0122868765419959;
0,0619137180136624;
0,221935159229005;
0,855935895101838;
1,17743094712946;
0,968196791291448;
0,919326829742681;
1,02004173045873;
0,996272881583426;
0,972459618171967;
0,991909618043281;
0,989508474435478;
0,726198413760787;
0,117453594378185;
-0,177603300917918;
0,012096453858943;
0,0613158959783356;
0,223854125979622;
0,861285201747243;
1,18360344291072;
0,971160808293365;
0,918631589658665;
1,01708906018013;
0,991015684006715;
0,965017802021301;
0,986185023254649;
0,989990906295348;
0,982713112597245;
0,983097933258467;
0,983206518255301;
0,981070404258207;
0,980354228247121;
0,980110051367043;
0,979418822244574;
0,979945455719439;
0,980621058095291;
0,978997208853262;
0,981454671503888;
0,98803756748247;
0,98493908851354;
0,977681314809834;
0,978102686632771;
0,981926236702773;
0,988261114162653;
0,993019673517219;
0,991525495327456;
0,989836084380117;
0,989730926766637;
0,989804249641918;
0,990999083363554;
0,991601604806377;
0,990557535399072;
0,988690466342065;
0,987242254153157;
0,988328612914651;
0,990189464540062;
0,989256108819425;
0,98745910802406;
0,987907169961349;
0,990685780927218;
0,995344985312739;
0,99779356737914;
0,992486532442686;
0,981207994004662;
0,970374124247295;
0,96448133117647;
0,966218989896783;
0,975540471667626;
0,987211917036291;
0,997144578514632;
1,00580032909487;
1,01068214031133;
1,0068217313684;
0,993645019083485;
0,977373277274518;
0,966682516362496;
0,9642911945867;
0,966533564548685;
0,971067953076284;
0,977691095774942;
0,981927961221049;
0,981090806071676;
0,728026205351866;
0,118315531452486;
-0,178695839167298;
0,0122606577011998;
0,0616334046747295;
0,22615643154845;
0,869504134370987;
1,1934260959195;
0,977340664125882;
0,925826290592186;
0,773489646883397;
0,130082834425192;
-0,197789527658725;
0,0157595463549519;
0,0670047082310702;
0,222357087556211;
0,866835497203706;
1,18795554389741;
0,96563913022574;
0,913837333056385;
0,765863812055902;
0,128674524979773;
-0,196033266967418;
0,0157690816231614;
0,0663377200040314;
0,219314756880747;
0,859839979190648;
1,19348690064391;
0,996413340545798;
0,952594104546299;
1,04544269827456;
1,00847100498957;
0,971523896136977;
0,976089569806936;
0,963943493024378;
0,952918598452851;
0,956166823977148;
0,956865845084973;
0,958049476414409;
0,968335926842467;
0,979642242464257;
0,983137305589363;
0,981276015497003;
0,977981624692965;
0,974073590360743;
0,973511408346433;
0,979903713806832;
0,989984425370484;
0,999518773199821;
1,00787602347744;
1,012262498238;
1,00955768776163;
1,00280808519642;
0,996872085047561;
0,993151911702266;
0,990969631757789;
0,990353425174521;
0,989612264017852;
0,987396353611623;
0,988693461191187;
0,99408025400354;
0,996287803994504;
0,994330638081579;
0,990713390833243;
0,985630596867448;
0,981622777352167;
0,980418921336214;
0,980079607848503;
0,979189835342302;
0,978769600435294;
0,727595256204664;
0,118207766729159;
-0,178697539468397;
0,0123313541945596;
0,0615993798148976;
0,225472050349196;
0,869345029114408;
1,19877950844102;
0,987293218777817;
0,929248261683681;
1,019594810049;
0,988307277065924;
0,962166702341148;
0,985350835249758;
0,992815391995367;
0,991097969347063;
0,994410027891669;
0,991579179924005;
0,983993874817533;
0,979390947721307;
0,978930293465276;
0,982662383890046;
0,988410147279707;
0,991604311765231;
0,991705029874706;
0,991403054874555;
0,992233219150198;
0,993490894010428;
0,992917883167416;
0,991448295056143;
0,991887275392417;
0,991799868076815;
0,987074854648627;
0,979339327675299;
0,976691586016795;
0,982673920474759;
0,990918788011252;
0,999388261300901;
1,00537840744139;
0,99993843341659;
0,985083850399157;
0,967593204961951;
0,952976922515127;
0,950151380628502;
0,959308384246771;
0,969162524302961;
0,97019918600517;
0,961149711866398;
0,948774860929061;
0,949185884718074;
0,96189106408528;
0,96196454318192;
0,951600479294717;
0,95936147730329;
0,987443895624726;
1,00503409580286;
0,990251101198584;
0,968473192065536;
0,968083217995762;
0,97239865359992;
0,975485055166523;
1,00133913598857;
1,04492997957789;
1,06826240166517;
1,0485952008323;
1,00779052540323;
0,979521348289318;
0,968195482340533;
0,969446379537511;
0,993596898763361;
1,03708162274206;
1,05392693507201;
1,018198329566;
0,971828293643882;
0,952484362988319;
0,953543813931287;
0,958824876499283;
0,965498089165938;
0,977078851966692;
0,986899366856167;
0,988342863443865;
0,983875908601295;
0,979082880424887;
0,981927499489281;
0,993112141419979;
1,00470037213426;
1,01013209131833;
1,0043018980576;
0,989497304793928;
0,976156896614624;
0,969918908253117;
0,969630297812215;
0,971814747738759;
0,974068892678816;
0,977507874625434;
0,982681722517859;
0,985331174382963;
0,982790214715801;
0,979492370227978;
0,978947113850657;
0,978412327940695;
0,976580607574372;
0,976592659916728;
0,976557293504092;
0,975091928098752;
0,726367470659643;
0,120098408732893;
-0,178562184222606;
0,01152489428375;
0,0619013721473963;
0,222807617120037;
0,85822462029677;
1,1814034776305;
0,972181047613213;
0,922106662816578;
0,767920628106248;
0,128335468065716;
-0,196119977078815;
0,0158463509688813;
0,066348778175609;
0,220911525678281;
0,861920066872896;
1,18414774228242;
0,96702801612167;
0,914949781106745;
0,764567952060911;
0,128545832654761;
-0,195490712692786;
0,0155831314014911;
0,066223460663581;
0,217970232385996;
0,852410676812573;
1,17476416146783;
0,965487356168146;
0,91631790892576;
0,762760922584606;
0,126793439324646;
-0,194719200815841;
0,015978651057377;
0,065768391873973;
0,217677667504691;
0,851384954045558;
1,17359214319373;
0,966158240274502;
0,920387394161348;
0,768725523112061;
0,12891940134881;
-0,196433168087348;
0,0157355286504109;
0,0665119753899148;
0,217572929368419;
0,852619514433016;
1,17736669005293;
0,968419904275464;
0,918392557198713;
1,02436383827946;
1,01180102193656;
0,993966615286381;
1,01308152476248;
1,00949312985252;
0,995881354036187;
0,991803449619938;
0,984607482697755;
0,9733238018023;
0,966526740003481;
0,972258891479819;
0,988666742785932;
0,989721145929134;
0,973024889834111;
0,964718995108953;
0,969596599272579;
0,979613849282149;
0,983156003530312;
0,975984332103624;
0,972091534119622;
0,724474645425098;
0,118474378849323;
-0,178194218818939;
0,012104045342468;
0,0615032880391123;
0,226943655952843;
0,868987963997994;
1,18449232066936;
0,960042790683938;
0,909986440181782;
1,01799994776768;
0,998321877797555;
0,977932827911308;
0,998005675463592;
0,994950370362385;
0,986102310209148;
0,986758090819084;
0,980749281735287;
0,972944892755499;
0,972279235334908;
0,976497407025838;
0,983595564277607;
0,982727516633206;
0,973677617647158;
0,971199924479317;
0,96976884377238;
0,964136288545079;
0,969824313408153;
0,988598962714064;
1,00672853396596;
0,756630102834293;
0,125192386267433;
-0,186356992303741;
0,0121720970804822;
0,0645287527030518;
0,216846510433435;
0,840072485230815;
1,15386852069624;
0,945792821987807;
0,902507335234224;
1,00601214918867;
0,977302653233635;
0,944798438453412;
0,964166793833634;
0,97235850781978;
0,97316128590583;
0,982438067279778;
0,988373691299468;
0,989222103422267;
0,990128683274097;
0,989540614667036;
0,986674323651597;
0,984668249607552;
0,986864450195577;
0,990963633282652;
0,99289615029644;
0,994099243205357;
0,994899266608198;
0,993836897667006;
0,990595070023233;
0,988682514900474;
0,992813187540099;
0,996216489717285;
0,993856200760106;
0,990100741227923;
0,985169080804027;
0,981703859433145;
0,98442752188235;
0,988248295333472;
0,988193976661965;
0,988734241724983;
0,992291663629475;
0,994702084091341;
0,994429952052266;
0,992476242880268;
0,988659136946205;
0,985115722468805;
0,983455367776928;
0,982281316847319;
0,981977063679467;
0,98247478063393;
0,982538717730716;
0,983124439540619;
0,983923132791341;
0,983462347123484;
0,983185983309293;
0,984639640363378;
0,986687276663789;
0,988153764832933;
0,988855081710834;
0,987653705756634;
0,985208903249176;
0,985566292792607;
0,988309214011306;
0,989206118696876;
0,985378674986752;
0,976313575678452;
0,969718307783135;
0,970931163366597;
0,97333501624448;
0,72319482368132;
0,117279551462613;
-0,177489467912533;
0,0122732477039072;
0,061175628254279;
0,224497052215872;
0,863362537224312;
1,18582615958454;
0,972070287743343;
0,919027991576341;
0,765747648596429;
0,128448286491345;
-0,195628411471195;
0,0156373467701346;
0,0662557364965168;
-0,0338277875050704;
-0,00929938115237942;
0,015906087445749;
-0,00335486878072888;
-0,00424888600433304;
0,258813628544679;
0,875807859589276;
1,17445300065178;
0,977256235867222;
0,925195946106278;
1,02160940038553;
0,998451107266471;
0,966023696365081;
0,971377910947765;
0,95704921318698;
0,94994321506705;
0,978557907626259;
0,992267327219523;
0,968654325849104;
0,948672085438417;
0,941293498640553;
0,936963120853258;
0,941206591037642;
0,947898778859842;
0,957732008661006;
0,722461334579786;
0,120986118023601;
-0,178503991377825;
0,011336783400323;
0,0619354368043372;
0,223067877969081;
0,868749617089155;
1,21932800305141;
1,02618681640783;
0,960779412283897;
1,03664694154973;
1,00714946065621;
1,00576953789653;
1,04528390240621;
1,03204046635655;
1,00216153414866;
0,999640215366125;
1,01461623321522;
1,02386522583332;
0,993032146886122;
0,701663747133378;
0,104275536449574;
-0,168831780905267;
0,0139727451340325;
0,0572749993230665;
0,225073982576298;
0,866068796826605;
1,19342952812639;
0,980557871190895;
0,918594256987342;
0,760829595549163;
0,127683534681852;
-0,19423291605334;
0,0154312454669546;
0,0658291580406473;
0,214317796365838;
0,841333352611724;
1,16545601023332;
0,966109935680785;
0,922217479683389;
1,01682258493376;
0,979560310593615;
0,953256359306499;
0,985119031021136;
0,992965928267357;
0,732021199879432;
0,119367380080097;
-0,179273015246835;
0,0119252638442472;
0,0620112368249537;
0,219635887042607;
0,846814247798405;
1,16305533457292;
0,953562594876382;
0,905230961671675;
1,00671426708295;
0,984782698136451;
0,961561687138054;
0,982799711111422;
0,986273680154146;
0,727409508118973;
0,118035866781224;
-0,178158356544836;
0,0121030782364141;
0,0615134070667676;
0,220005041615161;
0,849216054317837;
1,1701816670339;
0,965476476036676;
0,918672095035906;
0,765710353335301;
0,128112984460256;
-0,195571589887623;
0,0157480727236614;
0,0661867309586968;
0,219886587612007;
0,85756754889596;
1,17731645030459;
0,960523619354142;
0,906541439364424;
0,754437667239153;
0,12530630334441;
-0,192606700009175;
0,0158550609537518;
0,0650324292556273;
0,219196116519558;
0,855577273835361;
1,17861767577384;
0,968569931163;
0,92021489850581;
0,76879514137264;
0,129459135628025;
-0,196529157201552;
0,0155593652126829;
0,0666237654819872;
0,219469870466048;
0,859453421170614;
1,18803026274216;
0,98113503130148;
0,933675493373391;
1,03143832182277;
0,999034280130671;
0,97334248528903;
1,00047653814376;
1,00520529922828;
0,988917582405784;
0,973047360559997;
0,973663831474312;
0,99150370659562;
1,00244454812612;
0,745931996371161;
0,121626498428705;
-0,18312046865303;
0,0124101636068228;
0,0632269569287612;
0,216280369074582;
0,840417478116073;
1,16251211657738;
0,961216650239246;
0,911061692760081;
1,00458855862499;
0,976439253787977;
0,954322706832231;
0,979640218485912;
0,980580809188359;
0,973552460206855;
0,9816523026901;
0,981628890509968;
0,971173025787344;
0,971744414858482;
0,983008116284573;
0,986011798795882;
0,97787972018969;
0,970966092527985;
0,973199789022886;
0,993992166415545;
1,02311809877558;
1,02213923239932;
0,99268926058417;
0,970889597063838;
0,963238648429432;
0,963453745875477;
0,974056459738652;
0,992597938688856;
1,00673499659873;
1,00544638305896;
0,992471937939788;
0,977080750683222;
0,960100397056793;
0,944585547122893;
0,697589866771914;
0,113887700836478;
-0,171126375606124;
0,01147233994125;
0,0591450265639015;
0,217086761927723;
0,834936467795638;
1,15048018253829;
0,953225937058697;
0,912119359331792;
0,761044316429634;
0,127422866579731;
-0,194341661825526;
0,0155918761708552;
0,0657969779409264;
0,220500243041135;
0,861620476177421;
1,19057822258578;
0,983145709687942;
0,931208383118588;
1,0261942634437;
0,999977941072942;
0,978284805832299;
1,00164503078765;
1,00267533014603;
0,737027184495787;
0,11924569193688;
-0,18029270764781;
0,012283375003894;
0,0622414643057756;
0,225462355520941;
0,87102699247597;
1,20375115168101;
0,99448759623881;
0,938193039205877;
1,02814709655694;
0,990357865876975;
0,95815808115707;
0,978697249809714;
0,98109172403417;
0,723886148861552;
0,118613035222094;
-0,177403664393297;
0,0116223525588817;
0,061440089045676;
0,219674474207991;
0,84830443852106;
1,17252935104709;
0,972710086637308;
0,926196838707981;
0,769975939501985;
0,128859673479457;
-0,196469087731841;
0,0157110603793708;
0,0665446124223577;
0,219683416454266;
0,857441873273506;
1,17704682716947;
0,95897170912502;
0,905221540575245;
0,755508649645967;
0,126445550101878;
-0,193108572937264;
0,0156039494687518;
0,0653249280380419;
0,216229029226963;
0,845937224688854;
1,16794827718292;
0,964519292307629;
0,921150973718401;
1,0266092511235;
1,0071303967841;
0,980835512802137;
0,992286942524373;
0,985303389101054;
0,974349272782915;
0,977249623891532;
0,982094293639484;
0,98659451653524;
0,994178381115761;
0,999892615307437;
0,998975468613218;
0,994127361546834;
0,988868084683025;
0,984293690676089;
0,982619734878655;
0,983522033989095;
0,981408706918842;
0,976618568668339;
0,97904810544574;
0,989037074939925;
0,992975430081507;
0,984846646931225;
0,973578537931067;
0,970148862317467;
0,975614030668997;
0,978899688927271;
0,96988866324669;
0,954720167819522;
0,944871307975269;
0,951204776157006;
0,972864271897982;
0,976403639634119;
0,954879293740787;
0,942371298682057;
0,947917297110562;
0,964673683899949;
0,98192191461376;
0,987950915558304;
0,985394547583589;
0,726777752580024;
0,114717822856063;
-0,177934302479722;
0,0134088191958801;
0,0608519740707382;
0,23371717640088;
0,893615496031475;
1,21751090398367;
0,980300493365124;
0,908179549864473;
0,997176590531286;
0,969787983186181;
0,968961991192822;
1,03880019752327;
1,06467063621167;
1,01946434580567;
0,976364132447273;
0,978678665306742;
0,982448087183719;
0,959721455562913;
0,952945294146635;
0,978712724450171;
0,992737134404157;
0,977087202196937;
0,956754076197007;
0,959530740312234;
0,987535785114712;
0,996590669696548;
0,97564749403749;
0,9647307340714;
0,974824211856029;
0,990964604342811;
0,992024138930588;
0,975976268926385;
0,966274022369543;
0,718226026821187;
0,116788946741239;
-0,176500657696638;
0,0121891266253662;
0,0608347386971499;
0,217742479190881;
0,841723997438585;
1,16188748997718;
0,960990868424933;
0,915960886983381;
0,764396707888701;
0,128463996924063;
-0,195349760873191;
0,0155459261241648;
0,0661900925308807;
0,220208323432193;
0,859791040820211;
1,18394160633278;
0,970750421715734;
0,918041578842709;
0,763765164240408;
0,127276053853416;
-0,194985233134464;
0,0158721191048579;
0,0659149255564213;
0,21680619943632;
0,848162753368911;
1,16778259494625;
0,956445993195454;
0,904507554559594;
1,004959555275;
0,98672245341622;
0,966554485542051;
0,987211463509321;
0,991203019296506;
0,986747238022603;
0,988229090825902;
0,98626846282269;
0,981004395441624;
0,979878305302394;
0,982984474447855;
0,985083381544908;
0,984867495983383;
0,983994678759;
0,981429214986337;
0,978319409514549;
0,978548537511352;
0,982773431787051;
0,988849654813927;
0,992140694291969;
0,736256187603576;
0,118613277616521;
-0,180577521326132;
0,0127579301651489;
0,0621232657348032;
-0,0310751808039768;
-0,0089831714451555;
0,0147951912155127;
-0,00300195176737938;
-0,00400184409664884;
0,256326594317702;
0,871082084669311;
1,17856099046988;
0,997686257151837;
0,946247082045351;
1,0246960174526;
0,988365086438173;
0,959244261677187;
0,980312542077448;
0,991778242505587;
1,00181126605243;
1,01913359974688;
1,02287093730989;
1,00885936105359;
0,990262233819722;
0,972793643366719;
0,952604601949502;
0,940793317089533;
0,948140439618239;
0,958815061294483;
0,96243503997237;
0,966625894482966;
0,970719382296828;
0,968454952131395;
0,964349659584193;
0,964872312636247;
0,968044836831736;
0,969924997168957;
0,968177800198404;
0,964764821737074;
0,977997992160218;
1,00967358446953;
1,01736243514428;
0,994506398758963;
0,980249174987713;
0,979496160996566;
0,978371105441942;
0,974401408301422;
0,969259354082686;
0,966861603340831;
0,967391975067807;
0,971444512337472;
0,980009141470415;
0,984005132067424;
0,976572016345276;
0,718651056881664;
0,115088169068598;
-0,175885886616798;
0,0125276938217933;
0,0604757505944734;
0,217693881688123;
0,84317027774004;
1,16722475891951;
0,966335158860147;
0,913240527805092;
1,00567375153123;
0,979278720173622;
0,959426465311914;
0,984514887596886;
0,982730551459515;
0,721606724007263;
0,117875088587982;
-0,176594643499173;
0,0115949345663582;
0,0611562256429877;
0,225277146066517;
0,864558105332933;
1,18761505192613;
0,977687219669135;
0,931288130323747;
0,777260810570168;
0,130083273554592;
-0,198543156169787;
0,015982079959169;
0,0671940988403021;
0,218777792023804;
0,856734552036909;
1,18018410510479;
0,967310919766813;
0,915511391009061;
0,762983306261416;
0,127749381245776;
-0,194896006271499;
0,015664986823312;
0,0659702089439855;
0,216135287441152;
0,84734659057515;
1,17170122208342;
0,967581551008211;
0,919493020894643;
1,01704660380242;
0,990298142894012;
0,967706567458111;
0,993672517477114;
0,997559298430193;
0,988144450780727;
0,987200472536524;
0,984817360419066;
0,980911357491429;
0,980978327842999;
0,729608463054581;
0,118369336959728;
-0,179152721043453;
0,0124126172329825;
0,0617353652316315;
0,220445274660431;
0,849760407714867;
1,16653299148063;
0,956649246501558;
0,909531760274501;
0,760253072549102;
0,127445381714946;
-0,19434568824943;
0,0156292486373344;
0,0657758357923261;
0,218693553921706;
0,854296336337163;
1,17684569449462;
0,966429202042358;
0,916420977918658;
0,763472855755017;
0,127493451068015;
-0,194974603141983;
0,0157907438728109;
0,065945176182515;
0,221871860828833;
0,86241724342161;
1,17872696376446;
0,951546148279708;
0,889497623150467;
0,741685576892082;
0,124742957447424;
-0,189581403705729;
0,0150642567771714;
0,0642445974914828;
0,216176043996818;
0,842862830556098;
1,16183997806308;
0,957129191319936;
0,907639417431734;
1,0039508112908;
0,986039388133464;
0,973047086611131;
1,00232825767009;
1,0139309601024;
0,752365128112161;
0,122526256642337;
-0,184600662008169;
0,0125229172954891;
0,0637355434161569;
0,230480781246998;
0,885394600875099;
1,2088126778905;
0,974324736666399;
0,910726894251214;
1,01182596197887;
0,973593603489125;
0,928703831791467;
0,9507959842495;
0,965825740773158;
0,967122318968201;
0,977294805370771;
0,978858427377305;
0,963242525403976;
0,950450510971992;
0,706076779968526;
0,116217309999803;
-0,173574007875046;
0,0114248237437812;
0,0600736838716498;
0,223043810364093;
0,855195370116364;
1,17380926213837;
0,964170671345826;
0,913968134837677;
1,00959090043782;
0,982101480299583;
0,958362005022461;
0,9798449123736;
0,982768216242377;
0,97497120187747;
0,971760576740529;
0,966890089826551;
0,962164272070062;
0,960258826474666;
0,963265539232206;
0,969938563149791;
0,96941057179543;
0,962136845928925;
0,959314125633849;
0,971113496451244;
0,995681406216309;
1,00432814459947;
0,992779386966076;
0,987453085278085;
0,986553805211146;
0,980294233703355;
0,976557815236408;
0,979915731137963;
0,983622258390173;
0,73025308278631;
0,117628091623919;
-0,179114219709411;
0,0126667500757756;
0,0616141601559993;
0,220782234379593;
0,851076764731837;
1,16788026995707;
0,955673703222691;
0,904183573740186;
1,00413389740247;
0,984823123229892;
0,967860533293451;
0,991742980515727;
0,992079319023763;
0,984774025204745;
0,990609467596406;
0,995964328993483;
0,997628951111314;
0,997374019409958;
0,992879520288311;
0,987662740736117;
0,985825483568679;
0,986673589179344;
0,986296086694295;
0,981806202037653;
0,975978763912259;
0,972162434693967;
0,969846972524678;
0,969624354202336;
0,721861578544384;
0,117762174509283;
-0,177404527366245;
0,0120957104446815;
0,0612151127888392;
0,220200623749977;
0,848680540148348;
1,16652042740303;
0,956749393622185;
0,905729473154354;
0,755239990699136;
0,126683996757934;
-0,192988997359738;
0,0154494766445638;
0,0653502366944175;
0,225587572185869;
0,875486872809144;
1,19892600220251;
0,973054438851022;
0,915215766628443;
1,02061416436702;
1,00445958366838;
0,976975922076903;
0,981034537510137;
0,968549563629298;
0,953089024199155;
0,946727939847375;
0,944357307732081;
0,948824381787977;
0,954393848938066;
0,956610296841462;
0,962186121794686;
0,969166509611829;
0,971269624212024;
0,969933753008843;
0,719746176468727;
0,116671375981049;
-0,176637067384702;
0,0122318774250352;
0,0608742159517451;
0,230411242636765;
0,885011453931569;
1,21667290829806;
0,995419546965038;
0,932672072352209;
1,02395661481993;
0,991712857622743;
0,969349170800277;
0,995972585241316;
0,997309533527234;
0,987821904153578;
0,983943982655173;
0,972639931056189;
0,962909271265685;
0,962786369358763;
0,961842906451992;
0,950802740561223;
0,933556583955456;
0,922472680690267;
0,927608579499293;
0,948699807862588;
0,975158484182052;
0,993965199026865;
0,996526374671983;
0,985829838902008;
0,974591629034214;
0,972524809702701;
0,980361731435944;
0,992380806969611;
1,0013222903346;
1,004089143947;
1,00334426179735;
0,999422321163176;
0,989911122860975;
0,98116526631101;
0,980112205980163;
0,982341312118676;
0,984014012237487;
0,985178359815281;
0,981887560130356;
0,974153721827097;
0,969496686470663;
0,970645538514592;
0,974812656655893;
0,98140547560531;
0,734049317935119;
0,120469621182357;
-0,180615689468319;
0,01212122135322;
0,0624023916788609;
0,219716660366707;
0,848473369735472;
1,16671457807785;
0,957849644952402;
0,910465569141274;
1,01474098692183;
0,996831373611958;
0,978854949451606;
1,00430717856292;
1,00769282936738;
0,998132080850035;
0,996367874316362;
0,991929195021579;
0,983024796125119;
0,977810722545411;
0,975621182881815;
0,973171918432852;
0,97172563630502;
0,971913465336562;
0,973007712208257;
0,975326362539308;
0,978941581589584;
0,983734238916065;
0,988893649146225;
0,991123386634565;
0,735375130528281;
0,118560544067529;
-0,18038477447253;
0,0127185122767475;
0,0620676899639442;
0,222890976329758;
0,859826829203545;
1,18264516675337;
0,972132407641296;
0,921097414669828;
1,01910471604083;
0,990529408301288;
0,956782449431462;
0,965908888844748;
0,965710383225568;
0,96901890216713;
0,98298764165762;
0,987590504751669;
0,980627445720489;
0,968574136677837;
0,954170066168098;
0,945520580390967;
0,950963524785534;
0,966629233765829;
0,976649423770844;
0,723289479051891;
0,114485307521566;
-0,177106640662342;
0,0132255113705274;
0,0606217797115541;
-0,0306010829101308;
-0,00864985613351218;
0,0144873492723985;
-0,00299153140540999;
-0,00389678013813769;
0,249802479939626;
0,849085732249398;
1,15414202534499;
0,996838563296502;
0,974708410196246;
1,07192495220436;
1,03942333804105;
0,995421216309253;
0,991625349307121;
0,980192878593451;
0,977823515845877;
1,00491068998083;
1,03263028243944;
1,03552440234367;
1,0233342952458;
1,0063257528745;
0,982060197348075;
0,95688342431892;
0,944675693277816;
0,949061418357666;
0,71080351491375;
0,115935440498633;
-0,175028828997303;
0,0121173922418605;
0,0603033984498495;
0,221775795403444;
0,849848203053094;
1,16228524891454;
0,950772246162753;
0,903357596806121;
1,00242976362683;
0,976724379825941;
0,952742471824962;
0,971238936614372;
0,967294568214782;
0,956251526610292;
0,958183321332764;
0,95964291982476;
0,959610874350403;
0,961884436712552;
0,963906245031686;
0,96745867344633;
0,974839724610516;
0,980179066377165;
0,978362716071676;
0,975692937804295;
0,978232731183429;
0,982997347531879;
0,98490863209763;
0,982609287483356;
0,978722292886124;
0,975445942920979;
0,974182167820619;
0,976418330884609;
0,979357645545237;
0,980050639818387;
0,980260812448973;
0,981390989491638;
0,982335893612824;
0,981850778169195;
0,981057059163173;
0,980521906402387;
0,979217057653539;
0,978405954516848;
0,97812173623553;
0,97656870543275;
0,975090339491114;
0,97529752676226;
0,976155499984101;
0,977036041973848;
0,977142137222291;
0,976300520681207;
0,976613607360597;
0,977722772874524;
0,978111219102128;
0,978608999540917;
0,97955374266332;
0,980062444574867;
0,979169802153377;
0,977645327274563;
0,977665717547811;
0,977939489094238;
0,976212137378346;
0,973877934284129;
0,971249765539723;
0,968673783207816;
0,968844619247892;
0,970921362130407;
0,972492740573065;
0,973428673469412;
0,973535717092693;
0,972034135429716;
0,971250614287518;
0,976328963298384;
0,984899271651031;
0,989630973772599;
0,98978893140397;
0,987407672857739;
0,984450478136435;
0,982919014351502;
0,982016766810525;
0,984541797679291;
0,99724085043664;
1,0179694572149;
1,03351488501536;
0,770109210896976;
0,123748161005959;
-0,189000154810253;
0,0135481565692654;
0,0649305930055031;
0,211854894571879;
0,827543011346165;
1,14124559117183;
0,938071124942869;
0,894066770189242;
0,749962359200727;
0,12713914762364;
-0,191984294653091;
0,0149746608551332;
0,0651749252845218;
0,219701065493553;
0,853989386219052;
1,17322889716478;
0,964245974107319;
0,919427881983999;
1,01944007379264;
0,990543116149275;
0,961964652275255;
0,983576566883367;
0,989690405182991;
0,72979129117001;
0,117873334220319;
-0,17860287636303;
0,0122941394150386;
0,0615997616479672;
0,220448480042855;
0,846529337138598;
1,15560838673725;
0,944967213115902;
0,91270669432283;
1,02352063821071;
0,983890865967803;
0,946757597554565;
0,97540750738625;
0,981326273216586;
0,967586752592052;
0,967033291051351;
0,970148881564688;
0,972164340287008;
0,974281254929049;
0,970230435809339;
0,964631218637642;
0,967022109117896;
0,970630965900747;
0,967823198606496;
0,965560432630599;
0,965401411528815;
0,963155780142349;
0,965069906880272;
0,975945123824037;
0,990046646595038;
1,00292932485877;
1,01290963970906;
1,01426581334225;
1,00450235672695;
0,995267465445766;
1,00040600180441;
1,01292432268993;
1,01502772504114;
1,0041984134416;
0,73815023671229;
0,118205202369647;
-0,180612200500093;
0,0128434395131474;
0,0621115070090042;
0,227310663775013;
0,873276444378636;
1,19360449898974;
0,968854286575259;
0,911541311171047;
1,01136743712487;
0,987183264113903;
0,96660828130799;
0,990671091894059;
0,990004142436705;
0,978810640704347;
0,980968263764746;
0,984512980493393;
0,984664587362777;
0,985547914710528;
0,985464498745357;
0,983610446583077;
0,984587728699304;
0,988950192815144;
0,989730888170142;
0,732374874312725;
0,117442349734743;
-0,179446095641504;
0,0128172148368921;
0,0616777435233175;
0,219759869348237;
0,848542397470768;
1,16661889635937;
0,958484901901262;
0,911468260131545;
0,762527396878983;
0,128803448654285;
-0,195006136115391;
0,0153096326891636;
0,0661624440105258;
0,2180621688385;
0,855064572234001;
1,18486381658827;
0,973681067560614;
0,899447944282984;
0,970309181549174;
0,942527925782213;
0,936069839301209;
0,972192973667644;
0,980719361667217;
0,975822181473054;
0,96870670500365;
0,950799151028649;
0,948637579817759;
0,97345771929263;
0,739441383744802;
0,122496574702812;
-0,182577626069834;
0,0120952295194239;
0,063130802785812;
0,219088297973888;
0,849675054327091;
1,17974659766609;
0,991724792862854;
0,958798573968147;
1,06203433051675;
1,0282483447365;
0,978853971154442;
0,970517234035837;
0,960634089129556;
0,959306977298772;
0,967094524899593;
0,961018194827336;
0,959433961305955;
0,983548696110112;
0,989111628642359;
0,964402351850662;
0,953117444075948;
0,963452199035673;
0,984713202698886;
0,738796597276625;
0,115452612929516;
-0,182009528393299;
0,0147746520622057;
0,0617410708504762;
0,219794712154551;
0,854642239444714;
1,18294784516841;
0,98139108777624;
0,929810828636408;
1,01981246831495;
0,98639486261368;
0,958913181206742;
0,976936554352978;
0,970016441260969;
0,954940597513851;
0,957816221773342;
0,963861236908311;
0,966484039151013;
0,970412761075594;
0,973425666385373;
0,97424117355279;
0,97586948113634;
0,978744023436784;
0,981119145457238;
0,979149676154333;
0,972975815083746;
0,970995419482746;
0,97508873483422;
0,978032982182188;
0,97840354686521;
0,979132283984278;
0,979549995833244;
0,980282195061076;
0,984519232374016;
0,735512341800211;
0,120465816244087;
-0,180919751288065;
0,0122159788307802;
0,0624761573678639;
0,218788755251811;
0,846165582300961;
1,16575243908888;
0,959963830234393;
0,912242889439445;
1,01193659367055;
0,985883213204986;
0,957356718897664;
0,974448413039608;
0,977171714687607;
0,975140109056746;
0,98235627410503;
0,985292397660061;
0,983349749956587;
0,981948299601644;
0,980667123115435;
0,980664464066116;
0,983825661120612;
0,988660310539491;
0,991545921695711;
0,989482108870502;
0,985154024311316;
0,983342371725385;
0,982346781930942;
0,980369598233934;
0,727806579110998;
0,118189759973482;
-0,178693858972093;
0,0123249277836405;
0,061602550744618;
0,223371420770574;
0,86119484860067;
1,18503484288691;
0,972704991252343;
0,917784501197355;
1,01319237628779;
0,986416027030786;
0,961743027828763;
0,977470174891767;
0,966271194881557;
0,948109050752807;
0,948600204513972;
0,95133878168121;
0,952674582752422;
0,959078923431789;
0,966221644644452;
0,972243549276456;
0,978096111466839;
0,982564475895729;
0,988405458839503;
0,995960607167034;
0,999484862852762;
0,998686477551576;
0,996231911330156;
0,992690686360787;
0,993635366672298;
0,997136816850195;
0,992250713559127;
0,982266221577794;
0,976956324088491;
0,724996948890475;
0,117429550118835;
-0,177975506865805;
0,012389086924767;
0,0613053215874625;
0,22167213407346;
0,854942942196012;
1,17524825937934;
0,961971261355488;
0,91036397206842;
1,00873883198312;
0,966909433146533;
0,921104438379392;
0,940973300882642;
0,954142798878496;
0,958600168489971;
0,973722745577135;
0,984435591054832;
0,985076866718269;
0,981767408817496;
0,975496661779257;
0,967805634686234;
0,964773785310588;
0,970199299795382;
0,980132557732046;
0,987209608732981;
0,985858395154859;
0,978029066901059;
0,972182102876667;
0,970718552397009;
0,721122224990534;
0,11704713164506;
-0,177008109390342;
0,0122101013054877;
0,0610221327174397;
0,221605732378308;
0,856145763658698;
1,18388125876689;
0,982405640059793;
0,935709366834225;
1,03339615714916;
1,00095781104848;
0,966117004653783;
0,978619975991998;
0,974156108193181;
0,963102346846626;
0,966255481897007;
0,97080736806745;
0,969855746683411;
0,968731018472534;
0,970764207769442;
0,974666133061931;
0,977735261180208;
0,977825786282099;
0,977654986678352;
0,979769366848188;
0,980011446932623;
0,976872521944648;
0,973915701544704;
0,973169300589707;
0,975290597982243;
0,980192672707459;
0,986938387075866;
0,993935688822208;
0,998693169916136;
0,998543377698928;
0,992763690080613;
0,984886990953018;
0,978456724928295;
0,971044361780229;
0,963377565483457;
0,964862237391315;
0,976375113050978;
0,984055760328334;
0,978697043471324;
0,967631278984583;
0,960494671024396;
0,958355431948734;
0,964587666735665;
0,981582318678422;
0,99432289135382;
0,988215416408384;
0,972708434402043;
0,959526003126405;
0,948663151772959;
0,945826578644042;
0,95625348916478;
0,970374144855602;
0,975281428318775;
0,965592202251812;
0,94732308940613;
0,941622822723795;
0,958621513618731;
0,982585415880044;
1,00220466338537;
1,01373378264764;
1,00579694662723;
0,977188222247332;
0,95344968273462;
0,958386532291196;
0,98006574457937;
0,994687202056526;
1,00478503151228;
1,02012429497117;
1,02701241844529;
0,758227696379351;
0,120729951603925;
-0,185345963285786;
0,0133807472046302;
0,0636558546650395;
0,221299903824183;
0,856117770827596;
1,17351276005806;
0,955849592260519;
0,902614320914986;
1,00739269080536;
0,991716949801641;
0,965480335656708;
0,974485509061284;
0,971968437793847;
0,961910898311681;
0,954063905010299;
0,958037722430335;
0,977057520815521;
0,991251596049388;
0,991951910173376;
0,987312666527471;
0,982419752646123;
0,979728522170277;
0,979749338608785;
0,979909078575184;
0,976650831456397;
0,970669438452282;
0,968023105893426;
0,968697311429466;
0,96811451431401;
0,967939185775298;
0,969502761873601;
0,969569438493208;
0,968191344464028;
0,968682511487615;
0,970481909273671;
0,971932426472041;
0,974260218465992;
0,97777029576286;
0,728796881492802;
0,118965862889119;
-0,179099592950973;
0,0121760324328884;
0,0618159400631487;
0,220134889706493;
0,849464148628375;
1,16901009382125;
0,961101173353976;
0,909932543981844;
1,0074792996262;
0,984677861111484;
0,961207331394245;
0,97969664181715;
0,979234841532165;
0,972146029361865;
0,977163857270879;
0,977534232697933;
0,971416138935869;
0,971200273716003;
0,975876094494958;
0,97845804316856;
0,975838701938355;
0,971639004792187;
0,97171392033764;
0,72389518173331;
0,118020987752702;
-0,177902054647952;
0,0121592530401184;
0,0613737135211234;
0,2212393390417;
0,85229149052225;
1,17063789274102;
0,958467750064948;
0,905682958785112;
1,00441230754148;
0,981050050070299;
0,956711362651299;
0,975981547866938;
0,977317146004882;
0,971450695343309;
0,975839002480177;
0,976645977937426;
0,974643811482815;
0,981014225832975;
0,735184673890713;
0,120474899553217;
-0,181012863064957;
0,0122843422973806;
0,0624754571808973;
-0,0310542182132859;
-0,00911716000443754;
0,0148438656873991;
-0,00297471414202365;
-0,00403055383403807;
0,00274562629202279;
0,000282616830063231;
-0,00109429845543361;
0,000357898123366623;
0,000239057068824902;
-0,000227344242115279;
1,02524588111248E-5;
7,6514469874998E-5;
-3,56927545262529E-5;
-1,22466931744178E-5;
1,78164759807712E-5;
-3,10949193248518E-6;
-5,03037908510599E-6;
3,21226372644745E-6;
4,42555751518375E-7;
0,255103076732759;
0,87507454037144;
1,18187879266175;
0,993183757354412;
0,939741927298351;
0,769617532750089;
0,126764082822965;
-0,195588543087467;
0,0161068446346716;
0,0660627233471063;
0,219494171655156;
0,860131334502324;
1,19005952734035;
0,982875352320797;
0,929565755280267;
1,02320853491419;
0,992530225770747;
0,959708041011768;
0,972177631023861;
0,976191336053767;
0,979385444802255;
0,98756638257384;
0,991385298320158;
0,992512957212353;
0,98715622452436;
0,973045246762588;
0,956148064835252;
0,941592224548571;
0,934534955611242;
0,939395519105219;
0,70541638856472;
0,116777473936475;
-0,1739059661876;
0,01141735185174;
0,0601864769858564;
0,216069379299843;
0,834554401332966;
1,15547767765973;
0,963653544490938;
0,922282539535196;
1,01941782620972;
0,994262156635777;
0,971286435359171;
0,994975459324839;
1,00233455346006;
0,741215090510871;
0,120295572640896;
-0,181689397961221;
0,012411007634439;
0,0626977900820821;
-0,0311978965274867;
-0,00913513110559802;
0,0149023242594538;
-0,00299279012908246;
-0,00404376498702737;
0,252718502480185;
0,85472502383762;
1,14505481145637;
0,95514739022632;
0,908907124187991;
1,00112659958755;
0,97398007260333;
0,945013882109743;
0,964511430537234;
0,972679147097078;
0,972003276894608;
0,978074969707287;
0,981546097253507;
0,979653978886648;
0,977638737035139;
0,974888440054811;
0,972242015913386;
0,974760866843493;
0,980097785131114;
0,983489588984749;
0,982306490197442;
0,974828991480979;
0,966249666166717;
0,962990804515047;
0,966120279831588;
0,973494554053094;
0,98124229858882;
0,986828271716363;
0,989643216797067;
0,988942531589573;
0,985618459794469;
0,98317376404353;
0,98299993562718;
0,981542952346381;
0,976871233045376;
0,972947472044719;
0,971290321649594;
0,971107026799521;
0,973810599269561;
0,976152756316199;
0,975552518984581;
0,975605698700718;
0,977264452819173;
0,978764606446706;
0,979767765541562;
0,9805168312925;
0,979043699845421;
0,972998182930132;
0,966450795360696;
0,964598988767711;
0,966935156348891;
0,973228377655195;
0,983721625488314;
0,991892856810238;
0,988370483033741;
0,974166379558109;
0,959853512604076;
0,952837101073525;
0,955067779773827;
0,96333177073173;
0,965385833786439;
0,950380353010869;
0,929499736563723;
0,926800372378052;
0,947074322943373;
0,973909402130478;
0,991983109749526;
0,993584465140923;
0,979072594391622;
0,966045030957276;
0,969983160597229;
0,97886728931775;
0,979303457976954;
0,979363779443661;
0,985795538526107;
0,993464581840333;
1,00258304347182;
1,01246193258118;
1,01014982870651;
0,997991411406428;
0,996145437348536;
1,00259488729024;
1,00287547737756;
1,00249638664045;
1,00424099209313;
0,743161506204342;
0,11788177862654;
-0,182024107878601;
0,0135127449916583;
0,0623388888724895;
0,214368776462281;
0,834275013470702;
1,15309879658231;
0,952757947986223;
0,904014727261996;
0,998750611005115;
0,974711331556427;
0,956438597719288;
0,988634231710747;
1,00123655690402;
0,983073211488691;
0,961229858344853;
0,958585505562227;
0,968136650657028;
0,971883897651903;
0,720427833371247;
0,116008080690673;
-0,17665148827048;
0,0124815957077999;
0,0607734926738266;
0,224452994479827;
0,865427618788488;
1,19381756721529;
0,981219490219312;
0,917018437716991;
1,00337037387987;
0,973566582351212;
0,949792762325306;
0,976212125820996;
0,984271367249166;
0,726157292188569;
0,117465091072217;
-0,177752517577482;
0,0121800536360499;
0,0613299292214746;
0,218707040455579;
0,843624691034193;
1,15994789987839;
0,953335400332334;
0,905550793428709;
1,00502842098003;
0,981039087167964;
0,955508699650449;
0,973227175206881;
0,974914415368239;
0,97191876750375;
0,97876021224619;
0,981781695702237;
0,980692079836792;
0,980963026329662;
0,98139405561136;
0,9810452645958;
0,979763673078615;
0,978681820473852;
0,979301975265928;
0,980084031400774;
0,979055576261388;
0,977622243678988;
0,978212128292954;
0,978690896914962;
0,9758001266994;
0,972811504934893;
0,97364337341582;
0,975888042626554;
0,976714868664229;
0,976827804474707;
0,976303181523006;
0,974755519676482;
0,974468172749834;
0,977449024875025;
0,982413087207512;
0,985378815731489;
0,983773171829898;
0,979515888241435;
0,974564554313357;
0,969978314661787;
0,967787377243673;
0,967391941494692;
0,96674824620234;
0,966672922576332;
0,968860567469084;
0,973326750813625;
0,978251100645897;
0,981320717734044;
0,982536331453911;
0,981940583712205;
0,978980144844327;
0,976104738942316;
0,975581172383271;
0,976745384754902;
0,978243740510485;
0,979504679297608;
0,979396519782621;
0,976333734912301;
0,972493766349329;
0,971570458325318;
0,973942548552328;
0,976801295649181;
0,977166351226658;
0,977121712520667;
0,727498901997525;
0,118884184277063;
-0,178797768972213;
0,0121093310403172;
0,0617317356449162;
0,221229607756553;
0,853983628593493;
1,17761120305721;
0,972013767264403;
0,923006542305997;
1,02388733171888;
1,00153810822194;
0,972326904981161;
0,982805938505395;
0,976834469372875;
0,716819063831481;
0,115914305344887;
-0,175322565869187;
0,011957204822014;
0,0605209493791809;
-0,0301083627607737;
-0,00882034308909388;
0,0143836147435511;
-0,00288748122447533;
-0,00390349029395967;
0,255570410358378;
0,867801217152595;
1,16715682912753;
0,969659828877452;
0,901997259514235;
0,97653292895684;
0,94636620239898;
0,926647789473703;
0,95849135565631;
0,975434952283024;
0,726439677139246;
0,119658917087643;
-0,178373940268629;
0,0115975391036797;
0,0618047819167227;
-0,0305259566404661;
-0,00910054672984263;
0,0146492191062739;
-0,00289910317813822;
-0,00399303542097086;
0,257336998498873;
0,871430214698185;
1,16869704194082;
0,976471048071375;
0,931349929415946;
1,0275252241235;
0,998835739293566;
0,961250732579097;
0,964323052453963;
0,95174409623869;
0,933402151122957;
0,93116738287287;
0,943113009142401;
0,963549469729174;
0,982389665934317;
0,996720998375136;
1,00809524282739;
1,00726718241918;
0,990568003565754;
0,967691173178646;
0,946352704402316;
0,935858099750957;
0,946339373400749;
0,974080669555388;
1,00087359280938;
1,00890151460393;
0,998586870468355;
0,982710588668531;
0,969789637869031;
0,963747425084505;
0,964436681366019;
0,965542761675412;
0,965110541430659;
0,970076596585057;
0,981709833279577;
0,993278781107329;
0,999620453610715;
0,998187506207763;
0,988600550582929;
0,974999745944277;
0,966463784200837;
0,968258632140256;
0,974928749196458;
0,981653497564504;
0,990146614682785;
0,996161029918149;
0,991472632582497;
0,978807110457448;
0,967559478614145;
0,961985269082892;
0,96046718247779;
0,959858635272838;
0,959344997200845;
0,958305725542067;
0,956820017671243;
0,959383723823434;
0,96757442986717;
0,976181490861805;
0,980723702140986;
0,979937847744105;
0,975168429874253;
0,9699370601275;
0,968614742995327;
0,976698608071039;
0,99322324851463;
0,747763362150746;
0,123253693651198;
-0,18426602027221;
0,012281991721737;
0,0636925151772896;
-0,0315726182068378;
-0,0093311254895695;
0,0151175126378009;
-0,00301324189375561;
-0,004111689128484;
0,255310284900545;
0,864094564328024;
1,15902115463134;
0,96629009450328;
0,913604246368571;
1,00323177055046;
0,979941564003788;
0,954094446871838;
0,970608859315699;
0,973806709687799;
0,72000204500956;
0,117514739360278;
-0,176524649316173;
0,0117968607177081;
0,0610304297112291;
0,221073726494881;
0,851736852301038;
1,17286626959709;
0,965469242308936;
0,914030533163631;
1,01029907668684;
0,984384550018785;
0,959501832022596;
0,97951703623918;
0,982254096677434;
0,975937989093892;
0,976001091939534;
0,975604940534571;
0,975692137746112;
0,978141865999017;
0,979441864213008;
0,976884893191092;
0,974899043996145;
0,977913142514885;
0,98152993869338;
0,981638479030682;
0,981668297262618;
0,984553642279344;
0,987558144106876;
0,989717268201782;
0,737158727164745;
0,120253506073305;
-0,181172683195386;
0,0123588441118197;
0,0625123256166626;
0,216934182798885;
0,839481906783273;
1,15395665810265;
0,944041619193212;
0,893431157134776;
0,993292775756432;
0,964657515586428;
0,926657874313541;
0,93739164181222;
0,942343434742782;
0,944514254295396;
0,95290951793084;
0,951071640843245;
0,939625024958048;
0,937675068360517;
0,955649999504043;
0,983952893125773;
1,00489810832204;
1,00739442080422;
0,990382166004929;
0,96160517942797;
0,942676536534185;
0,953165403691647;
0,979703603061098;
0,994317773315574;
0,738485448586257;
0,118648041405784;
-0,180986126753222;
0,0128536296275021;
0,0622384114988359;
-0,0311590090426627;
-0,00898873699590757;
0,014827279154033;
-0,00301340745044678;
-0,00400845236390314;
0,252742402279103;
0,856594939049395;
1,15210197908669;
0,968573896558481;
0,928940046778598;
1,0296374905421;
1,00914493328441;
0,974506965507294;
0,977372405019724;
0,972084032438752;
0,961749204448521;
0,954635940618698;
0,949222870493564;
0,951821101791523;
0,958634526471672;
0,964150311873447;
0,971542030704535;
0,975996880426877;
0,97330587336065;
0,967875373067642;
0,962689354364864;
0,96230716001648;
0,970195745364491;
0,9799733031097;
0,985058333266982;
0,733333356643193;
0,119427997566128;
-0,180137623770704;
0,0123249124521416;
0,0621418115334025;
0,219989470177867;
0,850358823881824;
1,17104565940659;
0,96150147563051;
0,907349844997809;
0,753550932496689;
0,125469181027487;
-0,192340854656718;
0,015682825261242;
0,0650105509870979;
-0,0333132785701403;
-0,00907373375227638;
0,0156289219200037;
-0,00331901818931034;
-0,00416537891448289;
0,0029244792837864;
0,000255626474379782;
-0,00114656612446062;
0,000389384393358393;
0,000244447226108357;
-0,00024079363490435;
1,39699048424801E-5;
7,97379381087731E-5;
-3,83642779649237E-5;
-1,22734806738885E-5;
1,87772804442451E-5;
-3,50240919805323E-6;
-5,20731813334773E-6;
3,42603689323375E-6;
4,15907971710382E-7;
0,250053613209329;
0,856835136642639;
1,15439282765801;
0,966956595113807;
0,919673204890278;
0,760582866860901;
0,127807275872711;
-0,193931710692425;
0,0152190752379641;
0,0658176204876625;
0,216341478874634;
0,845984116142598;
1,16549383814381;
0,955278021451946;
0,903870525963168;
1,00209114487801;
0,979476337665379;
0,959876946716049;
0,986082458334192;
0,993573751729752;
0,992001623303372;
0,998811966672038;
0,999638357162672;
0,989744106633244;
0,978289436865346;
0,972735344125625;
0,977001785822004;
0,990557745588894;
1,00456403240195;
1,00761380395249;
0,997065534844236;
0,981791478077884;
0,973888367923661;
0,977175479018343;
0,986637724605402;
0,99356335343001;
0,993198810388254;
0,993875741190799;
1,00234404527402;
1,01000247220042;
1,00228541475054;
0,981596623202807;
0,973232829134812;
0,978345812217024;
0,976542865078125;
0,970942557153651;
0,966321091327624;
0,958217357094531;
0,95070150103365;
0,947568734948316;
0,947812872114555;
0,950984564578303;
0,953257237476935;
0,948163224353314;
0,935994459728485;
0,925547473873396;
0,9266319230886;
0,943501363882077;
0,970682845067742;
0,994389875858583;
1,00614552622496;
1,00882747189675;
1,00812134267947;
1,00984083826064;
1,01666331198236;
1,02082115878446;
1,01634048486721;
1,01065768637537;
1,00839609755024;
1,00521573873166;
0,744313987707072;
0,120346543189214;
-0,182513799114307;
0,0126909273232333;
0,0628810613223022;
0,219134421591786;
0,848653898835653;
1,16828736906699;
0,958043139310894;
0,904113446537291;
0,999231721050688;
0,971240427202657;
0,94007464307619;
0,955703340206113;
0,964413801054185;
0,967312964556954;
0,965680277052682;
0,954920498089564;
0,951275848171877;
0,961020760596162;
0,978112561685625;
0,994496647260429;
0,998717799558612;
0,995606108474554;
0,995985368277366;
0,99586903146914;
0,994336218195795;
0,995091924590091;
0,996767137167299;
0,996853554280333;
0,990158351399339;
0,977128957936737;
0,97048622117237;
0,973199341222722;
0,975137194836323;
0,974016582781909;
0,973050406895403;
0,973156255773203;
0,973455993812001;
0,97194412304745;
0,72063791328266;
0,116691005535354;
-0,176777028339671;
0,0122541867500537;
0,0609192667337305;
-0,030381668592826;
-0,00884730425042133;
0,0144920305124482;
-0,0029233049680836;
-0,0039270219057179;
0,00268398709168367;
0,000271634853501171;
-0,00106778915857799;
0,000350698055058988;
0,000232650216881537;
-0,000222101452129608;
1,03337790892016E-5;
7,46168756590718E-5;
-3,49268406729713E-5;
-1,18930071320231E-5;
0,24927265179592;
0,84869990351325;
1,13244696290001;
0,947220982322873;
0,929457929376691;
1,05362740512017;
1,04599057517242;
1,02188922339263;
1,02651237839383;
1,00988226287934;
0,989392049367184;
0,981942865838825;
0,988216111903535;
1,00662607248415;
1,01461302233982;
1,00091213738627;
0,975107155127312;
0,953603943847028;
0,965816888088966;
0,998629436049912;
0,995679024946821;
0,96980776549019;
0,970825417598799;
0,976423664649459;
0,95952594092658;
0,951791643445659;
0,96537342883915;
0,979796241715828;
0,994247246775251;
1,00591974219912;
1,00262439273167;
0,989820003636978;
0,975033551909548;
0,9616343445681;
0,956066175351741;
0,958002122362385;
0,961555671541087;
0,962608047468576;
0,964234677742251;
0,972593771070186;
0,982861402258443;
0,984921385541728;
0,98004430873232;
0,97593984609324;
0,973914954309999;
0,971177705401886;
0,968495554845103;
0,96906989796377;
0,972266194583548;
0,976712224326498;
0,983459994508123;
0,990979977997741;
0,996511204247006;
0,999300912200929;
1,00051679085571;
1,00171405526934;
1,00353636758485;
1,00777584338179;
1,01537548125786;
1,02429315535754;
1,03161799573659;
1,03812926000781;
1,04724456173298;
1,05809649938731;
1,07071968565174;
1,08782365928927;
1,10765905877668;
1,12693893567435;
1,14504105855439;
1,16166113446182;
0,871400521218468;
0,143168188218268;
-0,214504087272805;
0,0143765231134851;
0,0741163608054942;
0,259998972912272;
0,998105119548475;
1,35237285450514;
1,0717824571092;
0,981457599619233;
1,0654972108781;
0,996848748597593;
0,925009636799856;
0,908453171922418;
0,875368446913425;
0,625879563509334;
0,0979691378566294;
-0,151865218642429;
0,0111053551874749;
0,0521289295903902;
0,1765659453126;
0,692512499191962;
0,972477964301785;
0,832709491143262;
0,817472675187865;
0,91971799918488;
0,919622282576951;
0,914919390176697;
0,943971037885771;
0,955331088360268;
0,958628895815911;
0,970809440113932;
0,978887553536687;
0,97754171652274;
0,970556174777609;
0,96251697511873;
0,959704554791467;
0,962477625883772;
0,966639922382145;
0,967601062303341;
0,965134534395906;
0,965275656239265;
0,966823370856806;
0,965287959926395;
0,963239713035865;
0,961689442426188;
0,963221057601267;
0,9704920636595;
0,978077437039771;
0,98155412666143;
0,98180332026677;
0,985050636541819;
0,99629856557144;
1,01145802165485;
1,02611654544531;
1,03557680953198;
1,0335862635769;
1,02286322302916;
1,01143619911269;
1,00435141094775;
1,00316979685676;
1,00379833398399;
1,00102399292661;
0,996075916021502;
0,992633976966094;
0,990575799830491;
0,986421896999516;
0,980174818826855;
0,977588597325166;
0,980429166942506;
0,984309157247409;
0,985313644559325;
0,982027848876562;
0,976241499102679;
0,971658967057491;
0,969622263981756;
0,969512551795101;
0,97244923357627;
0,978802723076352;
0,985679456793743;
0,990218087153773;
0,992462950397468;
0,995295006344741;
0,999875146720285;
1,00276315534819;
1,00036907744792;
0,99488067367653;
0,992074614243276;
0,991847409757893;
0,989927114978677;
0,733675970369414;
0,118750593406419;
-0,179961349914429;
0,0124895921341593;
0,0620105376999101;
0,223859159784723;
0,863962312773543;
1,19067298839106;
0,980283291256171;
0,925663626753092;
1,02078038461108;
0,994406411232379;
0,970579242668446;
0,991858952328405;
0,994340575139332;
0,733948784149857;
0,119867196570621;
-0,179871738071068;
0,0119515371315664;
0,0622204660646397;
0,224649860304321;
0,86398080065734;
1,18449920535122;
0,966529556786901;
0,911884027449791;
1,01286660889749;
0,991024294077191;
0,968224327592165;
0,990354590207427;
0,995671287777379;
0,993160659401794;
0,998381979839629;
0,999875502861324;
0,998097176406977;
0,998435024360139;
0,999407802275897;
0,999619321261143;
0,998722908925564;
0,997653688432823;
0,99708461813046;
0,995938705798499;
0,993795483717006;
0,991517896279478;
0,991778211308701;
0,995641676061402;
0,999561364717862;
1,00114302401607;
1,0010407628479;
1,00010223155463;
0,999218119346487;
0,998656034039252;
0,998826025844512;
0,999767458458827;
1,00006212520576;
0,999250157028984;
0,997863665514203;
0,995618400420377;
0,992777839973561;
0,991067505838909;
0,991920927134561;
0,994505001007295;
0,995603701845425;
0,994098096205315;
0,992946976175308;
0,993839650470765;
0,994600312957914;
0,994461087299146;
0,995362144854162;
0,995798800047356;
0,994296372291827;
0,993799673827995;
0,994758235847815;
0,995016483474189;
0,994271527110454;
0,993488004933627;
0,993816563219136;
0,994328633163983;
0,993421089184059;
0,992487332684103;
0,99317643923875;
0,994164479371222;
0,993622637418392;
0,992288089681361;
0,991725951914046;
0,992204761621933;
0,993620566927441;
0,995455643035164;
0,996641928058305;
0,99695383977312;
0,996452386842339;
0,994787188313814;
0,992570862049654;
0,990895684803303;
0,991072190744384;
0,993605002151513;
0,740179007928667;
0,120545747195082;
-0,181861916130912;
0,012463400312538;
0,0627262286986781;
0,222795691175193;
0,860480905578618;
1,18570494186712;
0,978265654617972;
0,929903807791381;
1,0281352739959;
0,999023880492814;
0,973182012697466;
0,997168476329203;
1,00083216551677;
0,737161649899246;
0,11975843552323;
-0,180447546540801;
0,0121489156531044;
0,0623555226847469;
0,226183289288353;
0,87003713531018;
1,19471298773676;
0,979570491042473;
0,926757625862315;
1,02538126132797;
0,998166366784598;
0,971597195575693;
0,991998174895106;
0,995892973323747;
0,991161641806839;
0,994018197213403;
0,994537659700605;
0,992044798723054;
0,991488680047833;
0,992361465583122;
0,992499146402608;
0,992208300663;
0,992566927096197;
0,992819827275461;
0,992648722406761;
0,993153797695984;
0,994174689001148;
0,994150374442736;
0,994238543039917;
0,99628877741108;
0,998064619739438;
0,997565446884541;
0,995781674954868;
0,994193352967899;
0,993303245935526;
0,991937256610055;
0,990132749089517;
0,990514779411284;
0,993108127018613;
0,995440572910232;
0,996350335855608;
0,994632664593471;
0,991079027425996;
0,989522593220776;
0,990762099402669;
0,99207925212734;
0,992906649240041;
0,994249995901319;
0,995685893211843;
0,740550767429548;
0,120403616092684;
-0,181865647708538;
0,0125045743560339;
0,0627120368916007;
0,222849452110268;
0,861002388208586;
1,18624451918673;
0,977637119336776;
0,929319699124244;
1,03098097407;
1,00633477477842;
0,980747277872257;
1,00080118997225;
1,00162478601469;
0,993394373934294;
0,996637576621977;
0,998159220915356;
0,994306334890488;
0,993181284287126;
0,994115633150772;
0,994095232745058;
0,994952351857882;
0,996608982078495;
0,99758181363971;
0,997715942572715;
0,996209726077724;
0,993298394895643;
0,992094059574288;
0,994290184689573;
0,996752230888757;
0,996950196930865;
0,996551984229411;
0,997234041412578;
0,998220292654178;
0,998624551489563;
0,99815635004618;
0,99635017976675;
0,994933028209501;
0,995065195129401;
0,994794483937359;
0,994504343956534;
0,995358776763357;
0,99619496464386;
0,996936364742351;
0,996593725371444;
0,993891341962985;
0,991868929082973;
0,992831189196428;
0,995680146391904;
0,998996856659627;
1,00037408635407;
0,999540851865282;
0,998830812522967;
0,997209429019538;
0,994665499050605;
0,995289674094174;
0,998038140029045;
0,998887623462837;
0,998504413615632;
0,997789188936362;
0,996402728770751;
0,995330905187239;
0,994928118255019;
0,994577381644999;
0,994037827576793;
0,993328108456965;
0,992903095506927;
0,992678406457639;
0,992023719070314;
0,990889467454954;
0,98982577709605;
0,991111865633266;
0,994598472153853;
0,996274531319716;
0,995959424081563;
0,995441948099735;
0,994289477429692;
0,992618991100657;
0,990868132517229;
0,990186295556923;
0,991428094082644;
0,992618528303842;
0,993045471397714;
0,994736020967643;
0,996225945721371;
0,994989484480236;
0,993489886352253;
0,992974121813144;
0,991809934411603;
0,990227854516603;
0,989324647430981;
0,989559567948803;
0,990066485069452;
0,991434902099756;
0,995091005884727;
0,998380797811337;
0,999394575010869;
0,99883114189074;
0,996175688307783;
0,993404230012904;
0,993395863924464;
0,995769804365167;
0,998620496757542;
0,999016319550275;
0,996620690967967;
0,99513572512429;
0,995742241335955;
0,995729945443678;
0,994968930149318;
0,99575561277687;
0,99659543077405;
0,994849439836693;
0,992761589812622;
0,992680086723112;
0,991745885870938;
0,988673534613878;
0,987709370000426;
0,990304375730042;
0,993463224522708;
0,99569599177038;
0,996300187792621;
0,996196113129082;
0,997616279788551;
0,999832887767088;
1,00075150553747;
0,998955452339183;
0,996218233664249;
0,996512570516954;
0,999401660254386;
1,00163720747114;
1,00205970417278;
1,00114932747187;
0,999206747014957;
0,995544796007957;
0,991519660496401;
0,989334281818555;
0,986242815096749;
0,9818681885094;
0,981131644297159;
0,983262382086868;
0,985317935145483;
0,987445376823387;
0,987300310805237;
0,985492843190783;
0,987026452310304;
0,989013026788548;
0,986866434951284;
0,984907487857245;
0,984636446749301;
0,980863104648955;
0,974390184428939;
0,973241337944424;
0,979418864777943;
0,985389396817123;
0,985956849332965;
0,983421839189668;
0,982788589044075;
0,985712507283687;
0,98824508502876;
0,988031850448295;
0,987815958738221;
0,988358383511044;
0,988524691493484;
0,989294072156164;
0,990552627568445;
0,991295617581497;
0,991547086252157;
0,99147245109849;
0,992731917551605;
0,997479339748222;
1,00451456549424;
1,01141145458759;
1,01515692918671;
1,01302993739603;
1,01134877303474;
1,01400909414867;
1,01375704561713;
1,00918997399089;
1,00344033008385;
0,998271672837434;
0,995391127584641;
0,992124690998275;
0,987628443069274;
0,986996632791857;
0,992828864068362;
0,998935937493977;
1,00084265935361;
1,00354942236374;
1,00687625165314;
1,00566702051799;
1,00234746704795;
0,998627476850987;
0,993398738570571;
0,99056744279782;
0,990570829206101;
0,988670267554238;
0,986161787562737;
0,987486025131136;
0,993092874607538;
1,00058849679122;
1,00639872516232;
1,00838054507967;
1,00732767391677;
1,00517292907765;
1,00461658626583;
1,00717603744194;
1,01160578517183;
1,01676641406664;
1,02101131215232;
1,0208706874187;
1,01411943671884;
1,00282980603758;
0,992177045454956;
0,984180071547785;
0,978133888458311;
0,97645449707022;
0,979310942356859;
0,980984612868215;
0,97884551044114;
0,975904777056328;
0,975932654950916;
0,979723644048898;
0,983506913599121;
0,985775503441862;
0,992708578455496;
1,00737360062548;
1,02223241053915;
1,03188738927522;
1,03670600958188;
1,03395528090835;
1,02454624109147;
1,01626711847996;
1,01245204819457;
1,01009828575497;
1,0052994965089;
0,99743768792958;
0,989109674713203;
0,981147448037282;
0,974566299417465;
0,970792062839647;
0,967883677670179;
0,965236713707785;
0,964675540315806;
0,965636725645159;
0,964793304362023;
0,962679584829993;
0,966020379538978;
0,974314325812605;
0,981299191438606;
0,987756838938315;
0,993819878153584;
0,996188486170723;
0,993923266263178;
0,990142616834829;
0,989148307810968;
0,989546973005957;
0,98969817228444;
0,991537296082751;
0,996207247108767;
0,744177737031009;
0,122022007782005;
-0,183057455483078;
0,0123057290816127;
0,063238396546321;
0,226554196988447;
0,873769875460215;
1,20198050795825;
0,985164750444575;
0,92889333446342;
1,02820110896057;
1,00404171839189;
0,980774100571455;
1,00587677172541;
1,01295732271542;
1,00337127109263;
0,990407488024688;
0,971819184144714;
0,960220508549564;
0,962360564784446;
0,96905541191546;
0,975400668959472;
0,983800714226876;
0,990748869268416;
0,991995777521916;
0,993705937224668;
0,997337192995693;
1,00051825156357;
1,00868969264396;
1,01821777869576;
1,02180967340411;
1,02305107049515;
1,0231370741657;
1,02179708135343;
1,02084923671812;
0,757255323206194;
0,122024627831649;
-0,185775276508593;
0,013137228452057;
0,0639046156210136;
0,222725876466254;
0,863200921750139;
1,19066843617259;
0,981784241304796;
0,929358234214286;
0,770343444346884;
0,12760299876184;
-0,196405979383577;
0,0161839912964402;
0,0663157465614004;
0,219330233618999;
0,859613097524163;
1,18823386778158;
0,980503254462116;
0,930307237179583;
1,02860391134561;
1,00265983717374;
0,980412763745762;
1,00736687559525;
1,01391119526728;
1,00639941671822;
1,0051718967021;
1,00014975363496;
0,99225972346094;
0,994845988464407;
1,00747024963669;
1,01490408347802;
1,00983135126017;
0,998610676903108;
0,988100947936809;
0,730109407520502;
0,11820371815146;
-0,178995096287186;
0,0123632839152318;
0,0617066822223304
