0,116577946849906;
0,0190088173156574;
-0,0295904807599733;
0,00250013544496496;
0,00996755816886618;
0,0335435801303843;
0,131083077014717;
0,181225339342747;
0,151447049347774;
0,146166966531332;
0,159595006418121;
0,151874007090555;
0,148078990866174;
0,154714772945749;
0,157090932638119;
0,153729970729109;
0,149903463090128;
0,149601227641807;
0,152707932516294;
0,154550603476091;
0,114291733289464;
0,0182314287968863;
-0,0279457936945435;
0,00200735533467478;
0,00960206794028595;
0,0349361454781638;
0,13413057187264;
0,182976566103142;
0,148648982065407;
0,142198868050376;
0,161038345403771;
0,157748973053099;
0,151280539996322;
0,151577658851183;
0,148909563633522;
0,146297748859535;
0,149384476100084;
0,154970259425272;
0,157929892922003;
0,154569843547976;
0,14848587965132;
0,148543987559216;
0,15466859963618;
0,158335344641421;
0,154510353758979;
0,152223803052635;
0,159952951399982;
0,163665035282469;
0,156822805607325;
0,153345827860004;
0,157104663733607;
0,162086954644616;
0,161882763240708;
0,15667673135757;
0,154061748615712;
0,154124797416675;
0,153884955187799;
0,155210357620752;
0,156706922511685;
0,156144303053608;
0,15632775066933;
0,156484679941481;
0,153055305989611;
0,149297389446476;
0,15023841038586;
0,15456254816652;
0,157338244599262;
0,157324739038088;
0,156890589651815;
0,156065430320751;
0,154436145726481;
0,154604378293516;
0,155868187465627;
0,154594902450827;
0,152670380864542;
0,152412479476272;
0,151437556926528;
0,150053418428775;
0,150588148155439;
0,152392225692391;
0,114524513421112;
0,0190640470186585;
-0,0282149112649664;
0,00179840844169193;
0,00978931675528871;
0,0348842954554852;
0,134704858949016;
0,187376482496167;
0,158759944090804;
0,153229161956561;
0,167031982761343;
0,160734481988458;
0,155032918907441;
0,154510901211203;
0,151189293829372;
0,151217211590784;
0,157022276934011;
0,161969525669705;
0,162167858352065;
0,159969186721445;
0,117862201373749;
0,0190133258435111;
-0,0288909303707199;
0,00202212499184198;
0,00994817006193814;
0,0354576388248599;
0,135831078548069;
0,184060681280877;
0,14843699734435;
0,14220731280212;
0,120290308173749;
0,0200429952878526;
-0,0308424126915584;
0,00257760273207142;
0,0103926682241097;
0,0331007745522836;
0,130433672557822;
0,180963289565326;
0,150783777486452;
0,145348325638835;
0,12219363513941;
0,0209999872430001;
-0,0312767608664407;
0,00231752723980067;
0,0106721207701249;
0,0351278707715488;
0,136891234213517;
0,189019847423348;
0,155495469977299;
0,144841450238429;
0,158997835605866;
0,158007003118213;
0,156406761582148;
0,15844117021219;
0,155708090478803;
0,15253467076744;
0,153460254337484;
0,152756117745389;
0,150645669242897;
0,151951979917746;
0,113990651836325;
0,0181747053545793;
-0,0280631598277917;
0,00211597909011838;
0,00959206279469235;
0,0348086239748557;
0,134515914524166;
0,185709532937474;
0,154694005185731;
0,148998087921154;
0,16400698301846;
0,156575059758515;
0,151671857303743;
0,157764158593285;
0,160340652790679;
0,159539237755804;
0,159277796690172;
0,157332209133608;
0,153812174121767;
0,152962940128165;
0,156725294565235;
0,159971097609767;
0,157718806529025;
0,153455006314892;
0,152967019160175;
0,155926623989883;
0,15765922719825;
0,157147516258864;
0,156827753906841;
0,157412890492678;
0,157913104057464;
0,15730147104541;
0,156799032095842;
0,157067976661697;
0,157441350972974;
0,15913220580691;
0,159975083618213;
0,154865361895227;
0,146402922612019;
0,142199055489046;
0,106221436727008;
0,017885370353067;
-0,0262027922244863;
0,00160152261518944;
0,00912063772039997;
0,0333582877520331;
0,128508616382639;
0,178258297727927;
0,149645731055245;
0,144745540037025;
0,121182351199561;
0,020537778813469;
-0,0309728705834596;
0,00239399547386262;
0,0105258242782458;
0,0310701219491429;
0,12280982038257;
0,167803173162562;
0,134064050272966;
0,126276743176072;
0,107108143795812;
0,0182605498644924;
-0,0275592048351622;
0,00217633392602543;
0,00933982903984905;
0,0351983412443895;
0,138126109300086;
0,196412528575311;
0,170853843931143;
0,166926643171072;
0,138853412907677;
0,0236233365876307;
-0,0354658589008196;
0,00269125016095556;
0,0120756127331219;
0,0329845988710326;
0,132277828260464;
0,183004978279322;
0,146309232050338;
0,130265584887983;
0,105339753504944;
0,0173799656089665;
-0,0267334302723256;
0,00217063790467763;
0,00904439045854374;
0,0392608160163296;
0,147227960737277;
0,197992365364066;
0,160354309383104;
0,155311842955957;
0,17555228244684;
0,170419606379991;
0,162086932384433;
0,163625611672312;
0,167262335754752;
0,165939745867422;
0,158684655970337;
0,152797595628586;
0,150940877645143;
0,151328827194711;
0,114160785220583;
0,0193263229962971;
-0,0282627948839647;
0,00173590108902568;
0,00983082980994462;
0,035375515180351;
0,136649751166062;
0,188913974027154;
0,154625208560667;
0,142187371954225;
0,155884866546461;
0,15686386721635;
0,157211818811639;
0,157614581470706;
0,152695344380487;
0,152758033793847;
0,163116527802151;
0,16714149058255;
0,157575821774195;
0,150388575687199;
0,154362360268961;
0,164106474513995;
0,166383905132377;
0,15750526494811;
0,150693112413524;
0,14958593325003;
0,148846709736379;
0,151942956740353;
0,161883109920065;
0,171001350607396;
0,128314682558161;
0,0199624263778428;
-0,0314420882432757;
0,00250599258260909;
0,0106914756924776;
0,0356737680566198;
0,139050683069813;
0,190505761496695;
0,153602091914797;
0,140748248904768;
0,114231710029947;
0,0178902982815906;
-0,0289537422740115;
0,00273644767856531;
0,00962555065492518;
0,0327273243748541;
0,127796225648878;
0,17617866844525;
0,147057977716241;
0,141385821088155;
0,153952368969983;
0,147484262870865;
0,144402116026412;
0,150271897392368;
0,151825172582347;
0,1509157567012;
0,154187268830349;
0,153567198662035;
0,145053709121428;
0,140495451050752;
0,106184765609042;
0,0182776569021602;
-0,0263492230182343;
0,00152265150023821;
0,00920584328789185;
0,0372239106277141;
0,138869220576229;
0,182905296038213;
0,1373733481484;
0,124870458407971;
0,150648029013835;
0,160242975961304;
0,152391979035828;
0,139586233648492;
0,135259929783095;
0,138676586879979;
0,136976263408678;
0,131993082083729;
0,137605474454698;
0,156165042021854;
0,128844070819302;
0,0239098756963249;
-0,0326226396635976;
0,00149266861000885;
0,0115521181658019;
0,0285358191516958;
0,116128313001956;
0,166179084534267;
0,144438790248369;
0,143209011995325;
0,120570443854296;
0,0209227015160207;
-0,0308504666905196;
0,00219543226830817;
0,0105671445460593;
0,034259403088099;
0,134197658154655;
0,184987989253031;
0,149928320887719;
0,139385066561886;
0,116141754455085;
0,019670841613389;
-0,0297381881733127;
0,00233072130146501;
0,010090381813459;
0,0329565617840408;
0,130234920461731;
0,183649198922201;
0,156178066978675;
0,145895646093312;
0,116393383201689;
0,0182780705099786;
-0,0292814347332404;
0,00264035151616247;
0,00979740718455192;
0,0358076932401757;
0,140989461561559;
0,197973852268461;
0,165072478807966;
0,155032964410619;
0,173394933313028;
0,170011512392287;
0,162887471451912;
0,16590338217182;
0,165476018245107;
0,16019433711891;
0,156839929403595;
0,157280187957017;
0,161686338795793;
0,166030196605235;
0,165873470999427;
0,161202189314972;
0,155628617036375;
0,154113395040481;
0,157790059781416;
0,120647572230116;
0,0205500624089624;
-0,0298892697752263;
0,00179342269126074;
0,0104147589071165;
0,0354350604274804;
0,135268151829002;
0,182738019316715;
0,149454879093947;
0,148670044429757;
0,127040711885571;
0,0208588795152532;
-0,032564270618253;
0,00284737043079102;
0,0109172727219883;
0,033988567804572;
0,13382462343566;
0,183118134199469;
0,148404664342563;
0,142077871528988;
0,160999411946447;
0,157412839415311;
0,150698053868098;
0,153767130614683;
0,157507314106086;
0,171383408450121;
0,189002881762523;
0,169334670495094;
0,142947102234832;
0,154113957357022;
0,163072831734875;
0,156605726270953;
0,158393375256153;
0,161482298128526;
0,159466133268976;
0,161061157374375;
0,165584073403455;
0,165111201317738;
0,160673783696929;
0,155982319269358;
0,112744852580421;
0,017240904234017;
-0,0273980619417534;
0,00219605791137004;
0,00931787880196604;
0,028638811097488;
0,115419181350786;
0,16828594522325;
0,153693133475098;
0,149924066928344;
0,155043310734534;
0,147505666541954;
0,148921731693067;
0,15664069339301;
0,154348589488184;
0,146737959735229;
0,146159188966659;
0,151870960201533;
0,155973774292976;
0,153565418797481;
0,145360813079466;
0,137458433817783;
0,13432560661619;
0,139160632530305;
0,152547099753992;
0,164299240848668;
0,164549797016546;
0,155432920439645;
0,145611172754706;
0,141030094932302;
0,139878165278697;
0,13848068720068;
0,138478684330463;
0,141988137039473;
0,145201025891501;
0,145065285234004;
0,144312255518028;
0,147571407809684;
0,15671004220792;
0,167555933733752;
0,173942176335681;
0,174120699808813;
0,174649442654053;
0,180040816864854;
0,180067122844418;
0,168997959157477;
0,158340900318078;
0,154403773444908;
0,152166258821444;
0,150026100463539;
0,14903971636608;
0,146921271313454;
0,144321233932506;
0,146206615212956;
0,149878209336162;
0,147423589179443;
0,141414981430405;
0,139753101989178;
0,142883143813138;
0,14874880036894;
0,155081844787937;
0,156428389093966;
0,152931957306673;
0,150732665469662;
0,149951229032181;
0,148704132835758;
0,14834064760263;
0,146172371609982;
0,142378572041176;
0,143951065961274;
0,148921163257319;
0,14986787512661;
0,148892857529356;
0,149309729973083;
0,148000042857215;
0,145122481551215;
0,14623045283926;
0,150845721460336;
0,153615650835753;
0,153692819266468;
0,113628294393966;
0,0182194315413804;
-0,0278302866521674;
0,00198309005230475;
0,0095680308824396;
0,032121198503387;
0,125170594802591;
0,173719215365538;
0,146185035629324;
0,141867434946578;
0,155545296542534;
0,147853451604932;
0,142172781135431;
0,147471429594485;
0,153106727368638;
0,156093018336994;
0,1540932637398;
0,149421123370915;
0,148449685399171;
0,150450731859215;
0,152555840096522;
0,15376603940201;
0,153478225161434;
0,153234944108961;
0,15371090575757;
0,153507933261964;
0,152748058857149;
0,151457829685604;
0,1491316785772;
0,145870877085429;
0,142314836554546;
0,140777404186167;
0,141403849466235;
0,142957236824694;
0,145662093722271;
0,146640635558738;
0,142997055766221;
0,140003351696073;
0,142585910073907;
0,146342190142011;
0,109867540056519;
0,0181213549919437;
-0,0269967615832299;
0,00175503309872762;
0,00935362595787023;
0,0337212320064654;
0,129023308822068;
0,175599603875111;
0,142647472805125;
0,135921232617625;
0,150751247837085;
0,145832265699833;
0,1429677569;
0,147194057353078;
0,148215454940092;
0,151242103044389;
0,156431718569299;
0,154705065509444;
0,146991503306584;
0,142079351372368;
0,143137725452735;
0,147808524494495;
0,153739726422725;
0,159655317986483;
0,163198386274859;
0,158496648478734;
0,144235034197656;
0,133300782868839;
0,136671893781635;
0,147354193733035;
0,114679861502736;
0,0195149113796046;
-0,028460922688986;
0,00174150178934883;
0,0099005475960794;
0,0262488727888993;
0,108863348384905;
0,161331502338267;
0,145364947821664;
0,138118472127703;
0,109858158200282;
0,0180988459887815;
-0,0276615781879245;
0,00214881436311352;
0,0094079976824454;
0,0349254604746751;
0,134085181359197;
0,181246205808493;
0,140729186236061;
0,124937413547658;
0,137385178867362;
0,134750804231892;
0,136034397310802;
0,147856881560344;
0,154360561742671;
0,148197690747533;
0,135393603012681;
0,134652540722365;
0,147774706443621;
0,154954657967344;
0,114017059793494;
0,017964117190992;
-0,0277611094805914;
0,00202896005418093;
0,00952674831581158;
0,038692277472523;
0,145698443582321;
0,193583753219102;
0,145856337109509;
0,126563989379865;
0,105080400836897;
0,0178462659013613;
-0,0269670810272866;
0,0021234320034482;
0,0091439390622653;
0,0269265477560071;
0,106731215881228;
0,148848725747961;
0,128153310754931;
0,130794945868107;
0,149521732733236;
0,14842247890157;
0,14499264589559;
0,145080316099436;
0,141520217423785;
0,137882214431427;
0,140663454265262;
0,14871198420966;
0,154529478340221;
0,157013179258092;
0,159588113591316;
0,158780913899973;
0,151811143303203;
0,144300222936664;
0,142996283300442;
0,146211662488723;
0,145061861068424;
0,138609309122372;
0,134609080418822;
0,135141231554385;
0,138437012735277;
0,142196273475701;
0,142949936768295;
0,141810073552954;
0,141201503352902;
0,141379571980976;
0,141299695844231;
0,139250698889357;
0,138151968639124;
0,13946676110045;
0,138141853208914;
0,133631121241529;
0,130792153341174;
0,131601113765115;
0,133416642870177;
0,133771080518997;
0,133225616717922;
0,131846088704624;
0,131409838542824;
0,133105347177479;
0,136700673832623;
0,142779010089118;
0,142927371182891;
0,135277063780446;
0,13292172777525;
0,13522597387699;
0,133987095229404;
0,132749547203508;
0,13344901493319;
0,132727461966982;
0,131162303093083;
0,133397072463479;
0,14105625483364;
0,146867304957414;
0,144908028881263;
0,140224371175979;
0,139836187423689;
0,142193114893045;
0,14124432734599;
0,138436171070597;
0,139321043273874;
0,141098768525747;
0,138885212801056;
0,133780764499806;
0,128199053667159;
0,125293440353365;
0,126930824805179;
0,128968130446804;
0,12655940420441;
0,125884952519118;
0,136302101149135;
0,149479571243385;
0,150720860039891;
0,14204075690231;
0,135169567144501;
0,134337641386113;
0,135382062079483;
0,134121263379859;
0,131805209232825;
0,132987865610975;
0,137053851080132;
0,138352786578902;
0,136150736683915;
0,135359199486311;
0,134915463889655;
0,130282090934493;
0,127119697597778;
0,133511861778875;
0,146078822082636;
0,152709270356445;
0,144820963606142;
0,129890983280924;
0,123147251358612;
0,125736829998884;
0,130467336395839;
0,137138577901989;
0,14504030160707;
0,148705211071942;
0,14504528764148;
0,138549752265929;
0,138132464332024;
0,142730438726628;
0,143236776435867;
0,139193904495078;
0,13497082545609;
0,130382127282759;
0,125803429919672;
0,122559420442561;
0,121117402239193;
0,126273037111895;
0,141713700465988;
0,15871423875738;
0,16409887076916;
0,158862643045564;
0,154611163010535;
0,152415913220581;
0,144637337408483;
0,134250687341335;
0,129882535501527;
0,132063708324637;
0,138234171160227;
0,146433574785145;
0,153009950790981;
0,155804761078655;
0,153935508190194;
0,148808105490908;
0,146690920757523;
0,148895079689391;
0,14798897868741;
0,141726923781279;
0,137743366678792;
0,138579540869257;
0,141258674514661;
0,147894867899359;
0,155024464492759;
0,155423412683928;
0,15323935674727;
0,153507037791303;
0,152589043855213;
0,147185762714561;
0,143463457091511;
0,148930763102739;
0,156524673741931;
0,155360659293644;
0,147958491763713;
0,144203189859025;
0,147551357104248;
0,151178987839678;
0,149405264063679;
0,144194316704477;
0,13838442145788;
0,134627076840019;
0,136231101453056;
0,140024037661213;
0,139956997284541;
0,137537195425969;
0,137149249089557;
0,138742592681959;
0,139377218082062;
0,13854885154738;
0,138089430255394;
0,138589886650638;
0,142132447630706;
0,149013187562042;
0,150967612131071;
0,143005631428883;
0,133499811822635;
0,131634586763204;
0,13411107369064;
0,133956380137085;
0,133654980113949;
0,138647373864472;
0,146972439191943;
0,146946551816759;
0,134497238932917;
0,127708393215325;
0,137412772729712;
0,148861292400043;
0,146711744377523;
0,133905590114374;
0,129124632418043;
0,137453922660108;
0,139429207426259;
0,132049820745722;
0,128781935349822;
0,127491161091811;
0,125262904939193;
0,12737163764644;
0,131667459297078;
0,132359767439552;
0,130672437223747;
0,132382773463669;
0,13907778607445;
0,14537552518137;
0,147193905673975;
0,14618459429934;
0,141443089948469;
0,130170657823495;
0,114177275473232;
0,10012594419129;
0,101457080084478;
0,122460085671562;
0,145111936361068;
0,153822424154465;
0,153221586649551;
0,113289097334128;
0,0185553047912589;
-0,02782320555748;
0,00185643142778623;
0,00961924792351853;
0,0320035260112779;
0,126023797463176;
0,174339794213988;
0,136143156531769;
0,116744209985315;
0,13320991231807;
0,144967740826969;
0,147193664394292;
0,138125052928996;
0,125983573389222;
0,127141887215582;
0,134551210658588;
0,127160451409482;
0,110610479259075;
0,108186240738418;
0,0873758404312389;
0,0168044521135053;
-0,0222229518997756;
0,000821069803140256;
0,00795335431615929;
0,0264533543261623;
0,104161317915972;
0,15172784658379;
0,138547545664182;
0,136568310351475;
0,139259305488401;
0,122629177489766;
0,122517685102879;
0,141268667311589;
0,14627834700852;
0,14489272959206;
0,151885690988823;
0,147916254203923;
0,133928474987857;
0,128793781749987;
0,135011377880708;
0,149398295049149;
0,150019369169428;
0,134319915987912;
0,127820793004794;
0,129754001174752;
0,134239008472068;
0,136736081936197;
0,129922624749635;
0,123548799557976;
0,091636029658872;
0,0151678783773235;
-0,0226227830220976;
0,00150231725572221;
0,00782088884682852;
0,0330863794517683;
0,127023984362443;
0,178064319532233;
0,149505371716721;
0,137825576678805;
0,148502417140126;
0,146772185701819;
0,147908198616526;
0,15208556725167;
0,147943875333979;
0,141687320720738;
0,141980735663623;
0,151332361849782;
0,15891164000364;
0,153288535943603;
0,143480696766194;
0,14186659794706;
0,151093639749757;
0,158996619769205;
0,153346597707179;
0,147376480523782;
0,150800693992501;
0,152162101545613;
0,149154677409088;
0,148430099525007;
0,150322468834405;
0,151994522729918;
0,150961940274811;
0,149178066630477;
0,14885560154018;
0,146512157600501;
0,140417459578255;
0,137916904094423;
0,142188371062732;
0,145730844353972;
0,144518446754693;
0,140127839082111;
0,138395260080486;
0,142146643187584;
0,145569471848501;
0,144853169460432;
0,139832542582017;
0,133870343846158;
0,132240819735247;
0,134771407808894;
0,138159869730028;
0,138944763515719;
0,135351880304145;
0,132136884842814;
0,134256489858655;
0,137805960086569;
0,136768985311682;
0,132771661837991;
0,131208119148102;
0,131738073508701;
0,0978490480924877;
0,0158172472824458;
-0,0239622453435196;
0,00165183802701034;
0,00826298958290206;
0,029456348809849;
0,113917431346034;
0,156494781761745;
0,127811013387662;
0,123285808078516;
0,140005857648986;
0,134348298216507;
0,126990274552544;
0,130001103730613;
0,133316016854446;
0,136505740028891;
0,136421262597812;
0,130437471007247;
0,126675322439224;
0,127518013537976;
0,130397959900279;
0,133970607837747;
0,132198620290583;
0,127036221283594;
0,126704823231717;
0,124343451034302;
0,114548412134603;
0,113078531436809;
0,126863158840176;
0,140416250608366;
0,108106520257586;
0,0180376493231652;
-0,0266718033995631;
0,00170190058132771;
0,00925194544469305;
0,0318709162637013;
0,124915371103258;
0,178145462413494;
0,155904822587185;
0,145914334749938;
0,148813352157259;
0,14231889301837;
0,148104621216808;
0,159321497410372;
0,155633159141366;
0,140928660666294;
0,129186749356436;
0,127038094220049;
0,136661899946239;
0,152385433909764;
0,154111420321908;
0,134446895711522;
0,122575948574641;
0,136276816695622;
0,154193663106709;
0,157244793729122;
0,148582146685525;
0,141893845200139;
0,137130614177624;
0,129938114939377;
0,134248765556006;
0,147231080341382;
0,147497500387676;
0,135760432438652;
0,128441551483528;
0,140001099155831;
0,162448677878316;
0,166793122073399;
0,156267766822218;
0,153931279606717;
0,15811059450797;
0,16227852765447;
0,16260080336666;
0,157739995690814;
0,154859294163847;
0,150791959917821;
0,139260747533027;
0,130529575037335;
0,133088159298406;
0,138859845056585;
0,140021318743936;
0,137352615947596;
0,133232733844962;
0,132938969012922;
0,137913228894788;
0,139616015180266;
0,137711978503701;
0,139961161999167;
0,143839266276458;
0,144554072568973;
0,141940022288931;
0,13828745217726;
0,139482342934032;
0,14374209752473;
0,14477972441306;
0,143367437041324;
0,143411108375968;
0,146008789710131;
0,146028757351618;
0,142394404950923;
0,104757877310756;
0,0174457184868006;
-0,0257347286391236;
0,00159917115923183;
0,00894932310289107;
0,0324909368737131;
0,124502719298861;
0,170737578832544;
0,140389087294005;
0,13317914836501;
0,110122992413087;
0,0179258758498448;
-0,0280226206740806;
0,00241526984740373;
0,00941620956436126;
0,0284620253220282;
0,112895670159036;
0,157219514322987;
0,134167838015148;
0,135128000052109;
0,11528416033771;
0,0198065425325515;
-0,0295601270445976;
0,00221898049071975;
0,0100721396729905;
0,0364854608218748;
0,139800408756784;
0,188307128152855;
0,146355003075972;
0,130919415553013;
0,107843531871747;
0,0175851367596771;
-0,0275370180995345;
0,00240700702681007;
0,00923534099164445;
0,0317102122689341;
0,123862067228474;
0,171718532566064;
0,1433673730888;
0,137260731265204;
0,151068986089789;
0,144792440927525;
0,140237966823196;
0,145991501711751;
0,147845750599496;
0,141876483742475;
0,132627653365346;
0,133809332573387;
0,146208597949987;
0,15273197277211;
0,113122747644369;
0,0182515088203982;
-0,0276755650582644;
0,00190870958231417;
0,00954390087734856;
0,0276729199881193;
0,112855392264428;
0,162790303784539;
0,139246280998465;
0,127277354210235;
0,132853415807303;
0,129861394739799;
0,135210717987442;
0,142072052736366;
0,136321525403568;
0,127303554277004;
0,121595511068933;
0,114967326419296;
0,107987456637022;
0,110617317455482;
0,121401843038974;
0,124214091404878;
0,115243770319046;
0,10705564877687;
0,110891175420645;
0,124412505094318;
0,133719426031216;
0,131288012586011;
0,126405271783366;
0,125914801350321;
0,0930798512754994;
0,0143656265765852;
-0,0227293804059208;
0,00182094583783925;
0,00772708947214197;
0,0327925929069716;
0,124078922830027;
0,169418374303839;
0,139242415229507;
0,130814622546945;
0,143659438176148;
0,142282515089351;
0,140470538458091;
0,142032742723281;
0,140388942748961;
0,139181403492186;
0,145376414919139;
0,15369285003123;
0,155787452377672;
0,153748339322567;
0,11262969227142;
0,0176779366188551;
-0,0275387201703821;
0,0020994001484497;
0,00940839768336416;
0,0322262795877462;
0,12517072102123;
0,17241361721832;
0,144345285977259;
0,142272625378248;
0,156333383335487;
0,145684661661533;
0,139697985755657;
0,147590672802466;
0,153043408057111;
0,148722906471665;
0,138483617631591;
0,13767679250991;
0,146483764730445;
0,147617076014923;
0,105799500466079;
0,0163722933089155;
-0,0255348419821911;
0,00187790481314099;
0,00876454801022309;
0,0304458814810282;
0,118328167527741;
0,163727365974525;
0,13530003318739;
0,127236765219384;
0,104976243544518;
0,0174798882802241;
-0,0267338548781526;
0,00214920152197037;
0,00905131813033159;
0,0332285580435133;
0,127248991118133;
0,172379446259361;
0,137990565161139;
0,129780524641329;
0,109867776243293;
0,019124237643457;
-0,028211525954687;
0,00203322811159706;
0,00964895287992728;
0,0301616759666661;
0,117247972742464;
0,158524790563445;
0,124300885187637;
0,113306992291609;
0,1243158949145;
0,119459823057305;
0,119587054934695;
0,13237378216739;
0,140094096635656;
0,102888883450577;
0,0155905091042245;
-0,0249691544649195;
0,00204497320066239;
0,00847352198839827;
0,0293668201117163;
0,114062036384409;
0,158209213479979;
0,133179098839602;
0,127265184142764;
0,104346040324266;
0,0171983777302799;
-0,02643259483045;
0,0021295182176957;
0,00895146081081761;
0,0270206781831389;
0,1097999064906;
0,155735960950774;
0,126516162335621;
0,109828952600693;
0,118583663645369;
0,123154414250601;
0,131985807548827;
0,140148582422877;
0,134324099351172;
0,127442183562071;
0,134180240859988;
0,145721466344787;
0,151502105129483;
0,152985447398222;
0,152600933725386;
0,150523204884893;
0,148492461516789;
0,147990951619839;
0,150806409979552;
0,154619193087116;
0,152372386646148;
0,147637318737017;
0,147590991344659;
0,151293867585056;
0,154836917566066;
0,15093456251265;
0,14074255243802;
0,135354707655947;
0,136020814744861;
0,140897545703266;
0,14751368184771;
0,144454145961878;
0,13543985673626;
0,134598747294496;
0,102552411894407;
0,017036152118831;
-0,0253837085960888;
0,00169345956308014;
0,00876989776186471;
0,0324095264663901;
0,121938570819349;
0,162273120389722;
0,128139480393365;
0,121430553498628;
0,101974061142179;
0,0165764970176733;
-0,0260148667577764;
0,00228422574917429;
0,00872097522877499;
0,0327102437043561;
0,127193793790839;
0,178607441781933;
0,154049677967984;
0,148449748904439;
0,159835935264184;
0,155000664473995;
0,150983651674301;
0,14711109860845;
0,137435023785149;
0,133275777549706;
0,136573064462172;
0,138411474644311;
0,139329943423909;
0,144001495709487;
0,110564642654911;
0,0185445456699929;
-0,0274346613367517;
0,00179006528529503;
0,00949427993908751;
0,0344810294603245;
0,133729637022399;
0,185836643330561;
0,153308491831714;
0,142810307831663;
0,118148191304112;
0,0200923075610254;
-0,0301894838844632;
0,00230050174663995;
0,0102744490831107;
0,0324650668295215;
0,127761182379974;
0,177417721944795;
0,147030908217663;
0,137697486248415;
0,148543077709044;
0,142551265636784;
0,138338503512736;
0,140287723984377;
0,142672407156343;
0,146089589617169;
0,142421278807462;
0,132629184250529;
0,130400123645663;
0,138077780661221;
0,108557473347097;
0,0190193154287021;
-0,027108841285517;
0,00151473509779604;
0,00948905677781506;
0,0335782252243629;
0,128921131017759;
0,17760872392528;
0,145647392408806;
0,132359963130194;
0,143086036953687;
0,145788042119911;
0,140342492229202;
0,126217816408458;
0,118325518274932;
0,123656970481747;
0,130599681834921;
0,13361625161663;
0,137820070552573;
0,145287414480818;
0,151312526804948;
0,154139377436184;
0,154987332282544;
0,153985620781242;
0,151506668290937;
0,148529576011811;
0,144857973922523;
0,139199031562969;
0,1340987226601;
0,135543561703268;
0,105691193367274;
0,019339137480956;
-0,0264436298349179;
0,00115721493329497;
0,00939684923298674;
0,0426204500957266;
0,152786813577031;
0,192343070440484;
0,134925008581233;
0,117207111522554;
0,131408001201471;
0,126608815018387;
0,126315624641731;
0,131582926258595;
0,129030359306689;
0,12577393124803;
0,12650497106807;
0,128901759985245;
0,130451086737594;
0,128598750679165;
0,0943335341501385;
0,0156693010318144;
-0,0230797862552684;
0,0014027624120095;
0,00804288527225874;
0,0292310633752189;
0,113574124235312;
0,158729173859485;
0,133170801203857;
0,127579933023632;
0,142212929979678;
0,138660888045944;
0,134352208826951;
0,138909402329976;
0,142043966415917;
0,143635731957799;
0,14814779344876;
0,152441988356696;
0,153458940781352;
0,151825950797963;
0,110667730604697;
0,0170395120521573;
-0,0269714644898601;
0,00215168941546363;
0,00917489463890511;
0,0327618366551155;
0,126525256839596;
0,172845982773367;
0,139934561739407;
0,132767666795666;
0,112942549914669;
0,0199159961353702;
-0,0290672959578866;
0,00202015849924215;
0,00997287607876498;
0,0306399575833237;
0,120317260841864;
0,165847833396647;
0,136001714861825;
0,129824107386586;
0,144638679877508;
0,139777105324476;
0,134549925301841;
0,137905638837367;
0,139874039022516;
0,139467078713985;
0,13833783961952;
0,13698057744401;
0,137400778406917;
0,139221274010672;
0,104401699837595;
0,017123231100453;
-0,0256901471754815;
0,00172950974212926;
0,00887343765557584;
0,0327595206133384;
0,126379566066957;
0,174892518403319;
0,144021011630362;
0,132799844101954;
0,107572524747396;
0,0172993689887323;
-0,0272538474600762;
0,00237933955516742;
0,00914796200498551;
0,0336538238709201;
0,128157256085324;
0,170353112068233;
0,129767791014189;
0,114348928894499;
0,124004398379803;
0,1191589675868;
0,116853989096816;
0,121064639687975;
0,122999667090871;
0,124799733355498;
0,126486653014517;
0,125193560977503;
0,123261044354744;
0,120467593069806;
0,0864774639895379;
0,0130615858854037;
-0,0209080668050328;
0,00169133345197886;
0,00710711439250715;
0,0279277519510839;
0,109577093179158;
0,157483262315682;
0,139977316630027;
0,136444753983003;
0,147091029136874;
0,141994089236855;
0,136677277344838;
0,137376483393748;
0,143077729986757;
0,152006926499131;
0,158004298295899;
0,166857893474505;
0,179712280993073;
0,181423947516458;
0,127377481676533;
0,0172989579954425;
-0,0304253991764434;
0,0030952967400699;
0,0100724250798328;
0,0167822257046163;
0,0756186999080395;
0,11219813144938;
0,109279124970155;
0,125545927574735;
0,109416074488835;
0,0188200664459341;
-0,0280147433735755;
0,00207336226339756;
0,00955990947479972;
0,0268919829389088;
0,106264908701292;
0,147195931941192;
0,128631699968072;
0,138110615796128;
0,158629028530205;
0,149414565243579;
0,136120990534099;
0,130985761756084;
0,129396822563245;
0,13608239512756;
0,146982103805324;
0,149877750653818;
0,143718652967929;
0,13483836293548;
0,128207603942007;
0,129949021452105;
0,137713304234612;
0,139017325691155;
0,132461069572317;
0,129738639696832;
0,134692047607982;
0,135467108516472;
0,12671706078211;
0,122866728377128;
0,130335818264858;
0,136750048716361;
0,137844804332415;
0,139418601798165;
0,139239739813947;
0,134069951992939;
0,128557387177647;
0,126700973890698;
0,129165597813485;
0,134246340289129;
0,102010909701163;
0,0165647215595184;
-0,0251769688686009;
0,00180344939559514;
0,00864574727140346;
0,0274208053857194;
0,108743995169125;
0,153528086499862;
0,130236376359082;
0,123161770921663;
0,100927599941884;
0,0169595567914368;
-0,0256568429217219;
0,00197490310438211;
0,00872695377074526;
0,0321584879587797;
0,124986801193054;
0,173966700129848;
0,143545856427654;
0,130955605111496;
0,138731262240978;
0,130367305332314;
0,123074495376018;
0,122172908967128;
0,121567175625274;
0,126471198956154;
0,137714881463732;
0,150203245504167;
0,155601784431851;
0,14573831695249;
0,129210784218997;
0,124119179606988;
0,133988753568372;
0,147819411997772;
0,155780822365535;
0,158281923010221;
0,159303392310484;
0,154670240861407;
0,140213517341287;
0,127199760917576;
0,0936498809098684;
0,0169041607688153;
-0,0232059429240041;
0,000993225097808999;
0,00826297886476594;
0,0298954293757494;
0,111866339454916;
0,148131783862561;
0,115633489220063;
0,110718264417122;
0,126961878075211;
0,127321615165971;
0,129226802829197;
0,135262200844164;
0,139014709125991;
0,143384978138776;
0,148771960376431;
0,152828438311793;
0,151873340695204;
0,146976201304684;
0,149679562037751;
0,168162189245276;
0,184949261220436;
0,174038462942368;
0,145996289516658;
0,132031318682351;
0,133779629677428;
0,134296138065322;
0,130581181727918;
0,129194644151044;
0,132238513613294;
0,134725333908336;
0,133354224329138;
0,130792749020912;
0,129510653590505;
0,130812426048335;
0,133145213911161;
0,132623294968624;
0,12860561844925;
0,12519580783349;
0,127696291674548;
0,1334057859591;
0,134923978893851;
0,134007673321097;
0,137651973393361;
0,143784120849405;
0,144231659218638;
0,138343370936415;
0,132269964130381;
0,131569610195891;
0,1365763300628;
0,141505628687093;
0,14474220461676;
0,149278824611456;
0,15127431561181;
0,149218523044502;
0,147912497140907;
0,143383829737178;
0,136361905226149;
0,140501458670802;
0,11324332884476;
0,021197724164022;
-0,0286758299435824;
0,00123663914671459;
0,010187882160231;
0,0338821528929104;
0,12967405709532;
0,176097050768473;
0,141825887905763;
0,132840265258499;
0,14063245470983;
0,12529435948099;
0,120406078418804;
0,136079916185074;
0,146689661568731;
0,141599701855889;
0,127011648687757;
0,121253637384945;
0,134811887115058;
0,146967451303059;
0,109497415885738;
0,0175366901415648;
-0,0265540375943941;
0,00176691590075532;
0,00919294649370669;
0,037782793973316;
0,141157086275095;
0,185379753681056;
0,139715669387662;
0,13092358620905;
0,115981162054077;
0,0209436514396552;
-0,0302894831657643;
0,00212113732044527;
0,0103722355926788;
0,0289302344986727;
0,115390674146582;
0,157927239172265;
0,124526282840929;
0,116638393607595;
0,134845172964668;
0,134451139589548;
0,130689316277672;
0,131484514991664;
0,12642454589189;
0,119577702958664;
0,119629159664318;
0,123775835914277;
0,125917203307746;
0,124026903431641;
0,0889335686634043;
0,0129881575355472;
-0,021537484417468;
0,00194735802620606;
0,00722894064323631;
0,0324579215266966;
0,125353261076361;
0,177304233427649;
0,152126879449942;
0,143407248149819;
0,117135810004575;
0,0199739499303923;
-0,0297904852831141;
0,00217709956975483;
0,0101840525854861;
0,0336915737294611;
0,134029430357584;
0,191587349487082;
0,16598034290486;
0,156418380963477;
0,165342723797623;
0,158264343805431;
0,152005072854335;
0,147218465349201;
0,138201174342087;
0,132244613074603;
0,129688396287239;
0,131000680597029;
0,144876082508396;
0,166675027030206;
0,178618655876931;
0,179625403197741;
0,177499469638171;
0,166119498344735;
0,144706148963741;
0,126734707962984;
0,117943060876017;
0,11340935118745;
0,112576347667344;
0,120623564757811;
0,0982534576922335;
0,0184666708009499;
-0,0249110076702943;
0,00105924242095919;
0,00885608022086679;
0,0349215129178456;
0,130680790043813;
0,173192341581434;
0,132230686398355;
0,12521473159054;
0,151252094981759;
0,15588303123813;
0,152909597118887;
0,153715901237247;
0,151609448025862;
0,147085802012481;
0,141413562871005;
0,135423831021583;
0,13575775138269;
0,142472194593215;
0,108715854811142;
0,0173686564824886;
-0,0268152006330816;
0,00203254394005896;
0,00915923024285423;
0,0357761130722941;
0,136590993480712;
0,184896392935768;
0,14415055811801;
0,127475925250652;
0,105056883050145;
0,0178221310234416;
-0,0268847998322501;
0,00208743972857442;
0,00913136884641527;
0,0269600340279226;
0,108365757522267;
0,153976154285798;
0,131856796511676;
0,125477240295683;
0,102661528317157;
0,0172116445344969;
-0,0260681694697537;
0,002008394735876;
0,00886692141125937;
0,0305185869338132;
0,12038401964917;
0,171348503665376;
0,148988345920953;
0,141612745261882;
0,113056405148183;
0,0177268156367502;
-0,0284279952072029;
0,00256808644496318;
0,00951018589921921;
0,0329451016048189;
0,124106258718789;
0,159044999751654;
0,113220252316119;
0,102271560700511;
0,126674262277204;
0,139262109108201;
0,148052647135635;
0,154940336845756;
0,155094429662074;
0,14904939765571;
0,140450511935353;
0,144097563294871;
0,155462460308592;
0,156394338185881;
0,113833838548535;
0,0187077479299311;
-0,027802098887604;
0,00174928183606225;
0,00966361436265404;
0,0297324430538636;
0,117552588828678;
0,165146708238786;
0,138564507870373;
0,126616418933884;
0,0985772138719564;
0,014194927562232;
-0,0245970274328946;
0,00266153969914667;
0,00803922384077303;
0,0338213747679556;
0,129939307207841;
0,178646598680679;
0,146141920380099;
0,132802565177713;
0,142061730543918;
0,141413336105923;
0,149186745363249;
0,16673505348039;
0,174752616703744;
0,165029522175427;
0,147454825874973;
0,135845554358719;
0,129697891043046;
0,121820394531491;
0,117288628558226;
0,122397167805474;
0,130961149063409;
0,133683713313862;
0,129686413942876;
0,124482835402911;
0,123279909424514;
0,129059957602419;
0,134003815124204;
0,130253840227519;
0,0932507083741718;
0,0148944442273989;
-0,0226609966468285;
0,00154880474213065;
0,00782556598477541;
0,0309649205553703;
0,119509467666614;
0,167238828549681;
0,141668292341343;
0,136424326660054;
0,1514072612014;
0,146613749247391;
0,138291291576144;
0,136683915448223;
0,136060261199327;
0,134101180410734;
0,13075572172621;
0,131415615678231;
0,137558414739337;
0,140320543410156;
0,136788007460665;
0,134305456069302;
0,137464997099396;
0,142485408398205;
0,142644180058311;
0,139222142808515;
0,138919070696424;
0,140293228351525;
0,138330762567428;
0,137144724975828;
0,140461498801081;
0,141854853569943;
0,140972860121579;
0,143467478072776;
0,145770954620988;
0,144458039417383;
0,142802337525722;
0,141735874481602;
0,139485671198969;
0,138050206717332;
0,139715465525144;
0,140348826143785;
0,137526933410008;
0,135925262154273;
0,137188962219899;
0,139395234849945;
0,142540064574433;
0,14397267058765;
0,141334385504881;
0,137340239234087;
0,133966341925915;
0,132384073557074;
0,133769246384389;
0,136414414694495;
0,139661283502713;
0,142442528294411;
0,141294529878452;
0,1387665989096;
0,139926203079823;
0,14258310098014;
0,141439665382642;
0,136852302245353;
0,134956120753419;
0,136513162658739;
0,135794259339185;
0,098792366081385;
0,0153802038990143;
-0,0240539330313664;
0,00183599691900028;
0,00821996262141438;
0,0299888820532139;
0,114198022565194;
0,15458952765814;
0,127821591628809;
0,128521023812165;
0,144770545334162;
0,136743744653421;
0,134562332278583;
0,144361016573694;
0,141691977422041;
0,0971180462368268;
0,0135897905594533;
-0,0230696494848988;
0,00211726130675901;
0,00774324268967235;
0,0287414208288616;
0,114789720373872;
0,165479984517143;
0,14131821110706;
0,126657020402841;
0,134256102581717;
0,131878224890743;
0,127201583525499;
0,128422022651036;
0,132897497466464;
0,14030251826518;
0,148373038038458;
0,153981893544344;
0,155971458042632;
0,153179012398547;
0,147896610938235;
0,143716196831708;
0,141599075930914;
0,140020570692351;
0,134752552933853;
0,125312014782;
0,118739557870616;
0,120194382971835;
0,125574985789722;
0,131461791037453;
0,141613218767695;
0,153870768125345;
0,160168584990327;
0,159855484462847;
0,158665666697211;
0,158643867555573;
0,156478732985155;
0,153257119346094;
0,149962530988239;
0,140784255602338;
0,131501507452803;
0,135851559710834;
0,147949791960362;
0,15196386889336;
0,146039638651225;
0,103585062360482;
0,0157492684643735;
-0,0250462177746601;
0,00198330167531975;
0,00853268788478679;
-0,00435191134763065;
-0,00119853205354672;
0,00204705436730131;
-0,000431116857333633;
-0,000547088856649414;
0,0385508339980764;
0,131757680585394;
0,178939528864764;
0,147746571255436;
0,128576825075615;
0,0984101426483761;
0,0147822885318142;
-0,0245525761716867;
0,00239754502810804;
0,00813979649754335;
0,0314258746668783;
0,120929148308461;
0,165297697546657;
0,133194299163963;
0,119567605035203;
0,0955408857402318;
0,0150831658475838;
-0,0240908591640535;
0,00216564833998742;
0,00806197184811464;
0,0448874552579878;
0,151796291956904;
0,176368115091344;
0,119079800218669;
0,12064935496228;
0,108934009565953;
0,0165817836910915;
-0,0278589039435573;
0,00295462302929405;
0,00911148812813058;
0,0303770655627416;
0,120293605045529;
0,166695165275758;
0,138438430414174;
0,13337745642697;
0,11231336847748;
0,0191339673783092;
-0,0287925415803326;
0,00222682991574691;
0,00978171518169596;
0,032639197188537;
0,126618134584907;
0,171210436426885;
0,132848900168307;
0,120167471741561;
0,102220859046117;
0,0183952466154667;
-0,0264077309306484;
0,00172998380537814;
0,00910422058306664;
0,0295615916241378;
0,116053523271353;
0,16169344066889;
0,132967063483483;
0,122622545860028;
0,135286825310349;
0,138159494331848;
0,143597122051578;
0,149275417708675;
0,147353002137182;
0,143613196678203;
0,138892901242235;
0,134239447768029;
0,134485426609829;
0,13850075122763;
0,104821630549845;
0,0169881921677651;
-0,0258585246623243;
0,00186002078525881;
0,00887672315451704;
0,0252163641717605;
0,103125850594488;
0,150474481957959;
0,134100771154442;
0,130517155976324;
0,107439512761222;
0,018724944322507;
-0,0273432878627743;
0,00183716717468421;
0,0094183947262163;
0,0356759246211254;
0,135217597458337;
0,181467191506923;
0,141759642612852;
0,128811633480073;
0,106694834795741;
0,0174357822344502;
-0,0272396708202111;
0,00236303040259305;
0,00914371709693284;
0,0349168640813533;
0,134267960715056;
0,184122979769031;
0,150658919355764;
0,139606491999849;
0,148058085981223;
0,13500038895964;
0,122753485833951;
0,124144290191245;
0,132582289132357;
0,141880559824618;
0,144103739552878;
0,138298053045308;
0,133445169369722;
0,133849964902998;
0,101083315353996;
0,016963699109899;
-0,0249466686709758;
0,00155444822351759;
0,00866988186447328;
-0,00425582478014184;
-0,00128772049378429;
0,00205028583771122;
-0,000400773072237522;
-0,000560946448737632;
0,0338414438966507;
0,116180118133664;
0,160155443207911;
0,14024077840809;
0,135374060228076;
0,108887045599582;
0,0168594034874374;
-0,0274797115940153;
0,00262128534540475;
0,00912833649838788;
0,0308943054601629;
0,122578436219031;
0,173327144345693;
0,149549616182311;
0,144595983299005;
0,118544647416273;
0,0194943915395166;
-0,0300807284491381;
0,00246759755264889;
0,0101657839979276;
0,031118275437084;
0,121832045601956;
0,163443595344657;
0,125903553858524;
0,118517043909453;
0,104282145496575;
0,0189668200152943;
-0,0271848670515236;
0,00182145127943656;
0,00934702979832995;
0,0309476952803196;
0,120226606345982;
0,165648782862272;
0,135886625208355;
0,127846937044127;
0,10602475285326;
0,0178230877650755;
-0,0270322094651386;
0,0021176386059951;
0,00917605844265882;
0,0307090069853307;
0,119431900045581;
0,164069473738648;
0,134465387777877;
0,1269162308868;
0,105007929618058;
0,0172987932813605;
-0,026734408621244;
0,00222412085165058;
0,00901850036679162;
0,0313498508295388;
0,120894434262022;
0,163857647828622;
0,132554746655959;
0,128763163195354;
0,110451948895612;
0,0190203573591973;
-0,0284347720404436;
0,00217302285185546;
0,00966826817126797;
0,0309979685826061;
0,121077269785266;
0,165886842750397;
0,133850804806725;
0,125612071118863;
0,10634105055687;
0,0188702514647355;
-0,0273306410396298;
0,00183041863167679;
0,00940877560196417;
0,0296149243788074;
0,11706472805999;
0,164990432220512;
0,139886394609075;
0,130431622405525;
0,103745255042829;
0,0159731427373726;
-0,0260735945985014;
0,00247289953807957;
0,00867080289307187;
0,0300911878270143;
0,119025077231377;
0,168137328871474;
0,144508049653832;
0,138134199234283;
0,148325103947553;
0,141443135464923;
0,136850123190856;
0,142551744080568;
0,147889154038645;
0,148040596074629;
0,145051633089949;
0,141394589956594;
0,137262072324029;
0,133078533398123;
0,130354389626343;
0,131509157852856;
0,135206567938012;
0,136831404076272;
0,137279774448658;
0,137742648419776;
0,137336000467146;
0,136534827039682;
0,133881033739917;
0,130473428009624;
0,131989695293854;
0,140933844835828;
0,150361642706247;
0,152744262624263;
0,150981699503248;
0,111244317755964;
0,0177616284712818;
-0,0272860214426282;
0,00199622481951508;
0,00935665799378999;
-0,00470689634383541;
-0,00134188778582899;
0,00223314593922743;
-0,000458086188459836;
-0,000601941549142414;
0,0351021336106378;
0,119659838480811;
0,162274737565104;
0,136130164330334;
0,126966001726979;
0,103829209685381;
0,0174567677558449;
-0,0264410005858833;
0,00205448093078305;
0,00898377416809495;
0,0304056415012461;
0,121353897932859;
0,174091434433153;
0,148147030998757;
0,134473174957904;
0,108549483729432;
0,0193099810844952;
-0,0275878109841568;
0,001669066602288;
0,00958562992160475;
0,0272745294134605;
0,104628995570211;
0,135745983467427;
0,102100527513361;
0,106096721478774;
0,101175265593501;
0,0197335519713426;
-0,0268409305430359;
0,00147442833255458;
0,00935911265120081;
0,0367757435994011;
0,135945397423454;
0,178046143176723;
0,138739515063296;
0,135344128526877;
0,116904187392444;
0,0193382951357904;
-0,0300480349873121;
0,00260691836894231;
0,010080360494195;
0,0337571313271285;
0,131909823661463;
0,180714409535982;
0,145532097183619;
0,133802331062917;
0,109651130669777;
0,0176929100224765;
-0,027896696635897;
0,0024674078704427;
0,00934611558843323;
0,0324094280552978;
0,128018648402378;
0,178332758280184;
0,14188101626104;
0,121405088489027;
0,135558384188195;
0,147031199779426;
0,15094374082412;
0,143864817960623;
0,130741936492961;
0,125118901266274;
0,124607248333549;
0,123198922271638;
0,124559916433543;
0,128944708891183;
0,0983039849203378;
0,0164171398209997;
-0,0243274740183581;
0,00158402422939454;
0,00842241088777117;
0,0288332783091676;
0,112159410299219;
0,158249533077231;
0,137563715336715;
0,132194552460199;
0,142364996074688;
0,141381768307421;
0,140627666467825;
0,137909969255533;
0,131352859183119;
0,13232788476081;
0,139168633085519;
0,142312789850356;
0,14234044039596;
0,138700073336289;
0,131407811007331;
0,127946143628077;
0,129869271175652;
0,131664754625037;
0,130905898489074;
0,129192490853171;
0,128518770619032;
0,127979496752232;
0,127291454173026;
0,130713927338954;
0,136444825910769;
0,136546077315182;
0,132043016921778;
0,129854881380114;
0,131835492085992;
0,132919291693155;
0,130671949658458;
0,131588747356072;
0,134753383286998;
0,133575971952796;
0,132179225916395;
0,134135053134192;
0,135496204200781;
0,133807369372527;
0,131808530802805;
0,133566678317386;
0,13626556642701;
0,134517702222379;
0,130541459757264;
0,129705511692669;
0,09790366310931;
0,0166021538004098;
-0,0242141639504339;
0,00146311757764674;
0,00843399461198894;
0,0277264700733978;
0,110008943200412;
0,156883508046691;
0,134695587843525;
0,12700465357527;
0,102676918262939;
0,0165555152120555;
-0,0260171258980962;
0,00225481075683842;
0,00874008884818908;
0,0349228166963836;
0,133672475500526;
0,181742691961897;
0,144003991415081;
0,12991749914756;
0,146728354377332;
0,152946894605196;
0,152201965046044;
0,146632052977862;
0,13977527500324;
0,13530439929655;
0,129612083444955;
0,126121547837323;
0,128233007418704;
0,130077102102032;
0,0968617241030975;
0,0161889048517039;
-0,023745239394286;
0,0014253966618529;
0,00828124712241756;
0,0354096139264488;
0,132957405046587;
0,178181076653935;
0,13816411240009;
0,126990332463512;
0,146722309290504;
0,14913508681006;
0,149410467875572;
0,153505287195739;
0,151752081602107;
0,150848962983481;
0,154733240011173;
0,153143197254552;
0,143252898604089;
0,135379145798644;
0,136266221868448;
0,141858762516381;
0,143294273933871;
0,13663830041592;
0,128489031484668;
0,127969257111677;
0,134151200790002;
0,138082140449602;
0,137092456014992;
0,134904990798303;
0,133070733296419;
0,13286546722955;
0,13253217225826;
0,127629786682943;
0,12077956348095;
0,0875385033780042;
0,0143610566666279;
-0,0214019270735429;
0,00136857608150408;
0,0074285702776602;
-0,00366045012212139;
-0,00109736163519416;
0,001759164082369;
-0,000346534646481719;
-0,000480180357770827;
0,0354819218623241;
0,119947501021208;
0,161690740706167;
0,139774457353659;
0,138500060686363;
0,150802715526318;
0,143778887644442;
0,139203345089065;
0,141464337589405;
0,139379618022208;
0,100432627831819;
0,0154336655331836;
-0,0244139511544025;
0,0019289223407143;
0,00831516354154438;
0,0319692599875;
0,122637838734909;
0,168651264444887;
0,140433492277079;
0,134922552140746;
0,147822867674463;
0,142925030003471;
0,140260653739391;
0,14398502564495;
0,145100783506572;
0,10762731168942;
0,0174444186779974;
-0,026438013006633;
0,00184414241332655;
0,00910462518101985;
0,0321493811356413;
0,12518511254975;
0,173270277014379;
0,140979356913694;
0,129426584398297;
0,106550227831216;
0,0177899270652893;
-0,0272138665492174;
0,00220690240113433;
0,0092030192238317;
0,0320930245894178;
0,126080920497244;
0,174715900453636;
0,141855838210578;
0,130393132408125;
0,144101694283533;
0,144786434593421;
0,14507218500051;
0,144771869924195;
0,140160147233798;
0,102098534763234;
0,0161363238759088;
-0,0250486686705823;
0,00190514886775122;
0,00855704445856175;
0,0254617194743439;
0,10181496423716;
0,144935868505719;
0,127110933455677;
0,124604974670092;
0,10145743557139;
0,0162836687928565;
-0,0256184632551697;
0,00220800132794942;
0,00861426261005519;
0,0329071275037031;
0,125059505868188;
0,165492364046919;
0,123650947229885;
0,10840611798245;
0,0911634825934078;
0,0154220495728217;
-0,0234896895322292;
0,00192212780007541;
0,00792989799038265;
0,0295393771884325;
0,114919981536609;
0,160510121557195;
0,134850829734169;
0,129484005284744;
0,149588312153272;
0,157294451381301;
0,15721364659227;
0,151184536609408;
0,14131222593;
0,140526008564506;
0,147317999508358;
0,148142402358635;
0,141992003713826;
0,139010066193445;
0,141883467007482;
0,14200131167338;
0,134600972217917;
0,122948553022626;
0,110710176312543;
0,102814438495697;
0,103420677340067;
0,114413234701594;
0,135354083913468;
0,156418975388842;
0,160729328875383;
0,147032668363087;
0,137319959634599;
0,139177575189012;
0,139209536115482;
0,10097410766427;
0,0156665681529505;
-0,0245947110373471;
0,00190454514360254;
0,00839236545128257;
0,0289500139618192;
0,113184349453666;
0,157720120087415;
0,13068745017145;
0,118829009209977;
0,0940169679198058;
0,0144553214910774;
-0,0236243026640707;
0,00224694200118347;
0,00785360426550607;
0,0284974298345097;
0,111285680120673;
0,154160430145469;
0,128378029869899;
0,124028537337;
0,105001746953846;
0,0182671635612871;
-0,0269714006312311;
0,00195282426837076;
0,00922054733869697;
0,0301535276033249;
0,118237648214596;
0,163673399256073;
0,133629510962288;
0,124528115263683;
0,10393866141153;
0,0179667448223872;
-0,0266286177027727;
0,00194151758229125;
0,00909940536115811;
0,0276999089565841;
0,110296891528794;
0,156675353588836;
0,137973190220184;
0,140348152281095;
0,158932334206739;
0,154732345835016;
0,143743045518764;
0,13519314064276;
0,125617920552442;
0,0901293014167105;
0,0152445317594014;
-0,0220068655343114;
0,00119927795421434;
0,00773171401927952;
0,0299535936298775;
0,116718291117096;
0,166600343997171;
0,142267461334765;
0,128209461355695;
0,0997461159956547;
0,0155251698641986;
-0,0249910457525549;
0,00226209810688851;
0,00836110057383145;
0,0292315967167061;
0,112716920467087;
0,152713762971001;
0,122734627759481;
0,116117451967448;
0,0981520975652399;
0,0170155902935959;
-0,0251569110036326;
0,00181894104979503;
0,00860296204938587;
0,0324245126186028;
0,126493818280783;
0,181239960064567;
0,165151277709639;
0,167973806304636;
0,135721967431174;
0,0201511244524782;
-0,0340971514437131;
0,00354200258557111;
0,0112026968259267;
0,0327860073444868;
0,129717612728584;
0,17461103529817;
0,135795852828142;
0,12203240022528;
0,0990199360189705;
0,0152132869016945;
-0,0250664885076373;
0,00247807684259926;
0,00828580782099184;
0,0298468261517222;
0,115862646064976;
0,159314459061853;
0,130845090422818;
0,122133047131829;
0,100499838361388;
0,016963175702962;
-0,0255460442024285;
0,00193350097835694;
0,0087039155561728;
0,0295171801568735;
0,114731134598919;
0,156586171615367;
0,12479283780577;
0,116914807473961;
0,134774135544232;
0,135254388828677;
0,130585039565729;
0,132166469927885;
0,13594027677181;
0,13919119396442;
0,139569881775977;
0,139665083013442;
0,144552004869117;
0,150200262964016;
0,112208981657818;
0,0175565085103495;
-0,0274677824615294;
0,0021333536765861;
0,00936571379104719;
0,0315269423957404;
0,122611039951855;
0,169217551329656;
0,14233820391535;
0,140344398822737;
0,117732745167318;
0,0193082923092385;
-0,0300344379809709;
0,00256507891653059;
0,0101004659567089;
0,0399879083863842;
0,14676400543492;
0,187591391777762;
0,137737629835931;
0,12223919119338;
0,100189119898677;
0,0152984112615957;
-0,0252754241425584;
0,0024969567842393;
0,00835824363217012;
0,00619268064181682;
0,0354597129722998;
0,0522210213899365;
0,0450793369832691;
0,0495953223554531;
0,0612572671985343;
0,0614593659742719;
0,0545701126099757;
0,0410260331325196;
0,0198270723900161;
-0,000693881232587368;
-0,0135336416541437;
-0,00979043064710727;
0,00986203817458589;
0,0273937050168776;
0,0251451695580903;
0,00451885941181349;
-0,00633567390396559;
0,00033560779733554;
0,00222417947936981;
0,00791666004788927;
0,0265885893505582;
0,0205478485745847;
-0,0195227121910372;
-0,0509878658464806;
-0,0431984626865449;
-0,00660674497321932;
0,0106033064325716;
-0,000902064636172438;
-0,00357968757835341;
-0,00675918490277379;
-0,0278605701021413;
-0,0397331212569192;
-0,0438256155117331;
-0,0688884650292197;
-0,0733219098966735;
-0,0171353636322953;
0,0197466408686203;
-4,32659819890429E-5;
-0,00733922887657736;
-0,0169133944899927;
-0,0770401266136064;
-0,134794358372261;
-0,14938445365156;
-0,142337793593421;
-0,0934686323870719;
-0,0082884222246069;
0,0216742022230341;
-0,00375325301550812;
-0,0065087527818286;
-0,0186963906289959;
-0,0761523310302042;
-0,106673032316145;
-0,0976616976859555;
-0,100116078817071;
-0,0773226254810931;
-0,00986729961850009;
0,0188712472610809;
-0,00237829935523376;
-0,00603129521922209;
-0,0252589670570927;
-0,0965883778954571;
-0,129127721651187;
-0,098527208543176;
-0,082628247624903;
-0,0636930724570089;
-0,00889476013854652;
0,0159203099389593;
-0,00185240947360047;
-0,00514494431162147;
-0,0238347556173192;
-0,0902398498847914;
-0,12204261185723;
-0,099290558480414;
-0,0957733529008167;
-0,108338297390523;
-0,105950994294416;
-0,0993889938890617;
-0,0936128313588871;
-0,0913185706428035;
-0,0984751468851673;
-0,106504136662315;
-0,106538504443437;
-0,103450589271609;
-0,103323867881842;
-0,104525029432556;
-0,10427849991425;
-0,104830825441853;
-0,108829373587824;
-0,109375711768774;
-0,0751802386796241;
-0,00838870759516483;
0,0177765370273252;
-0,00249064966754763;
-0,00558794811212648;
-0,0227870803817421;
-0,0893202729818273;
-0,124636927921531;
-0,105704189475485;
-0,100751110603486;
-0,0826670016066978;
-0,0137926025679946;
0,020996419187954;
-0,0016485191606814;
-0,00712794020826266;
-0,0224659674693912;
-0,08768034699799;
-0,118654097347453;
-0,0943743129728569;
-0,089630976601197;
-0,0755564656735642;
-0,0121228567053348;
0,0193711869281598;
-0,00181494994058989;
-0,0064403697769421;
-0,0204744130896654;
-0,0788392992166252;
-0,105802912298531;
-0,0878353498843084;
-0,0909185107994098;
-0,0788436325885766;
-0,0132964730734939;
0,0202060618242537;
-0,00161679896633656;
-0,00684081860953049;
-0,0176139166731218;
-0,0718491278197735;
-0,101393542155431;
-0,0848495881315563;
-0,079809885381588;
-0,0663621198345187;
-0,0118061753784965;
0,016952820080924;
-0,00107015893682809;
-0,00586808579522989;
-0,0188344077727738;
-0,072479508980894;
-0,097637220660573;
-0,0790621500996994;
-0,0789287668168515;
-0,068049226035998;
-0,0111534177777385;
0,0175046001074046;
-0,00156901401401323;
-0,00584960854659006;
-0,0178346144609974;
-0,0698530229270374;
-0,0946364457739311;
-0,076611077785626;
-0,0754219065568243;
-0,0862206321724579;
-0,0820837359679544;
-0,0756715298848039;
-0,0752252467840757;
-0,0752527055693827;
-0,0760997084084246;
-0,0793408096844767;
-0,0798239897005831;
-0,0768601497974214;
-0,0763343334147022;
-0,0795386693045267;
-0,0839581462184253;
-0,0866399091691378;
-0,0844273734295857;
-0,0799181386630666;
-0,0580406199202296;
-0,0095311789549082;
0,0142370959871198;
-0,00093057441161762;
-0,00493127840091325;
-0,0170230419592522;
-0,0647388158032084;
-0,0871624435262546;
-0,0709280704190081;
-0,0701621608987104;
-0,0602884334630825;
-0,010332967259359;
0,0154751374397389;
-0,00118049249623979;
-0,00526406693925087;
-0,0180340566612254;
-0,0696931161124728;
-0,0938464804964257;
-0,0725443385082999;
-0,0670875949232476;
-0,0586686607820594;
-0,0109526942187752;
0,0152902074969712;
-0,000903539359505185;
-0,00531104554327734;
-0,017250867975393;
-0,0682435362368787;
-0,0964222534413676;
-0,0801809390661418;
-0,072635891615335;
-0,0586390591079621;
-0,00986188672683952;
0,0148976919264213;
-0,00113871843072555;
-0,00507114211605627;
-0,0168603415043753;
-0,06622038916776;
-0,0922484812522213;
-0,0766911837409652;
-0,0721495603373882;
-0,0594349111252168;
-0,00988248731809431;
0,0151394775769997;
-0,00122479357474157;
-0,00512227835436691;
-0,0167767673534822;
-0,0660697221720578;
-0,0917248881541208;
-0,0760737514442719;
-0,072421666954965;
-0,060053864184237;
-0,00980586255005972;
0,0153245878030611;
-0,00132912068680509;
-0,00514444737606771;
-0,0170126523888436;
-0,0667494480445067;
-0,0914670019635684;
-0,0736801997325554;
-0,0695457723396068;
-0,059021551599398;
-0,0101657030525514;
0,0152015644869771;
-0,00116444692544258;
-0,00516735607721924;
-0,0162622104617047;
-0,0632148569277206;
-0,0858407347108571;
-0,0701341983100008;
-0,069899411854479;
-0,0606925427626912;
-0,0105688431934005;
0,0156571810744858;
-0,00116333580861386;
-0,00533747495881115;
-0,0190911816068357;
-0,0738670823399599;
-0,101854267919973;
-0,0836650068970693;
-0,0786019226470559;
-0,0869936790791291;
-0,0846975925502544;
-0,0806515062887452;
-0,0805663646992833;
-0,0814634361517589;
-0,0829028923922398;
-0,0848189911544135;
-0,0848116072475715;
-0,0812137707884606;
-0,0789989073986056;
-0,0811524169601245;
-0,0829905618534987;
-0,0842194254111586;
-0,0862359279390968;
-0,0853282760462585;
-0,0820471225432323;
-0,0816073434445759;
-0,0845037130144153;
-0,0866048797723868;
-0,0850732646411122;
-0,0610410388280075;
-0,00932851503957937;
0,0147820296864708;
-0,00116169794811231;
-0,00503911992456236;
-0,0193559587088762;
-0,0723661286952871;
-0,0950046540637072;
-0,0737161165798529;
-0,0713390949619088;
-0,062147163925694;
-0,0107863672492844;
0,0160382571745099;
-0,00120966839541298;
-0,00545921687243008;
-0,0164824375745683;
-0,06636493961196;
-0,0951879590105893;
-0,0834383205692838;
-0,0812769078991804;
-0,0868770404224882;
-0,0802465531429746;
-0,0763137177181835;
-0,0803125859824378;
-0,0818240496403448;
-0,079094274427382;
-0,0770160877648745;
-0,0789683666797999;
-0,0827606410748903;
-0,0820448461938497;
-0,0577440332001806;
-0,00820921561495739;
0,0138449891926106;
-0,00127851850812759;
-0,00463946828319617;
-0,0179478541251561;
-0,0697342215786303;
-0,0965914693837632;
-0,0790702806285265;
-0,0719769746597507;
-0,0776687280418439;
-0,0772167369726502;
-0,0792397971787623;
-0,0838070483825778;
-0,0845140335595982;
-0,0814070157384992;
-0,0777526064479021;
-0,0788903433235311;
-0,0835722892383845;
-0,0847667731908696;
-0,0617467500810911;
-0,00969159136888373;
0,0150211155035919;
-0,00110683748396488;
-0,00515119071488952;
-0,016395451438102;
-0,064449559510463;
-0,0893537370323751;
-0,0741956032914195;
-0,0712099674112821;
-0,0595306274347145;
-0,00995632297240757;
0,0152166180106398;
-0,00123279067270697;
-0,00514604219788771;
-0,00377985153506224;
-0,0344679586647999;
-0,0759145849652189;
-0,0845832489335587;
-0,0727269525740448;
-0,053963842202454;
-0,0112550766167566;
0,0138291663039365;
-0,000197494479481242;
-0,00508533171416506;
-0,0179573784849016;
-0,068002024009848;
-0,0932498712206533;
-0,0763191987752922;
-0,0712300375622977;
-0,0576669714367989;
-0,00878709892473777;
0,0145721892846196;
-0,00145888253947644;
-0,00480954520234406;
-0,0187867874483669;
-0,0721318425264035;
-0,0983096204339654;
-0,0800308007085895;
-0,0763963170716231;
-0,0650345299828108;
-0,0115707216602523;
0,0167233892069314;
-0,00111177310748483;
-0,0057605488319599;
-0,0138166151234573;
-0,0587967530108971;
-0,0876328560703464;
-0,0791454314296589;
-0,0772531712791878;
-0,0632092683577581;
-0,0105878206084479;
0,0160930029197438;
-0,00126522071539744;
-0,00546141849559242;
-0,0178878214739752;
-0,068137063813787;
-0,0895263289288021;
-0,0675169892255;
-0,0620044303969122;
-0,0533345890296933;
-0,00938648097900094;
0,0137475601002087;
-0,000973962725537261;
-0,0047078991070175;
-0,0154125382519928;
-0,0606951595968739;
-0,0845431805273722;
-0,071664500455068;
-0,0739391708413033;
-0,0659425257140853;
-0,0122246731575573;
0,0172043945479251;
-0,0010624829605031;
-0,00595506726335506;
-0,0224710379259857;
-0,0859626801350265;
-0,119599725584547;
-0,102863784300979;
-0,100972193226442;
-0,0828605896249946;
-0,0132613906584089;
0,0209563763927364;
-0,00183856466968012;
-0,00703125446899626;
-0,026171529619744;
-0,103071828576741;
-0,146239299334663;
-0,124957338701523;
-0,115379693003417;
-0,0908542443943322;
-0,0137931094431374;
0,0228115596117109;
-0,00223515883468585;
-0,00755488220159189;
-0,0223094900583966;
-0,0905683888901554;
-0,13045221325459;
-0,118611195437531;
-0,123222325045978;
-0,103911787720353;
-0,0176535626024541;
0,0265041211399968;
-0,00200326223985319;
-0,00902888409833848;
-0,0301852200407713;
-0,117779870649515;
-0,158964077781176;
-0,121030355177607;
-0,109255947425437;
-0,0951095603609268;
-0,0173711241747992;
0,0248529738552404;
-0,00166482306081354;
-0,0085437128704292;
-0,0341217881254729;
-0,135176105557053;
-0,201013534037807;
-0,188100933294308;
-0,183140544635873;
-0,14364779333365;
-0,0225646357896013;
0,0358766130963971;
-0,00310499004475033;
-0,0120696380345571;
-0,0422297980018019;
-0,163975411704956;
-0,223769349806034;
-0,178152853323367;
-0,16226445191784;
-0,178528532075846;
-0,174332696307752;
-0,172263245538148;
-0,178734087008023;
-0,175637495700377;
-0,162957050933797;
-0,150252547582918;
-0,141296103542265;
-0,136684737562857;
-0,137457230903257;
-0,140056445709253;
-0,138270313991555;
-0,133096457156992;
-0,129696167966181;
-0,130993676632064;
-0,138917017386254;
-0,149747267779548;
-0,150069627557165;
-0,134660859954731;
-0,119052480635269;
-0,085460675969032;
-0,014450408689322;
0,0210444030473031;
-0,00124148714005213;
-0,00734610188910508;
-0,0253684258605188;
-0,0983397850756627;
-0,135507922764011;
-0,107381528782533;
-0,089170024372583;
-0,0655925573103838;
-0,00828843565581255;
0,0161282038048434;
-0,00212121830396486;
-0,00511159829423653;
0,00428594795456184;
0,00395696288249134;
-0,0010441880251442;
-0,0048828857102613;
-0,000256827688539832;
0,0126005920391353;
0,0215870013620209;
0,0206581381010244;
0,0165546764521955;
0,0197344336734424;
0,0264250142008966;
0,0238049774863202;
0,0173610465699891;
0,0167441009305689;
0,0208908947678668;
0,0206883287423947;
0,00573040567771266;
-0,00560453037170699;
-0,000346544581370906;
0,00224135189716024;
-0,0115424820919588;
-0,0425146274531222;
-0,0762050716146371;
-0,101613279947856;
-0,119291389492412;
-0,0923648191988092;
-0,0137772310732216;
0,0226247826441754;
-0,0020489997037024;
-0,0075844545985045;
0,0300310076976427;
0,101315683715299;
0,167100317788415;
0,21127497482314;
0,276627908475702;
0,248667504315758;
0,0464066065080585;
-0,0644326184761939;
0,00362011960681009;
0,0224746005433497;
-0,0108727914171719;
-0,00340708233953188;
0,00528745069874713;
-0,00100295950185976;
-0,00145942003588731;
0,016272812577573;
0,0549763956057053;
0,0773534832121297;
0,0592352688190108;
0,033049111470995;
0,0171627146494871;
0,00275423732659083;
-0,00388373051232853;
0,000113931600305204;
0,00141728534381871;
-0,0146509827572499;
-0,0467495696158683;
-0,0558120919440195;
-0,0352122691088208;
-0,0313279638838849;
-0,033578695962796;
-0,00824673382640694;
0,00936514215344375;
-3,71862618657242E-5;
-0,00346436192763378;
-0,0201520569847241;
-0,0701407713118306;
-0,0844065201912796;
-0,0480946825273312;
-0,0289240127723034;
-0,0268409175317265;
-0,00732832096642516;
0,024706751180554;
0,0558100104502917;
0,0755114459014811;
0,0733972018529402;
0,0557438656589823;
0,0416144570514543;
0,041983445149649;
0,0513740361144759;
0,0528500823211904;
0,0448644921285407;
0,0407487588585785;
0,0395255299848616;
0,0322713154232823;
0,0162090442659379;
-0,000165863791162997;
-0,00332023246833501;
0,00107400753311348;
0,000789808054798473
