1,22822160831361;
1,20726460172421;
1,25142293684423;
1,23769445362174;
1,30069979939659;
1,12650280291979;
0,252531978847187;
-0,294267047022832;
-7,08481057283563E-5;
0,109942073153172;
0,419653816414539;
1,57355244443416;
2,17805184665914;
1,86794205629755;
1,94263740499403;
1,73754639018132;
0,336475236177072;
-0,452336072960966;
0,0213667552769743;
0,159513114255835;
0,490864833949968;
1,86708225345649;
2,43642796926816;
1,73211309414253;
1,38589448837911;
1,08041727118281;
0,146760035213395;
-0,271493738080568;
0,0339911991073683;
0,0866292605012074;
0,227325392526515;
0,931941570602644;
1,27049153926019;
1,01888962450802;
1,07182834402387;
1,46548226328912;
1,66916304240003;
1,66091599714773;
1,64581264701884;
1,55833508103413;
1,27655589807922;
1,077082701012;
1,19447171037844;
1,2717925343548;
1,03990350427062;
0,867954489542246;
1,04302373722826;
1,33137364876568;
1,48103774629567;
1,48858697589905;
1,31274156925474;
0,957678162966148;
0,787500464938419;
1,0081514495849;
1,34302278419661;
1,166202971213;
0,240368145221954;
-0,296572421704506;
0,00415544530776532;
0,109159652726535;
0,383169586139566;
1,46729363714551;
2,07056535179894;
1,81416603193072;
1,79565766873731;
1,89228584986177;
1,62744921318144;
1,35837589764218;
1,32397496759713;
1,43303038286331;
1,55263041217557;
1,53753945917447;
1,45438224146334;
1,52357784818086;
1,74497914105349;
2,04743256362622;
2,38125709548623;
2,52680638398988;
2,3084813240108;
1,87604163887257;
1,76851769152443;
2,25657352311671;
2,62083535541732;
2,32249604372264;
1,83531091292173;
1,5593250744237;
1,36266910262024;
1,08097449454232;
0,877503858151267;
0,960187374773524;
1,14939075632723;
1,2029710739155;
1,1424687223533;
1,06573520786896;
1,03060273078773;
1,07881325688875;
1,1328479458239;
1,11466294432103;
1,16042009215708;
1,35621431019083;
1,65419524232197;
1,98312002686811;
2,0740604147873;
1,72688212891855;
1,2627596767735;
1,16626163853992;
1,41962870143258;
1,70479707560257;
1,91899368501333;
1,99599565118586;
1,85494830021204;
1,72325479183825;
1,8799127836548;
2,19208009693221;
2,35309688352488;
2,30784027642082;
2,1249845427126;
1,80540232580892;
1,48346121404323;
1,42039435205707;
1,52041345366577;
1,40547469970925;
1,15092121112323;
1,18193488473285;
1,49740970831468;
1,2793111119197;
0,221706169267754;
-0,324557546215273;
0,0218132972810502;
0,11182120573483;
0,371840521181469;
1,37958853145872;
1,74358769878012;
1,30155725253236;
1,43661941066525;
1,90487966851618;
1,93180710590064;
1,82876397754657;
1,89560916118082;
2,03030113927281;
2,17125902903881;
2,27629934989555;
2,32112380814739;
2,34885832411046;
2,25706455394807;
1,96260113377145;
1,74045610345619;
1,81183963110235;
2,04948418570447;
2,29457836391767;
1,79794418243917;
0,289959497017788;
-0,447251569582706;
0,0346512814218106;
0,152318877306261;
0,244106866646298;
1,20617751140931;
2,03053581206531;
2,08852853189131;
1,99621701354892;
1,46702884146267;
0,21455021647481;
-0,359079259628566;
0,0341909280442568;
0,119640007640226;
0,597310210615166;
2,28041351369857;
3,12350800971696;
2,40184061066371;
1,958380281606;
2,0008487541629;
1,75708910537327;
1,42460826809677;
1,17398631242603;
0,91004569043521;
0,686986333719136;
0,613832852771151;
0,633671271584712;
0,444133304267301;
-0,101483489844904;
-0,581939508627036;
-0,614604118213693;
-0,411386195524195;
-0,189920074453223;
0,0472439443348146;
0,162242107731244;
0,140173489632357;
0,0596932506838116;
-0,200723023296957;
-0,464091271303172;
-0,321184148005577;
0,167028760488721;
0,806126975026737;
1,66789194151106;
2,48465788160566;
2,67417885031793;
2,34425837206257;
1,97754522011132;
1,52972512869796;
1,05783499295465;
0,959548344672011;
1,18564679388249;
1,48186691769107;
2,00511264816548;
2,81599213164608;
3,3650539800844;
3,24508686554306;
2,81952039143996;
2,62030415497768;
2,70005283979752;
2,83060967258184;
2,97588645662668;
3,2891896783612;
3,94923152785039;
4,92939315349972;
4,2322232384755;
0,800826012039718;
-1,08023187557452;
0,0475131020943387;
0,383117035322235;
1,30347189895294;
4,87365761149719;
6,06143201619505;
3,49666103543331;
2,27579762346643;
2,26461784870727;
0,572320287316153;
-0,63156610801901;
-0,00432345984179581;
0,236662030417632;
1,44342211958022;
5,32016394362905;
7,43865274864566;
6,06317311793742;
4,66530087294439;
3,04773312423037;
0,565464150378706;
-0,118234137819916;
0,697055388666723;
0,450699489667135;
-0,216245908711442;
0,154226882146213;
0,696193082611333;
0,584142545729333;
0,19551402644749;
-0,151454668072649;
-0,155336192834483;
0,0621740811302874;
0,038155874375612;
-0,0395043407502055;
0,80491927764321;
2,65871242301249;
2,92257946496327;
0,758837366784937;
-1,00302499270426;
-1,11503932432702;
-0,191317198249019;
1,31543164569557;
2,5145402690289;
2,65984852259262;
1,47573214802135;
0,0467641179006406;
0,725831522946591;
2,60860846334837;
2,84083092425779;
2,07239936230565;
1,9454737886779;
1,9475481621977;
1,74912134079195;
2,07967018086691;
2,91724316278644;
3,51493683396031;
3,39588934556724;
2,52045985679308;
1,33896942801114;
0,41714844235227;
-0,0281300017209606;
-0,0645554956087803;
0,02564461405855;
0,0140092028513078;
-0,00546809816736896;
-0,0610411521531557;
-0,312157193614211;
-0,51901902354412;
-0,445417342825558;
-0,225780470894209;
-0,0171714356345681;
0,0478919397562583;
-0,00769166271565625;
-0,0147935561303683;
0,959770096824257;
3,2024603446226;
4,1865837944916;
3,40765354865626;
3,23752905171274;
2,64446727556068;
0,401299818935617;
-0,668797741342623;
0,0679178933261977;
0,220293194293045;
0,791361438248331;
3,15509591501728;
4,57750888662202;
4,17193783674617;
3,97292885059891;
2,93996396753852;
0,344038481355461;
-0,715534337463992;
0,102412594030074;
0,223318001163121;
0,464069871893252;
2,49597068934861;
4,89788253278264;
6,11424034228966;
5,96644973328421;
3,71186852095967;
0,269431122828854;
-0,83389299401923;
0,158746331425769;
0,244922221566828;
0,442342146021781;
1,47302010106768;
0,439079901432495;
-2,01107471592167;
-2,35329337375821;
-0,921007003180938;
0,0928349829567777;
0,143936525045553;
-0,0703924396638548;
-0,0253035462738692;
0,136162308559378;
0,245744113319269;
0,303943158037066;
0,81485015614559;
2,01226950162633;
2,21371669164894;
0,481600578937452;
-0,591897919706418;
0,0139084468501792;
0,214513575832373;
0,517163190103356;
2,03886139873784;
2,65827052705552;
1,65557273555035;
0,930881275085324;
0,616039060864919;
0,0602377929755787;
-0,152958175901396;
0,0282048401142693;
0,0448435795998571;
-0,0213301638796588;
0,191747710232307;
0,724939706467951;
1,11900005169074;
1,10352227660487;
0,802540012130653;
0,182435378844976;
-0,19818859403874;
-0,00772717684312503;
0,0777832141124157;
0,0949679693083009;
0,614548674346106;
1,40221886948759;
1,86432262193733;
1,86139189117652;
1,24355755580656;
0,146453401094378;
-0,292409913844445;
0,0370098504975269;
0,0937262072873774;
0,0957219723892184;
0,408853283884469;
0,431844491377996;
0,311868160847214;
0,575296784013709;
0,907703035473183;
1,08582944405897;
1,2415686411114;
1,36557143729198;
1,44369478213057;
1,51002334836567;
1,63762126398187;
1,81581661149855;
1,84749846202898;
1,76450804697665;
1,883106752397;
2,13993283015986;
2,19919311239544;
2,09114655960379;
1,91608438987138;
1,24786330973834;
0,12969167029522;
-0,289589681640707;
0,0422093770974985;
0,0904789315290444;
0,404951475137322;
1,61335048679208;
2,33487076867234;
2,0300045532939;
1,79246467589612;
1,349133269417;
0,203264507739004;
-0,334490918931561;
0,0313949020370435;
0,111518297718916;
0,229361105105392;
0,834167272279087;
0,864030984162198;
0,428245182539735;
0,503782124662885;
0,583501594141955;
0,202808877622179;
-0,0896782330328419;
-0,0627054342738822;
0,0684841665933636;
0,31931358105609;
0,850775802865893;
1,36777346533993;
1,17212621112614;
0,24517015986888;
-0,354200507863741;
-0,121751801842629;
0,123547705659118;
-2,28995247093478E-5;
-0,0452433136270226;
0,148541778406807;
0,384179168430313;
0,278738997004408;
-0,188211302057928;
-0,659768200828571;
-0,741365236310982;
-0,198576014901026;
0,201804683935607;
0,00900376363770825;
-0,0791366584239016;
0,40687486747067;
1,36418334050342;
2,06208081425564;
2,28069614151687;
2,59815338036859;
2,16775533653388;
0,388228247896801;
-0,547677024679064;
0,0303530914144844;
0,191625863972212;
1,28541567072156;
4,76391741416153;
6,60185466313032;
5,39603870710713;
4,79760827921154;
3,90555062510823;
0,683224236777345;
-0,998473373678322;
0,0683124526311175;
0,343246785036485;
0,893634503957061;
3,59694533752197;
4,99569893390495;
4,13829228130628;
4,01454779593122;
3,37114850299864;
0,55384232676789;
-0,862078909028999;
0,07423701690312;
0,289581311730403;
0,322463422572569;
1,82020534845122;
3,36026665143491;
4,04681346934615;
4,35733935324355;
3,15691744793278;
0,37145566272166;
-0,756302399173918;
0,102167477961528;
0,239111420977278;
0,404427187769956;
1,79064750980768;
2,27338553884293;
1,16551254999694;
0,178691885914159;
-0,171923764905845;
-0,122110676980103;
0,0604162880992966;
0,0263088050591079;
-0,0337948226293988;
0,587180337784846;
2,10836033522651;
2,9632710107529;
2,39302082930093;
1,9074518455991;
2,03318682955356;
2,00542102964948;
1,74876992051333;
1,85842831745049;
2,51455726269543;
3,08605462428732;
3,08481616575241;
2,68405189325082;
2,10947064627438;
1,54979699451538;
0,961673974713158;
0,158250231442115;
-0,227468367047678;
0,0104164743145474;
0,0810213494029277;
0,420323351102468;
1,50048661830489;
1,71389004981655;
0,539714230381666;
-0,303483955516819;
-0,250877363817184;
0,0307393707048325;
0,389382814311992;
1,00149713300421;
1,82571136665291;
2,33587882847717;
1,80041852321875;
0,342514106590413;
-0,739699446879479;
-0,442176260916614;
0,698888219180709;
1,47518404733014;
1,59145098761956;
1,66583301719945;
1,91826721593482;
1,81107972422158;
1,15659908624016;
0,636270057654369;
0,901163286420851;
1,78863779772381;
2,6601234847642;
3,21051396062801;
3,47298921926609;
3,24804610505483;
2,46193098926692;
1,67269499742438;
1,3748154762954;
1,54363619695832;
1,98869192246092;
2,34184885487674;
1,74279228028841;
0,226872953395998;
-0,419636854547193;
0,0484249355469506;
0,136272234881061;
0,138196091220627;
0,894993481842946;
1,83038206390888;
2,35892279664564;
2,47916220885099;
1,74801016980437;
0,229388329735154;
-0,415338669864329;
0,0445891432423952;
0,136531882275251;
1,26455987763039;
4,67490197159787;
6,5416455971676;
5,62240678788319;
5,4951354903661;
6,01980680402979;
5,53031187406272;
5,29882758540994;
5,71130363025581;
5,91986795808227;
5,21513426275703;
3,20754401135589;
1,76850189641577;
1,94885193128648;
2,35107912926521;
2,57860158599143;
2,2635386317574;
0,88214991841563;
-0,184068294111085;
0,314362777755905;
1,36368389951428;
1,54472799732703;
0,942129272051335;
0,321465362736986;
-0,121056992430722;
-0,361811316745347;
-0,154139586797662;
0,111186196384303;
0,0212018803137601;
-0,0504578493764458;
-1,07789069732619;
-3,68184463608484;
-4,59927308598595;
-2,60775396208164;
-0,730448032182148;
0,126103681857688;
0,548725181474213;
0,576785573981892;
0,871196871805127;
1,55357995426151;
1,95128189237689;
1,88579803038945;
1,52729964137015;
0,88287574208382;
-0,0564475166658183;
-0,990313555781831;
-1,11450976280091;
0,0370902328750508;
1,4511899708048;
1,63610481436482;
0,728911529209733;
0,320708394130818;
1,43625607813647;
3,60298881781035;
5,64080461432143;
4,98732297678258;
0,919412759081307;
-1,27004613437177;
0,0645532018674178;
0,446665889060764;
0,205915175669602;
1,31604671329262;
1,8588433269458;
1,36329729184403;
1,37358598821225;
1,27560038424314;
0,232542295647346;
-0,334037549181251;
0,0229239051169856;
0,114568616387901;
-0,209890547249443;
-0,316570501396257;
0,386347099119124;
1,70608136856454;
2,67865743548007;
2,10907906608781;
0,11078531715066;
-0,208535192093506;
1,73866680435743;
2,8867024957673;
2,50073588654896;
1,68276394820996;
1,68660576183657;
2,64113819572781;
3,22834755403594;
2,45127774876469;
0,424590224782735;
-0,600240174145694;
0,0293961321907419;
0,212301636488043;
0,484934767672216;
1,85366829220722;
2,21044016249891;
1,22169789586535;
0,988612262578623;
1,04575093478483;
0,219981879967526;
-0,2885336728525;
0,014894933137836;
0,100717435378124;
0,449706230186267;
1,64354059697403;
2,11765477024916;
1,51484273712183;
1,26435669674247;
1,02690141660469;
0,152938678679685;
-0,261327127741037;
0,0285293425481719;
0,0851460803251463;
0,325961277359193;
1,33265769485094;
1,96598624317467;
1,75224585975228;
1,78900207195177;
1,64782801822941;
0,367451081891822;
-0,437446486520713;
0,00475756844480629;
0,161076520746861;
0,372638940615668;
1,47104229511421;
1,91310676398058;
1,23957148800658;
1,05076059224829;
1,09160290052896;
0,27018369885073;
-0,303107505898333;
-0,000448275811055603;
0,112894987722503;
-0,169444928861691;
-0,547633869688578;
-0,890920063544344;
-0,801575900498039;
-0,238185309917566;
0,668833316287395;
1,84709366493688;
2,42665343875355;
1,48526534452798;
-0,254042230574087;
-1,26721263874736;
-1,09537888889689;
-0,283154377016222;
0,5458722662275;
0,991135813739135;
0,764069909037178;
0,0882935160262559;
-0,182058136601058;
0,0248352484083468;
0,0574831713495261;
0,309622370835967;
1,16578864878399;
1,71792804888471;
1,88637115733436;
2,28820170607085;
1,86394995133681;
0,250009504646184;
-0,461473056779143;
0,0559949471507412;
0,148245961780556;
1,21050053738665;
4,64171914218394;
7,13767032599909;
7,42218141830982;
7,68208717531964;
7,30878402748394;
5,60703200525081;
4,05850239974865;
3,3252437850734;
3,13318551003208;
3,29943662124735;
3,62958426614122;
3,91482594359512;
4,04652006784575;
3,76299727651277;
3,28072302848319;
3,42038169589194;
3,97077939838276;
4,10351392448058;
3,71827519681131;
2,04052149840556;
-0,689689772573705;
-1,29129108811012;
0,133423575972309;
0,363367558164902;
-0,471674879539278;
-0,968559090402115;
-0,673741294345858;
0,0360019890658285;
0,17482831312369;
-0,125217474218836;
-0,207344241671482;
0,223425536270795;
1,07303046079094;
1,86194100001606;
1,59631609302069;
0,134155605586968;
-0,234193652647145;
1,09622900649676;
2,02234220877246;
2,25084738762061;
2,49433632474982;
2,54241579601646;
2,3089298525874;
2,09805327039596;
1,54324728568822;
0,275926607060955;
-0,381424824148982;
0,016911039010961;
0,135584408388925;
0,422197726336723;
1,7190861528474;
2,57568937636211;
2,4040739792992;
2,36872801749925;
1,886006085166;
0,295698175713639;
-0,474240425396127;
0,0428522006012367;
0,158645452504595;
0,681513755994376;
2,48929206018484;
3,0730323509282;
1,94218011270094;
1,56482756964672;
1,48190189743728;
0,3099108844597;
-0,39807270080593;
0,0156403158335115;
0,14142655916312;
0,520267289629007;
1,90706527948905;
2,49801313923967;
2,08183912113762;
2,34953540647069;
2,75479461615628;
2,32357183160339;
1,90036521587977;
2,12535093934212;
2,55305060757968;
2,66045128096996;
2,23681635858363;
1,52205976360646;
1,00762805825038;
0,826233611814375;
0,884334892152788;
1,12092169562046;
1,37581509619612;
1,55293723077713;
1,72189929903349;
1,78425155808254;
1,74934896125537;
1,94146273382445;
2,27693588958142;
2,53150681915247;
2,98887019228144;
3,70413663688087;
4,23071389900996;
4,31085556711285;
4,05122781264174;
3,78677742736078;
3,77980178554071;
3,90410597040314;
4,05600050054892;
4,2985168453843;
4,37364631975301;
4,00969882450699;
3,40997601028764;
2,90379205568268;
2,56186765113904;
2,33220626310438;
2,36306832413627;
2,86712634263293;
3,6286871639472;
3,97834799807907;
3,35438972878402;
1,88550517353022;
0,332627704836901;
-0,546916057983113;
-0,356101631970573;
0,707617587153371;
1,68760975751288;
1,92682309316383;
1,94668184154149;
2,13590162449078;
1,93230678387547;
1,16915204651666;
0,469591415958924;
0,0580969752849722;
-0,344467622455489;
-0,693013639481744;
-0,66932840749556;
-0,111490100945502;
0,80908219614267;
1,56216032915628;
1,75841416737829;
1,58341095687519;
1,41812409517783;
1,22738959499423;
0,762360451551958;
0,0012914109170172;
-0,967687930935845;
-1,86256137523658;
-2,42926848510349;
-2,96385768725959;
-3,7085791718086;
-4,21505261961867;
-3,96071905804852;
-3,08555440587948;
-2,1268424275286;
-1,36227340263178;
-0,798888569808983;
-0,293090367349149;
0,545593481717003;
1,81578874518248;
1,83333797321407;
-0,24948907694838;
-1,09999891259605;
0,599740113838781;
2,09394701552401;
2,74797357291084;
3,15384634371091;
2,94965437203182;
2,26949922586746;
1,55124634174427;
0,921510431566608;
0,273742629231131;
-0,377245076716769;
-0,647399068114658;
-0,356824843209525;
0,200370100992302;
0,694623289999426;
0,945932644601104;
1,05499148772725;
1,34237624902607;
1,4730894839594;
0,937052674360379;
0,630235382009951;
1,0633205826294;
1,45707727019735;
1,25844505026448;
0,306444520675256;
-0,323196911226482;
-0,0135389539172813;
0,126883524544256;
0,156481217857524;
0,731153033079726;
1,22583342249327;
1,3195626139421;
1,45961391692182;
1,22318006775568;
0,225057761390917;
-0,310489926461178;
0,015439261589217;
0,109378332250169;
0,167369112242649;
0,785504937632436;
1,2124142950272;
1,09011222733992;
1,03405342404344;
1,1116059809282;
1,06012641216214;
1,08773018131266;
1,3674877708625;
1,74414311267031;
2,08930950690665;
2,31329949453512;
2,23871127115699;
1,8640322294857;
1,53071309761992;
1,68149457477744;
2,25990425111261;
2,69466069340383;
2,8126213516899;
2,75009142058108;
2,26111719701657;
1,24587194697749;
0,238319226295618;
-0,204263895855634;
-0,00374545472986193;
0,709996358307219;
1,57517193129345;
1,91012146968779;
1,59197783249216;
1,29161331607087;
1,26474060082726;
1,18375214432602;
1,22346315347711;
1,5772827240536;
1,521587531216;
0,633878162342378;
-0,194804396446978;
-0,201370374315268;
0,223484802573959;
0,703921914184228;
1,23177087097986;
1,42577775042457;
1,12094692096684;
0,691398685973346;
0,159244980617886;
-0,707354531587139;
-1,5501385408441;
-1,50908328329778;
-0,158235204190253;
1,78932471312323;
1,88658850937292;
-0,83317410169289;
-2,24436967279925;
-0,182236242459744;
2,0729502446321;
2,75643159927935;
2,74708379176771;
3,20951115942313;
4,35660986948988;
5,21508740413698;
5,49750650809599;
5,66639547043293;
6,02478944032918;
6,5168036164192;
6,80718304206971;
6,7431312538619;
6,42410934053292;
5,96227332128016;
5,57119989442674;
5,49417503858277;
5,3904772425372;
4,55611782600805;
3,1726923518165;
2,12579007340467;
1,72580553870675;
1,69207755367401;
1,5863620605128;
0,952985855526054;
-0,210892436754344;
-1,27316774025242;
-0,825353383528467;
1,1546769852781;
1,58407190699035;
-0,251377301629385;
-1,49167948195103;
-1,15086959700838;
-0,168356734172418;
0,268667081432437;
-0,0192840591765879;
-0,0927107360392376;
0,0249630727814508;
-0,138874175693216;
-0,340702044698718;
-0,306771702825776;
-0,284930303816506;
-0,302447242233498;
-0,0799989446965818;
0,087858895458194;
5,37477809856121E-5;
-0,0325850501050584;
0,725382348209418;
2,57251952886368;
3,78563938671986;
3,57496136606775;
3,34160894430359;
2,50110886990493;
0,36212762116588;
-0,617060866781564;
0,0626462804570102;
0,203719525724447;
0,445448461553968;
1,74491773939279;
2,11001768246066;
1,40028466677757;
1,51421440791285;
1,51555322785005;
0,273735204419094;
-0,404216308900078;
0,0325506118061343;
0,136293136182088;
0,220458118007624;
1,00520699521315;
1,3909944907385;
0,799244250444868;
0,20866409538147;
0,107066468013656;
0,0658924905476612;
-0,0322168276168067;
-0,0152232869078943;
0,0186665736392249;
0,528665752916772;
1,88516732276598;
2,79236639516254;
2,79492591252738;
3,02637646327233;
3,46983612109576;
3,69041619573546;
3,80013084853717;
3,68348135285456;
3,39417601470332;
3,29449248684301;
3,49238716959053;
3,59918078625747;
3,03628089047498;
1,8603789204123;
0,906446933017901;
0,734176410914418;
0,998347729480312;
1,24664639109142;
1,48575471966504;
1,46531103436325;
0,985927935157171;
0,801089349938754;
1,22286388472674;
1,56851106075884;
1,27794301058199;
0,672403968095443;
0,934907982914447;
1,68240122836967;
1,68001115419868;
1,32388719710989;
0,882690051743474;
0,266461223113729;
0,0932496484666651;
0,536795016780093;
0,980484466015234;
1,0958862613942;
1,10334369085366;
1,23120336961474;
1,68680216548883;
2,42599448145003;
2,97800125496829;
3,22948872700617;
3,37832556199565;
3,2042645523389;
2,72992086493364;
2,45523553626799;
2,36694653678908;
2,18020043928259;
1,93494578336217;
1,60356585566419;
0,862079364052574;
-0,426328132207996;
-1,67204357832876;
-2,28287529056327;
-2,52018125288533;
-2,6081954178256;
-2,49935599802997;
-2,90569384794206;
-3,99992316655353;
-3,90476994489572;
-1,40534894781823;
1,49552717199875;
2,31719257827891;
1,36462851265509;
0,567615238832219;
1,00489242508202;
2,23408977227773;
3,28830440543468;
3,84988082348952;
4,03899090332935;
3,85119277470715;
3,49734759795944;
3,47221993099187;
3,6445842968098;
3,44231604932377;
2,96050122825102;
2,56740987274212;
2,43851896973439;
2,7019253672564;
2,77142359310781;
1,83359222273843;
0,533327823649371;
0,166214562424255;
0,677492985219769;
1,12005155021766;
1,05771937693368;
0,786122995836415;
0,630648264159862;
0,383700034733656;
0,273886962726851;
0,769695640006879;
1,04355844056886;
0,651167502782651;
0,279487502633662;
0,0403915044465671;
-0,0720095566542364;
0,00487550618361359;
0,025284428552419;
-0,0125976831304436;
0,743157656569916;
1,88791033775556;
1,35543620196862;
0,668932357219061;
1,60954785801396;
2,25251699947453;
2,41319530556698;
2,68627511255041;
2,55012386650408;
2,42804197097393;
2,56016748521758;
2,6410653004871;
2,58863559244163;
2,49305286953854;
2,48934029724227;
1,8663324734374;
0,290376024593743;
-0,45985947598498;
0,0379033182016078;
0,155736072168922;
0,159145293865282;
0,914486902664382;
1,68766725006282;
1,98694345729758;
1,98655500392976;
1,29953552995341;
0,105409679693183;
-0,29741476612575;
0,0540591589231328;
0,0883062855072834;
0,462413339982169;
1,65491692526295;
1,79279966318921;
0,436459001802243;
-0,579883451053883;
-0,595186222876279;
0,351883108707781;
2,07601985406714;
3,37349200558474;
3,48270493757209;
2,96351807282239;
2,50116921496472;
2,27915265305385;
2,22383573271192;
2,32251497606608;
2,82474966815924;
3,57246551008636;
3,95451174713604;
3,87645012839759;
3,52421710781759;
2,30999336314975;
0,280443978935748;
-0,538783453742326;
0,0626737627372776;
0,175285826137834;
-0,0149578914549683;
0,189915130157699;
0,163198240578727;
-0,0127323275069086;
0,351219799577765;
0,710804121180773;
0,24398154205118;
-0,213435251809505;
-0,0197210854993016;
0,0876725481179117;
0,218667394066471;
0,823873078296044;
1,13848894929898;
0,970621364281892;
1,07716435717536;
1,48823223800511;
1,99560700586352;
2,69553038533703;
3,35591323589435;
3,68198065810959;
3,77366858498216;
3,68324577394945;
3,28049743851759;
2,85597754613577;
2,86631662446146;
3,29729953660395;
3,65414806219967;
3,37948543748549;
2,83792896059852;
2,83662126426839;
2,65394324839597;
1,40263153018921;
0,384986333264815;
0,27753660441224;
-0,015398353790227;
-0,312142296266435;
-0,0641689710797822;
0,100959432622403;
-0,0136394862698972;
-0,0310975811703357;
0,517863432896055;
1,88486118779313;
2,93319255233856;
3,00251764669701;
3,13923006215262;
2,61138419428958;
0,472904964693572;
-0,669081283254816;
0,0397419281583613;
0,232645925695006;
0,0336249131168945;
0,725059338899445;
1,77309927391311;
2,16964577704318;
1,58129810575529;
0,538155814343488;
-0,0863534206860109;
-0,0760266528428694;
0,0500117342921297;
0,0080597167213174;
0,356846261979831;
1,34025374972171;
1,92351180066263;
1,73065759603095;
1,3994747806854;
0,790400771075727;
0,00469686411161192;
-0,169857303660308;
0,051570063522742;
0,0416108598074246;
0,420511117901469;
1,73814364696918;
2,71966340214985;
2,42475279154798;
1,72850288787435;
1,03519801409337;
0,138333879392654;
-0,241362614634784;
0,0226980562022983;
0,0809135718935016;
0,131762866305998;
0,707886185951548;
1,29148125744158;
1,33795716987422;
1,08742716466127;
0,707184465678079;
0,120210786363457;
-0,168188280048382;
0,00656920713286757;
0,0603800906240691;
0,904884957825244;
3,06638040200247;
3,87437683092437;
2,96621943381045;
2,95935007642537;
3,57922059311687;
3,54201352966681;
3,17305308454616;
3,01987832233383;
3,19740843394291;
3,14894671862619;
2,29915369322976;
1,30452479334388;
1,24601851080469;
1,80007789336197;
1,5256413497907;
0,224629134623846;
-0,378577126099899;
0,0378950073359841;
0,125158395282014;
-0,086518978110452;
0,00285936718683889;
0,457073266354161;
1,26875635937004;
1,97572590290087;
1,59174008955901;
0,213036985547371;
-0,388091884453779;
0,0445555534039693;
0,125979465977318;
0,0891088866985674;
0,626021571050407;
1,26402280765753;
1,72004664619824;
2,05524184598573;
2,01768431680872;
1,56260326088007;
1,08916151113775;
0,862612668626924;
0,73453518075732;
0,430832099671987;
-0,0935092634391472;
-0,488602123639918;
-0,463318791570575;
-0,211183203358116;
-0,0060381660620104;
-0,0793338187797335;
-0,402369645290081;
-0,494480102929058;
-0,230365412540625;
-1,45680435734844;
-5,26741204038334;
-6,71698842720242;
-2,29275805603046;
2,89285676861068;
1,95696761297793;
-4,80031870665488;
-7,56539712012379;
-2,19222202351689;
3,16637503123779;
4,9367921997887;
6,36430938260151;
7,53013934604888;
7,13744251430113;
6,14516958762896;
4,15211955328431;
0,595817201542445;
-0,996550638680586;
0,0901885782373251;
0,334728788624391;
0,310965886224777;
1,11692159592237;
0,306877612812779;
-1,50078432686707;
-1,44298699641671;
-0,307626989809646;
0,114072264847249;
0,00793020509814716;
-0,0353732902833439;
0,010652085572167;
0,414079984294547;
1,37169491851787;
1,7850279530257;
1,24526482193746;
0,724855926561956;
0,355416665849494;
-0,0145114953735924;
-0,0745315422042873;
0,0291344112518545;
0,0154358334665821;
0,524004217484336;
1,83967953119698;
2,52674630343484;
2,39925179878096;
2,67547126067142;
2,22337502626691;
0,322716783495861;
-0,559235473692307;
0,0615257489873359;
0,182195061256283;
0,427648086312009;
1,67416682657782;
2,0654895375751;
1,37646506472778;
1,22534025292024;
1,03623948609011;
0,132591871731173;
-0,263085306840581;
0,0376005469211668;
0,081796859728352;
0,200676718241279;
0,835469435522184;
1,13187339983575;
0,939199034722616;
1,05235619243455;
0,994773184293011;
0,189421586993285;
-0,262780736977097;
0,0157891371737689;
0,0910594697939918;
0,222154120774668;
0,875277650020985;
1,17772094774172;
0,959419884384261;
1,06222865083875;
1,05049071967873;
0,240164378203601;
-0,280845193891067;
0,0016772783499068;
0,10396808163837;
0,237353287609386;
1,02846832408042;
1,57415829776153;
1,39037367905697;
1,29232518591151;
1,07621212461191;
0,196131699015428;
-0,279230501573714;
0,0178695822934863;
0,0964190894587031;
-0,196447201607963;
-0,865238450269911;
-2,18695867273519;
-3,45999597870558;
-3,75107252561506;
-2,53261335499205;
-0,316879845253298;
0,590038632971382;
-0,0643592624454136;
-0,193880419595962;
-0,19210189196663;
-0,644624564371206;
-0,00443625863707;
1,32612031721649;
1,76600797529228;
1,03048467686349;
-0,375483456164926;
-0,28595946706792;
1,30627844288772;
1,88105245184625;
2,85829683597699;
5,96478870608153;
8,44125807398691;
9,20023415950847;
9,77924710776054;
8,97763202362277;
6,75612003637415;
6,93461836568187;
9,39165268885303;
10,2596839243836;
9,02389397822643;
7,35299011953857;
6,50627757149779;
6,52662356116155;
6,37606742667929;
6,37464936070283;
7,02783639163018;
7,11854423412942;
6,45948921352502;
6,17487920041539;
4,64991143184085;
0,794747344889393;
-1,36417949180006;
-0,856262556522139;
-1,3214032424599;
-2,10215946698745;
-1,15653089630284;
0,213408531206355;
0,927926128312186;
1,30750227212438;
1,27638668472783;
0,602019449128056;
-0,316546300802608;
-0,795794407780935;
-0,495583742636537;
0,257314267215871;
1,0677432261899;
1,8688864359377;
2,52763038556146;
2,98502604023676;
3,04098277671204;
2,32195357303983;
1,44098611725882;
1,34012420937997;
1,89861347393239;
2,46615843065554;
2,33205997545257;
1,56627279519009;
1,29590193416436;
1,87072710263452;
2,26059439743705;
1,7416687262671;
1,18579438717898;
1,23903489667111;
1,41513205640726;
1,60066385426101;
1,62015229855016;
1,36588063191718;
1,22348813951944;
1,35498926805565;
1,61415823915388;
1,51511475231858;
1,07333619202686;
0,869411208068313;
0,945777056516599;
0,791080179087416;
0,16378731551446;
-0,201152331295977;
0,00249428093357712;
0,074182874883361;
0,33204257966529;
1,1627421741574;
1,35057873121076;
0,685160049674;
0,421868259512876;
0,606760646756927;
0,691671314770078;
0,734348275962585;
0,873228476373414;
1,05450506504401;
1,05157854216807;
0,774932300972379;
0,347402481561397;
0,019100458752683;
0,0928435721685668;
0,467640486674591;
0,813001024222097;
1,0453405101086;
1,07572489211847;
0,654560301387802;
-0,159271818303647;
-0,562254837433942;
0,0883019703496516;
1,21639562377122;
1,99925110602477;
1,72097495940282;
0,309838017730441;
-0,435117741343242;
0,0235957960091192;
0,152463554123774;
0,204879566228551;
1,23526298026654;
2,57913160791046;
3,21624368601431;
2,94694549640764;
1,8622157832699;
0,396176046224675;
-0,595921505389943;
-0,627730283236063;
-0,0338946120214666;
0,484497056828787;
0,8029742028084;
1,13936118794148;
0,795392626370427;
-0,990786389427174;
-3,34229249220458;
-4,68557799696721;
-4,66426783094354;
-4,21478580522118;
-3,94304977417114;
-3,16163412945049;
-1,15735275984299;
1,15921757418568;
2,00813503894682;
1,26516332883723;
0,697873700282377;
1,37716789410136;
2,71276011288699;
3,81988679421853;
4,40610924378558;
4,72322009791813;
4,93624296158402;
4,92290558950964;
4,78957881629939;
4,63083343968001;
4,26588944822811;
3,76302412042933;
3,40465343589322;
3,12086409686742;
2,64871399954288;
2,07124611352803;
1,57493655933527;
1,00839818439872;
0,361968293773749;
0,135617954726789;
0,310124193581782;
0,174641502848865;
-0,10399968627156;
-0,0310878256501622;
0,0519790395433346;
-0,0776828611961353;
-0,179189942936796;
0,0979919797261889;
0,883903148723124;
1,75781119841764;
1,64720870288622;
0,302438707575802;
-0,423383744213586;
0,0240962269286178;
0,147641997812175;
0,755638781818522;
2,67958087066817;
3,22068946082748;
1,8920824436814;
1,48154997757899;
2,02499285360416;
2,21211175242498;
2,26062532360971;
2,27207560713316;
2,0678548908138;
1,88807339817863;
1,71275191891368;
1,23482324581037;
0,69113406481672;
0,587213065076218;
0,570198644619116;
0,127174976335517;
-0,156834906986129;
0,00479009813744796;
0,0562262940678423;
0,140967350735508;
0,572861665331224;
0,886688651594024;
0,989037754412353;
1,16334898014367;
0,905844013808368;
0,102926341865581;
-0,220794997199916;
0,0330423074202997;
0,0682606427490209;
0,588305188802245;
1,96039724846662;
2,12510171063137;
1,01038412569206;
0,797547439642701;
1,19901059605086;
1,15311996526573;
1,16143214591288;
1,5787457815655;
1,95634680075068;
1,99117204702434;
1,88043668391892;
1,94761429736639;
2,34757706425363;
2,87082923431544;
2,84518484738371;
2,06792235496206;
1,72172114320429;
2,35081415866254;
2,95368453389164;
2,54016587511332;
1,25425919737769;
0,700208689503309;
0,797699373928366;
-0,059988100115295;
-0,837174603075153;
-0,265538312010352;
0,264744756057823;
0,00630983562460644;
-0,100359128992165;
0,426519100854172;
1,65401229196346;
3,19120213280016;
4,31253341853796;
4,89619359895419;
5,30721232845818;
5,72113095219583;
5,59548727587876;
4,59213286855514;
3,58582176446274;
3,66589970648758;
4,72394470051365;
5,78849851354033;
6,31095501484792;
6,12804642652784;
4,99480857444264;
3,16023463151356;
1,41834158616113;
0,244728434146196;
-0,364649732450273;
-0,433221413901121;
0,00394640658663079;
0,663578119476479;
1,25094043217636;
1,73223323247266;
1,48904202427863;
0,348581128711095;
0,170901631155064;
1,28175268515509;
1,90284973090584;
1,293565675452;
0,0250880188508113;
-0,128169417739807;
0,590390720442346;
0,239136176456868;
-0,389643519039738;
-0,0601169920123386;
0,781477620129706;
1,55048166230758;
1,94052113148167;
2,07674284056014;
2,34699211671815;
2,6917889954745;
2,70629083563732;
2,41574408173734;
2,25802558632184;
2,3923927255834;
2,6505731346829;
2,70072719431898;
2,43378402844009;
2,05234183804705;
1,81972648645439;
2,26908912385605;
3,07800950960181;
3,27554120235137;
2,68917869121417;
1,89714757816787;
2,11813861516227;
3,09663689175037;
3,32409909855466;
3,23023980148591;
3,6881200252982;
4,00336417225156;
3,54926122319027;
2,76664758134819;
1,70448462835992;
0,228936800542581;
-0,397222788828729;
0,036772739431743;
0,13342820316233;
0,798187558172136;
2,99941099693552;
4,034292442302;
2,80035389217668;
1,71730355057242;
2,00297277815398;
3,17586736620667;
3,72125761750403;
2,83879718905716;
1,81721255064309;
1,42726423510486;
1,148923966462;
0,510332062582634;
-0,357733031274547;
-1,05155967716726;
-1,02519268643667;
-0,191211914423784;
0,266799045432022;
-0,0156409968258791;
-0,092739062383327;
0,16664042474757;
0,386803562517593;
0,409476116355485;
0,345769229822446;
0,427231650930667;
0,405802577744851;
0,0816124674376336;
-0,105112335244725;
0,00340645409518739;
0,0377741219340865;
0,590328775677385;
1,95415468537136;
2,26089936545306;
1,29910700239298;
0,999315597486338;
0,911953659627654;
0,127608677647967;
-0,242106177122682;
0,0345893383631712;
0,0749668661846696;
0,0870980708739109;
0,300349505810067;
-0,0163539714306015;
-0,931697072333481;
-1,90476899260542;
-2,70331632357655;
-2,85065500806048;
-2,10154329442601;
-0,913607902547108;
0,0884501585995933;
0,235023141138014;
-0,415563957954696;
-0,685540216267053;
0,155935024147903;
1,15557613595762;
0,917037259791687;
-0,263030580170172;
-0,748897271561773;
0,42888463301122;
2,82343155740522;
4,92348516305498;
5,5869708470311;
5,25953173194264;
4,74467940836547;
3,94496614632803;
2,26057809086053;
0,166910395370393;
-0,495693257675679;
0,0884692937553156;
0,148612340652664;
0,394848468433085;
1,58225727563742;
1,81280059372127;
0,494647334342362;
-0,719746566394749;
-1,19481752808029;
-1,08490853769797;
-0,324878465820971;
0,804526315497419;
1,71151352475547;
2,08013046792711;
2,12491314264532;
1,94544864019256;
1,43115171701763;
1,01517111343605;
1,10008590322168;
1,32212416230527;
1,25016324154514;
0,82475665428507;
0,215894835228019;
-0,148881427886199;
0,00529216655572557;
0,470983907883187;
1,0926764673265;
1,72637209058036;
1,92481235023374;
1,68243556781472;
1,55987799296758;
1,70208123826343;
1,7813824479866;
1,75505304289975;
1,78956284896;
1,79000454562593;
1,60810141786504;
1,35226300073755;
1,2806571042858;
1,4146586899001;
1,39955451262638;
1,08920117543149;
0,884943317021218;
1,14636359380901;
1,66557578804319;
1,82966981140988;
1,31305752397878;
0,679751747691731;
0,671813258416453;
1,1294133187748;
1,57072763975869;
1,94081128184983;
2,07981076946677;
1,65005872238388;
0,897386107286867;
0,525212651809478;
0,679872754071246;
0,897757373728971;
0,839433957746571;
0,431423117274961;
-0,0303043811252058;
-0,0196368888705522;
0,548676959039381;
0,855651052093336;
0,255849356382197;
-0,245452599819418;
-0,0143995470369311;
0,0974371180370492;
-0,0441934888558076;
0,0107054268919043;
0,373527041146343;
1,06430899365571;
1,72866347008902;
1,93506074748803;
1,65362827014507;
0,805628504628886;
-0,503072222331614;
-1,27548313249051;
-0,763049515121259;
0,0796063913130888;
0,149721342855042;
-0,0770445923653553;
-0,0231588822362158;
0,245213810818315;
0,844802635572515;
1,58797066121143;
2,09648125451023;
2,37309419239936;
2,39029814341719;
2,33307634501217;
2,71767066608355;
3,61848965679709;
4,54880477393748;
5,0293471057739;
5,29089543229343;
6,11976572772297;
7,43862539023245;
8,32805001413864;
8,33095428863441;
7,57997582590157;
6,53909025424709;
5,6100406494443;
4,82231894741386;
4,37300622893912;
4,2975389744254;
4,0006326737169;
3,45095758726613;
3,22735390926944;
3,06594101711177;
2,18667803387273;
0,620667233518451;
-0,794573538714571;
-1,34735675409965;
-1,01355381542542;
-0,248511423874027;
0,523316469981253;
1,0045391619539;
0,812900651053455;
0,13216954499709;
-0,156209603411292;
0,0161014351845393;
0,0491520065720374;
-0,0263697379095363;
-0,919855825852341;
-2,75963326817549;
-2,65924330367775;
-0,559941728624756;
0,294741747157002;
0,0491328617613325;
0,0278163843641572;
0,0113121250843889;
-0,0210284520246583;
0,00580118125992938;
0,632138507320531;
2,32515484265381;
3,70293349314171;
4,02435252610821;
4,32867643325517;
4,11040764189935;
2,91776450653804;
2,82846272853531;
4,08336046799107;
4,63009281448856;
4,25478493901642;
3,58212486551193;
2,99239594951093;
2,87123289347627;
2,81614627818279;
2,81267923249855;
3,25441211116235;
3,35289988553366;
2,88254697373288;
2,67600876377478;
1,89626030680504;
0,139115787928391;
-0,383917007088859;
0,550143918402964;
0,936189562646455;
0,59187998980701;
0,112615135100828;
-0,134097952941169;
-0,00341404050169782;
0,0521915814439453;
0,608076913575373;
2,17539322487763;
2,91876288960703;
2,16188294122333;
1,69128150771273;
1,36412810263666;
0,24162326525046;
-0,353341101343873;
0,0252525964313428;
0,120855156194065;
0,529489676782374;
1,95496126736494;
2,54408050555022;
1,98356164027822;
2,08227189423266;
1,93256043255609;
0,35255700581639;
-0,508610808694959;
0,0360889794487249;
0,173845445361051;
1,03035795533278;
3,69125708973584;
4,55793789302075;
2,6146388591101;
1,26086350446821;
0,823611273390201;
0,0902735000529449;
-0,207818401136051;
0,0355179711385766;
0,0620705491970445;
0,237272957756568;
0,675769375869706;
0,223767800679429;
-0,611812433621726;
-0,17521777950804;
0,905248391233726;
0,965761776102033;
-0,0140350735624884;
-0,634463187279475;
-0,0781664448197058;
0,978017063402255;
1,77009390526513;
2,27679773186787;
2,29838126218625;
1,51796524621942;
0,846849140679566;
1,43086741837326;
2,41847843188684;
2,36706315086149;
1,43765770619542;
0,658283343647247;
0,622959061521147;
0,947955997183177;
1,16020017567891;
1,59845385333258;
1,64537321843424;
0,404162586356251;
-0,446875113736757;
-0,00514608450919817;
0,168703427173373;
0,537598724790157;
1,92396929575471;
2,04817220222604;
0,153690555940317;
-1,33926726299859;
-1,47307128225688;
-0,922132646996681;
0,0117460095327985;
1,01002052149716;
1,72205061795097;
2,0331078283443;
1,80281439896492;
1,31362469987865;
1,42472614432412;
2,24243021365807;
2,60965175799051;
1,88971128639687;
1,15956424532449;
1,4445462703174;
2,29107788355199;
2,72497608899205;
2,61105696867586;
2,72448985053907;
3,10799108965387;
3,02356294187087;
2,72186063845316;
2,88847420040874;
3,30457833475415;
3,39920944918329;
3,05776846140794;
1,95857522458967;
0,224704204489427;
-0,455615536887804;
0,0579600557775018;
0,146065613885357;
0,385368805517074;
1,37294217977496;
1,40068085926037;
0,637103613036682;
0,806716164326603;
1,00971260531042;
0,20732469312353;
-0,279308727020848;
0,0169374164054965;
0,0963600332292162;
0,421438112800799;
1,56161232407448;
1,98697900562507;
1,35003777269711;
1,30944894439126;
1,38744853572978;
0,334949750194071;
-0,383792047205116;
0,00215333781526256;
0,141778775751044;
0,428900302424382;
1,68011237302738;
2,48524129897091;
2,41746080553704;
2,46210982200527;
1,82762756959292;
0,201048080007603;
-0,441401966578642;
0,0671052450228953;
0,136123314608284;
0,321764776466273;
1,23692035981886;
1,37329366507776;
0,709945243835982;
0,81524096435349;
1,04813621334411;
0,273496941535244;
-0,296949297583977;
-0,00295347169583235;
0,111557109392681;
0,261314614111325;
1,23907637533268;
2,31236859169691;
2,70486713955845;
2,64289344424244;
1,84111984832772;
0,251760530435642;
-0,439499647573127;
0,0438577165971974;
0,145885385783352;
0,176855181465623;
0,841437923319715;
1,17211099134468;
0,948118817266996;
1,05734201237883;
1,07015497603315;
0,253072585538675;
-0,288474677467618;
-0,000470232512518441;
0,107699032895374;
0,263977326696992;
1,00184623027838;
1,27229936480497;
0,837324848628218;
0,691695209792337;
0,614690781428498;
0,106037898125622;
-0,161441310741125;
0,0138596625465381;
0,0541238544841955;
0,242503893109541;
0,894899887443626;
1,21085472764245;
1,06024292231401;
1,12616135173125;
1,28674257106694;
1,24725037357237;
1,14568016821542;
1,08255638542142;
1,10329301027637;
1,24323629445199;
1,39052288041638;
1,44132644502832;
1,41452487536344;
1,33951043477268;
1,43438001116673;
1,77343775662923;
1,96140467756433;
2,01817874115474;
2,42804342755431;
3,00567807906896;
2,95877230182197;
1,92330601029327;
0,491268889014203;
-0,518472036360943;
-1,16290422489437;
-1,60163091633357;
-1,42743673915137;
-0,969510397638917;
-0,904304918483564;
-0,741103132005034;
-0,106484680216056;
0,187784236731557;
-0,0217607540749599;
-0,060648976674133;
0,0336157177781618;
0,00740166862381682;
-0,0150368476892745;
0,00366547787377123;
0,0038097917479827;
0,132353066581797;
1,03712407159224;
2,89123874431929;
4,09010222510516;
3,55105763961614;
1,97805870065662;
0,223281521583848;
-0,433938063272264;
0,0449501428953334;
0,144512278321788;
1,33925491121175;
5,16548528320371;
7,90245196580645;
7,77576107099422;
7,69633465210672;
6,01263419621313;
0,950599944664337;
-1,50300334415276;
0,128149004736782;
0,506458396059167;
0,730061207100557;
3,29572919703049;
4,39434528338766;
2,81831909103398;
1,86769439962616;
1,77070339920234;
1,20692124606764;
0,715307052099119;
0,552363076602226;
0,172014829482684;
-0,533277297436768;
-1,12873668088106;
-1,03260697149772;
-0,0817717212441543;
1,17550162131159;
1,46833447639379;
0,335195437199871;
-0,398748623952719;
0,00612959749884993;
0,145778176389926;
0,0278419939321265;
0,388616578696468;
0,739729953252693;
0,583619208137366;
0,225022617145843;
-0,00998452610761636;
-0,0553585107702563;
0,0117373462986915;
0,0171363321678852;
-0,0117259148559483;
0,624174336710273;
2,32127502281834;
3,65463422499308;
3,86222094988104;
3,8881275826106;
3,7830776951707;
3,34478172264089;
3,07218474218907;
3,05572867298588;
2,99122194788828;
2,74691886033959;
2,35154598801844;
1,99450654408103;
1,95576397001031;
2,16862229994416;
2,09591448797159;
1,35050379849261;
0,444991254532267;
0,115965943512553;
0,263270179989336;
0,638500175719651;
1,01927010166276;
0,740723662519284;
-0,199536151885398;
-0,854441497098053;
-0,701188133464141;
0,00799313871822607;
0,884168149012673;
1,54666144762733;
1,77992831909975;
1,84576588458722;
1,97002217257834;
1,99460661621557;
1,92821965368677;
2,03542370654469;
2,36278981359016;
2,70275050973958;
2,97593064781141;
3,14058124049072;
2,86021112618285;
2,08651143229808;
1,42876394190042;
1,25672536345317;
1,38103381443705;
1,66389223708712;
2,10276452424351;
2,47779097991403;
2,48563267327094;
2,1806073130562;
1,74616891376282;
1,27052439213761;
0,961430139413903;
0,941533462971991;
1,1728935053563;
1,62182479174772;
2,0444065290411;
2,09401997847047;
1,85206713876872;
1,81568421823672;
2,21624974176433;
2,63928853625021;
2,71431054351014;
2,67779983614916;
2,74730509598877;
2,79088635634461;
2,84627788691017;
3,1017155933461;
3,43809394163732;
3,62310659662073;
3,88929530858353;
4,52466426052175;
4,91140902620971;
4,25229490714303;
2,85985208452285;
1,72642907886737;
1,34680334536189;
1,08742261047654;
0,128161676833406;
-0,996575913544435;
-1,30808543308452;
-0,884090720015856;
-0,144178719668727;
0,59249086004455;
0,7898235737659;
0,366666192444379;
-0,0587024073424969;
0,0445036951377677;
0,474351372067686;
0,588875161783989;
0,508147974555397;
0,523406667243562;
0,320701796427619;
0,284886947716904;
0,548973791295632;
0,595545113148257;
0,508294383108302;
0,186999208338164;
-0,136323979038169;
-0,0287976880818861;
0,0635953427101222;
-0,0168886538486655;
-0,0154536462448638;
0,0124636442833928;
0,000274411813716085;
-0,00454540778026292;
0,162540346324004;
0,82543657240592;
1,76626382768872;
2,02010704785317;
1,3669041760813;
0,576398051792827;
0,0492239192392586;
-0,111303595133548;
0,0110373166116391;
0,0378040578440933;
0,117000574625391;
0,688202993796955;
1,5506374605007;
2,06389017280836;
2,07736041073263;
2,04760993718528;
2,26542727126188;
2,5533192183679;
2,5007963701764;
1,80937198710846;
0,709025304394922;
-0,0665674213176729;
-0,119433802482281;
0,0571031417607186;
0,0211609454053008;
0,0762726685097986;
0,43387473871696;
0,827604353320768;
1,20497901163481;
1,67713713073443;
1,48199317763678;
0,262826283888426;
-0,379214950291481;
0,0246093939205911;
0,130946021780177;
0,548914784551272;
2,10810296811308;
2,89579856246108;
2,19117034222973;
1,60748296184114;
1,34851520277969;
1,14092642769179;
1,51457402171881;
1,9283127258665;
1,60629838727103;
0,840007422276429;
0,0835168203242356;
-0,179316456448769;
0,0209923157595992;
0,0588139773961859;
0,531819970076812;
1,96826311355474;
2,6330001747933;
1,72263415672748;
0,783313171710762;
0,358770943627712;
0,0221890302500744;
-0,0808206421272415;
0,0170960916344381;
0,0229713621253317;
0,211458822765652;
0,778765103228586;
1,18101093199728;
1,43006809675822;
1,90013319743449;
2,18127725207188;
2,11052730575135;
2,02004194681363;
1,8687086370037;
1,53169240306646;
0,917000040918887;
0,105259668956599;
-0,208380666638861;
0,0242640320882196;
0,0679602552927453;
0,297456709535342;
1,01945127806933;
1,10128008804672;
0,56018188118798;
0,569985307732393;
0,942801306425861;
1,09499381174011;
1,10612357415303;
1,01451768616127;
0,877718582663519;
0,647746027634515;
0,139651615750376;
-0,16213564063823;
-0,00177829186465342;
0,0615512154430351;
0,117440425182262;
0,435593216505209;
0,575674395396713;
0,675022316290339;
1,18557514996393;
2,20143170485845;
3,5698895837875;
4,10845753363763;
3,85512667779143;
4,50670846610423;
5,99675632591792;
7,19495485318457;
7,69442224001495;
7,6126683691494;
7,35037315076626;
7,04358430882936;
6,74393907255511;
6,7690071270308;
7,00404387031061;
6,8511449116538;
6,13515653161025;
5,21975302808371;
4,5161094131083;
4,30784410117143;
4,45295763038269;
4,76323218407071;
5,10309627998839;
4,81687792951254;
4,26066817984823;
4,35989667162853;
3,37527098389812;
0,559643520610494;
-0,316199031469221;
1,1128919267307;
1,00407015142509;
-0,184398679970893;
-0,224860681114056;
0,131447594784494;
0,0293475805506;
-0,0597244709179218;
0,242076574345706;
0,942294375338089;
1,54487711700521;
1,38455200164299;
0,617027014525436;
-0,0137233660695945;
0,120560397787841;
1,14420704700447;
2,63937014441257;
3,91068431709591;
3,3137930466844;
0,554409699869092;
-0,832367404299815;
0,0600759753828193;
0,285191769339879;
0,997715585884276;
3,84212041710927;
5,08992623956822;
3,64336053024461;
3,00786829168347;
2,59147987237357;
0,484121853001825;
-0,679367138921439;
0,042068760984541;
0,235009744384365;
0,500338760845695;
1,93641391905858;
2,39796154243882;
1,5990900206552;
1,40443612570039;
1,17895167769976;
0,156195981922924;
-0,297983055040715;
0,0397547314307315;
0,0939439491771229;
0,37309646316538;
1,43635832084263;
2,06804557095164;
2,14874351565711;
2,59325620280283;
2,19257940004416;
0,332428498831403;
-0,551144133101923;
0,0544925322018416;
0,182295353602072;
0,479105450711891;
2,02901057855303;
2,96800774233274;
2,45728199727515;
1,89438884858741;
1,64876445119867;
1,50395426982523;
1,5817028314884;
1,67445569445054;
1,63351729557378;
1,17261129480513;
0,184440457539942;
-0,285305850320102;
0,020880727147709;
0,097901622626511;
-0,370726003035006;
-1,13982502373132;
-1,23564859505224;
0,027037522231046;
1,43809786366673;
1,43518291988697;
0,225685483486798;
-0,359857630012829;
0,0317363609422542;
0,12075830502915;
-0,233368399631812;
-0,558986950041958;
-0,446211432849171;
0,298704721472732;
1,08810158448147;
1,06851052566731;
0,199201246614486;
-0,27409739097599;
0,0140454261526977;
0,0962886607396349;
-0,500834480512703;
-1,46353074469269;
-1,60931713386186;
-0,924760158487184;
-0,847475241020061;
-0,943277197384626;
-0,226009175746495;
0,262407026015347;
-0,0030403267365606;
-0,0962011932410966;
0,518362190896431;
1,69777787846065;
2,26449162326272;
1,6385612676205;
1,03974639170881;
0,780518785320037;
0,186916394080279;
-0,203577905707853;
-0,00526654772453483;
0,0783837123576052;
0,874034659763475;
3,00277459855292;
3,94073291303381;
3,40143956352931;
3,85981825694861;
3,51506384924975;
0,620637990736915;
-0,913423450805116;
0,0675995848904459;
0,311308757919738;
0,337173472132865;
1,55006145633681;
1,84459236284151;
0,693059930246638;
0,142050654415982;
0,660692396601738;
1,36616951440874;
1,71992588899304;
1,75349321263098;
1,7666897680034;
1,77596284067748;
1,77883552606235;
1,91953587679963;
2,24625981593089;
2,56856376602162;
2,40144220321765;
1,84177065755959;
1,76830164399829;
2,27180036087501;
2,6140662951868;
3,354963019405;
5,50469741569221;
7,65437774067915;
8,37982781741792;
8,21920892743794;
7,21061956714086;
6,03008886536419;
6,73827593347726;
8,46997278792006;
8,52399538822252;
9,53961294446126;
13,3689156335028;
13,6144021409264;
10,6654320337237;
12,2034283514222;
11,794906510095;
2,42540122270335;
-3,12989634559945;
0,119679544313059;
1,11452247312465;
4,86500534719524;
17,7024364201199;
21,8599062901884;
12,3327517622479;
5,8079430573162;
3,8381562239388;
0,211249683928971;
-3,05376327066235;
-5,35401585861983;
-7,67854656279105;
-7,96222677180023;
-5,0968619639585;
-1,10596068315554;
2,81501043898594;
6,62809261127478;
5,16340269013332;
-2,87678053561933;
-4,47163651619094;
3,08247666374273;
7,76831429458763;
5,97360590101906;
1,11485951526324;
-0,483795540221576;
2,63645045150377;
3,87856606347579;
1,90216421429546;
0,0108512899889257;
-0,35262600115733;
0,0918864957709897;
0,0950815736391458;
0,786725160980579;
3,4268143396092;
6,32515127335171;
8,40200662244033;
10,4090485016027;
8,7758725931364;
1,58287928611011;
-2,22179327543518;
0,120813759005015;
0,778273301284063;
3,58245609510512;
13,7958414663882;
19,9880765804572;
17,8088353240917;
16,0368053696358;
11,6654646523482;
1,47294383840077;
-2,83735932346745;
0,359836728137389;
0,906126405712886;
1,42547673507995;
6,61930841739391;
9,20879561127098;
6,32522194790081;
3,27479764654825;
1,29584130025717;
-0,162570053655904;
-0,239174540615987;
0,133678896345831;
0,0328680920830619;
1,30630691515081;
4,86396758392208;
6,83433282294409;
5,87904429902415;
5,63629515151778;
4,83547488566897;
0,929836287769449;
-1,25684550601278;
0,0610853827196525;
0,442512984869528;
2,34757772293531;
8,73197071668047;
11,9231445207806;
9,5586834126196;
8,53598745528873;
8,9207649145663;
7,72243444976329;
6,33946900905348;
6,12398095697471;
7,13632960513498;
6,36983765797118;
1,38134790020233;
-1,6610473550169;
0,0175849358527647;
0,612691454590646;
2,33553110291183;
8,90285466042972;
12,0787463941312;
8,70748531611135;
6,36269737249665;
4,91357282308749;
0,83273046548981;
-1,25894586393102;
0,0988590745641835;
0,427061172374457;
0,274663426474572;
1,83154781146798;
2,87609842948248;
1,66033045004811;
-0,216443350989486;
-0,807848531218684;
0,138755626079883;
1,38032606095711;
1,53453785612619;
0,774462856441996;
0,145226361664106;
-0,257738407410478;
-0,889118727641821;
-1,77959769940156;
-2,8269840714914;
-3,49503903788051;
-3,10362736159342;
-2,48310021398064;
-2,80216188191791;
-3,36827279926952;
-3,28487832353987;
-3,14488241183826;
-3,40933362283825;
-3,51252169763765;
-3,03174905727066;
-1,767010323387;
-0,136020998333141;
0,392725712466864;
-0,0698475028633132;
-0,117670203685658;
0,200726309289176;
0,353252733397153;
0,180649147942803;
-0,0195544854785854;
0,350362825050865;
0,958215149475144;
1,19372625829705;
0,982467683160912;
0,324002552431799;
-0,2863898283399;
-0,105061293164812;
0,372938930555744;
0,0647000585902225;
-0,719939798229748;
-0,953861435066958;
-0,531293739879234;
-0,0208056311329133;
0,107506596594243;
-0,0233712491659081;
-0,0306827584219856;
-0,470486048513865;
-1,63708612663478;
-1,94406366597454;
-0,852132704808424;
0,153441177501291;
0,558666982339369;
0,585968375847246;
0,078055887313795;
-0,635329378602708;
-0,624373881570719;
0,349569437479008;
1,47729435269431;
2,23199025916128;
2,62621730710746;
2,59705513339297;
2,28359100608569;
1,94107691793945;
1,61794990771381;
1,55887166017198;
1,96024579610806;
2,43028319836418;
2,61632424775685;
2,64287269625437;
2,62062485909801;
2,60395514238882;
2,71555499823555;
2,76330762729019;
2,51123446223032;
2,28336696076883;
2,27939339524961;
1,64320462614288;
0,200024322275214;
-0,395861119873261;
0,0516315325850042;
0,125904463901118;
0,500200944937336;
1,63698433532877;
1,53419428614272;
0,56765085818367;
0,855995013442169;
1,75575008838822;
1,89835224306395;
1,17135685529921;
0,596169781701376;
0,97785857326034;
1,62127703403007;
2,00529668443163;
2,21797456443461;
2,13419168377595;
1,77916516225453;
1,10970821622818;
0,147157606199223;
-0,257213567991357;
0,0239314166777029;
0,0863906016458198;
0,344592185481135;
1,24911080601033;
1,47899874281729;
0,84635880841386;
0,67750501342276;
0,67800105772643;
0,131814233867748;
-0,184583509337761;
0,0127819592338209;
0,0630558916871093;
0,227344340577063;
0,705886989632954;
0,629991428384294;
0,374501681086166;
0,905364721443525;
1,10887860974105;
0,21146479961182;
-0,30163675751231;
0,0224970451439405;
0,10233538774848;
0,0523092467154493;
0,391895252396331;
0,677038510354688;
0,573923162055165;
0,362726622635899;
0,316060734613248;
0,445723931721486;
0,602387299370596;
0,579462146584377;
0,387985804371433;
0,344510072592883;
0,477141104781466;
0,396375292524236;
0,1915249037165;
0,23640337721715;
0,415137714135229;
0,488824372052323;
0,366414914158008;
0,199915256388021;
0,243539289545901;
0,179826395344535;
-0,270704075643248;
-0,613476765930402;
-0,635595634617215;
-0,576377754445653;
-0,336912819270975;
0,0636950890562145;
0,357325625736772;
0,446416057353916;
0,313272394217463;
0,114521290000651;
0,10397588207999;
0,187668188725136;
0,15891499272185;
0,131004997464339;
0,152571687574187;
0,0555048049203326;
-0,0449624947766038;
-0,00604639815131304;
0,0193300568865618;
0,356554970470926;
1,27217833911314;
1,89369009979066;
1,87853047147481;
1,81468949394119;
1,31526172520278;
0,176886050528294;
-0,316029673130506;
0,0337712887731261;
0,103844870854559;
0,531654928116535;
1,89572091576916;
2,4038656373318;
2,04036000222056;
2,55495994994346;
3,19413733687089;
2,93241741303198;
2,55166519460997;
2,42246017333367;
2,18037026455516;
1,90600409713203;
2,10123734018049;
2,85883826382952;
3,51111999134672;
3,51168067422151;
3,18770169130747;
3,09861656504003;
3,21805272362516;
3,1539589787996;
3,00642301578507;
3,23538746738418;
3,59441392201606;
3,43219251022203;
2,94595440432494;
2,81812175649111;
3,05712923647443;
3,41797272468941;
4,00598292286376;
4,57507836286005;
4,64274156778379;
4,43835255527302;
4,38990701568618;
4,28661256829782;
3,88421563074835;
3,47673145428604;
3,42292848101549;
3,58970601219263;
3,51162650868622;
3,16203307774515;
2,98946181105326;
3,08411295713227;
3,18859173951586;
3,22940642048268;
3,11332639073252;
2,62406919511278;
1,51830691323537;
0,129020390504953;
-0,335320022457121;
0,0536646926477393;
0,103192715854629;
0,405156203189039;
1,52097740396352;
2,01299762508231;
1,87055964063153;
2,3861363492525;
2,70307427765995;
1,93432744998957;
1,40582307984173;
1,91733326050884;
2,59196461454884;
2,93782506604679;
3,42648004486638;
4,23073960468409;
4,50531285430113;
3,69781733296864;
2,03287628591416;
0,165167150073913;
-0,443536627446131;
0,0719166338009123;
0,136266355530289;
0,690245188715042;
2,59594391542348;
3,5500526576905;
3,23260872259938;
3,97834709949461;
4,00440944059072;
0,934734012289146;
-1,07258444582939;
-0,000556677230661992;
0,400100622786671;
2,7463974565564;
10,6165769503988;
16,1285184230718;
15,1973080364577;
14,5174002357468;
11,6032015259564;
2,0321488237798;
-2,94250581587786;
0,188171366153604;
1,01808634276002;
4,90867604157496;
19,2978651407682;
28,7490092110387;
25,7613035389883;
21,9250201652119;
15,4528826937332;
2,11047794511154;
-3,74458319980679;
0,401398316154521;
1,22889924575886;
6,65925122118422;
25,1528852213457;
35,1980553488582;
30,8689188880348;
30,8830514235715;
34,7619801300201;
35,6185910880037;
36,572551071817;
36,4967779584623;
33,3358851989122;
30,1736240243176;
29,0613673390476;
29,4019997769022;
31,0384379927683;
33,5136263260438;
33,7864516756598;
30,234720307546;
28,2767769945868;
30,9896648838101;
33,9503280079703;
32,9204679385659;
28,6949104450295;
28,7712294109929;
33,899728225949;
35,5103470009998;
31,734982723011;
27,8125315067912;
29,2674148888218;
34,0522254100487;
35,2627103338839;
35,0238747745334;
38,8372689634485;
44,4210876378258;
50,5955217754883;
61,6776979894731;
77,8245790965032;
94,9349156739507;
108,988379800768;
116,182083441252;
116,117666219876;
112,607812412404;
108,567612762061;
104,598020676125;
100,948487670028;
96,796731652793;
97,1396447156567;
105,705988401057;
108,473346085663;
100,789303985437;
95,4151584026287;
101,520240715949;
122,504329926397;
141,408540404442;
145,982251989396;
150,158690562878;
116,267338839239;
19,7474753811903;
-28,952189984534;
1,83761810995227;
10,039182832842;
39,2185381819075;
150,532722599806;
209,265939595768;
176,36341703313;
170,449868080284;
142,620395360777;
24,2825795384822;
-36,4673115548595;
2,77919837591035;
12,4101316624057;
43,0213116949395;
168,507327613604;
237,14030485784;
205,21996489835;
203,970681333252;
229,222174664114;
227,713641386854;
225,448733102854;
232,357055302943;
235,862407642804;
237,187976511426;
237,685764748913;
232,815719343787;
222,060206441799;
207,54116545519;
189,546540918276;
167,510774902345;
141,682113897879;
113,147122034145;
84,598777450984;
59,6850027916138;
39,7505992034307;
25,9024296756343;
19,1733127322683;
14,2062081130931;
17,343319363752;
34,2306723011854;
35,7195161436846;
18,2184460298633;
10,9274325716537;
5,99209942500251;
-4,89097518636831;
-4,23376519897538;
5,98070955581814;
12,4181875754323;
11,568348662169;
2,88026697701859;
-3,03065029412678;
-0,116711201842784;
1,18350840740753;
7,12645490797551;
24,8452622284765;
31,1510125787035;
21,0084164482972;
16,6707224558778;
17,754210336225;
15,1464197066488;
12,8302676399584;
12,9990276533172;
13,3863313662442;
13,7669034845936;
15,6246369304903;
18,7666153710965;
21,2385072975582;
22,1022032667409;
21,6680577968912;
19,8509917959357;
18,6253198659794;
20,3647844173183;
22,4282160354039;
21,7975444476262;
19,7741745671213;
18,161534666036;
15,8963571356411;
11,8450355787019;
8,2614268490962;
6,83860634776002;
5,76143787615852;
3,86064886466632;
2,54224157830722;
2,50734541154402;
2,39475603700531;
1,11384396297841;
-0,972878215645768;
-2,99897518966367;
-4,11536705019854;
-3,36527754556249;
-0,545524534210615;
2,71479820013499;
4,71924918763143;
4,1354757171555;
0,826627441097909;
-1,04836864090383;
0,0236842612643293;
0,381979959041507;
1,50644200982972;
5,85993185028901;
8,77414098742977;
8,66385324467797;
9,21146081335717;
7,54682860340296;
1,24398533140479;
-1,90099425788313;
0,147768426878716;
0,64648389693258;
3,43700436239335;
12,3657354492643;
15,5193348161584;
10,3246754231165;
7,54657043281474;
4,95780716167291;
-1,76492122150976;
-5,08235734274261;
-3,39097723822112;
-2,48373856060099;
-2,03454294598148;
-0,848791341282567;
-1,38176108227043;
-3,32840269792574;
-4,24010764335565;
-4,01338162446067;
-3,69716527625228;
-3,60645420743669;
-4,40280826332483;
-6,73950137403506;
-6,81227462275645;
-1,56272461571314;
1,82024965734382;
-0,00807262842276677;
-0,675120805319485;
-1,63621041500625;
-6,47769099333399;
-9,0402080105078;
-7,47205323929781;
-7,15910900632304
