-1,16485819966704;
-1,07345348983774;
-1,06291197263203;
-1,14777512033062;
-1,19658844403937;
-0,888189409269987;
-0,141125272521794;
0,217668071366639;
-0,0161194103335545;
-0,0745598336930393;
-0,0663052208976382;
-0,356687215044005;
-0,583252845647596;
-0,665644451500214;
-0,864885690647904;
-1,04539864503428;
-1,02893878580571;
-0,853076811004549;
-0,57109860585039;
-0,36401214215577;
-0,36344451081455;
-0,425829576315301;
-0,448760290802001;
-0,487649308665832;
-0,577467905790893;
-0,745107758361242;
-0,984618274789823;
-1,18027383441476;
-1,24893879733387;
-1,24854558775683;
-1,25191945155204;
-1,27567467823725;
-1,29584434872882;
-1,30143439562594;
-1,34912821400411;
-1,46903721647731;
-1,59500827518295;
-1,63760622674989;
-1,56685464840989;
-1,42778278594518;
-1,27088166240572;
-1,12614729203622;
-1,07004349630405;
-1,15466753065067;
-1,34148881964459;
-1,56178450341861;
-1,67448610787605;
-1,56872023567609;
-1,35029539400264;
-1,19513719109137;
-1,11228038743028;
-1,02223039440379;
-0,931677625593432;
-0,842338874784043;
-0,747035853675089;
-0,701735986168862;
-0,690784857530816;
-0,692175932370178;
-0,727944803724091;
-0,719088364396666;
-0,609066814286193;
-0,462599161704836;
-0,392152943131441;
-0,457665676786134;
-0,571497976291868;
-0,644816999965534;
-0,680164352733347;
-0,632227821291382;
-0,431123793439828;
-0,187125369418731;
-0,092064816423506;
-0,135723696711307;
-0,223158877901173;
-0,363482355683987;
-0,52148923939051;
-0,570029989779778;
-0,494907604624594;
-0,395212201346167;
-0,322939572748889;
-0,307048649360315;
-0,377799982665897;
-0,531986789302853;
-0,727663783577106;
-0,859321238497539;
-0,862643723440374;
-0,852983476201017;
-0,96735664856179;
-1,14240394561642;
-1,24260390285941;
-1,25150562332704;
-1,19816980681436;
-1,06274816621077;
-0,870848864358478;
-0,751637466448633;
-0,750241826114582;
-0,772929264290835;
-0,823978029631087;
-0,971236095405399;
-1,09472391982273;
-1,04470378719878;
-0,895591429472711;
-0,831156640525154;
-0,949742030859596;
-1,09719777889682;
-1,05193755758249;
-0,940586676347468;
-0,950966121528421;
-0,963126345248145;
-0,883511331164252;
-0,788503233828581;
-0,537132290240936;
-0,0720921947535947;
0,128304524356053;
-0,0134159533445404;
-0,0423143633750193;
-0,351531477299018;
-1,30545151990223;
-1,81846342408966;
-1,47304516207004;
-1,17496998654761;
-1,02476470627644;
-0,737194493001427;
-0,485443867429574;
-0,32731642746842;
-0,258704031963951;
-0,220405063348544;
-0,0588554935610104;
0,0591749465278338;
0,00307450371448695;
-0,0234205525501587;
-0,0851970542964739;
-0,313547765523407;
-0,426650026426878;
-0,34585692212391;
-0,32213254171883;
-0,341975482472245;
-0,311753502683205;
-0,284921740040543;
-0,27675719227181;
-0,345453231903275;
-0,446005099422304;
-0,406491115576531;
-0,357539101782086;
-0,353678135616197;
-0,249407455285784;
-0,174808994643779;
-0,169939629229273;
-0,157160641801497;
-0,227635652440103;
-0,347472217443899;
-0,329658653118984;
-0,173698597659769;
-0,11943952279692;
-0,241066889229118;
-0,355417823194522;
-0,284287364764083;
-0,0409277949255487;
0,0792556286106098;
0,00711954921182516;
0,0118095190102864;
0,0641250726438628;
0,020327945988191;
-0,0120036983931785;
0,0143465954642088;
0,0426812483083807;
-0,0692161853414556;
-0,466938089683726;
-0,869974088022846;
-1,07288487648235;
-1,36318265076058;
-1,8576829846649;
-2,48706130630885;
-3,28272206853886;
-4,1511926459653;
-4,87050285507756;
-5,23008774184506;
-5,06030643967649;
-4,39573810442897;
-3,75262813144751;
-3,67277743019466;
-3,84328330064913;
-3,54032186596872;
-2,56576768229883;
-1,08247803652076;
0,614615876027506;
1,87514117709007;
2,20447882683542;
1,73998749968612;
0,888717250348439;
0,269648673349955;
0,330065222448702;
0,737521193104983;
1,1173826504832;
1,54024130365684;
1,72652416940044;
1,09190425601211;
0,0523418627377091;
-0,241013313787542;
0,0555743398018115;
0,066629831019409;
-0,532495656662918;
-1,46840577872117;
-1,41702392551362;
-0,475232562056816;
-0,272393589175665;
-0,44265837675088;
-0,102676705515406;
0,131940492007905;
-0,00793325094029482;
-0,0452909820178629;
-0,138671917182086;
-0,488454270850471;
-0,433232064452473;
0,0385526795762963;
-0,0962485634338832;
-0,553766327065382;
-0,247610270120564;
0,185903644885209;
0,028303201398454;
-0,0808097306109203;
0,831833030817158;
2,91989595072152;
4,37992775495547;
4,64753852373445;
5,11416574464867;
5,21230796753579;
4,0969796633923;
2,61494859950609;
1,17150275943637;
-0,335853514343732;
-1,18449484613281;
-0,826333053651533;
0,101667477536054;
0,732886476460949;
0,746887797919914;
0,430122655284866;
0,314748561475442;
0,457321424087999;
0,547368087072439;
0,494673957949714;
0,324230716388511;
0,0653812576852283;
-0,104337290115371;
-0,128694981039041;
-0,214693318936872;
-0,560779253641425;
-1,19367578569086;
-1,89675215397071;
-2,35117636721718;
-2,45842643216364;
-2,38872525857339;
-2,33265787089344;
-2,25313165831734;
-2,03062417670722;
-1,7155223534568;
-1,43513106865053;
-1,33666145274082;
-1,58243147804109;
-2,1800207881835;
-2,91893166739797;
-3,52414349946381;
-3,85269393626244;
-3,89737830876789;
-3,66169136965842;
-3,20762762544648;
-2,09257764351437;
-0,273224628085348;
0,49173569448056;
-0,0508008223640569;
-0,162701662445531;
-0,220084976271683;
-1,07950367029549;
-1,7309714776761;
-1,95555962140365;
-2,65141445964439;
-3,70999292597711;
-4,61575066775556;
-5,29494783274861;
-5,75888851824333;
-6,11605854665423;
-6,55412073174327;
-7,11633138869234;
-7,56896929398181;
-7,62610389744806;
-7,26470658009739;
-6,57694528744201;
-5,67655948108988;
-4,89351297334003;
-4,50754011840704;
-4,37428336605825;
-4,23272931379605;
-4,0611064454225;
-3,880431629269;
-3,54367655951325;
-2,89481269986531;
-1,9455653965784;
-0,806378154426524;
0,351363021300168;
1,39352846945477;
2,4290052402277;
3,63561718496045;
4,9664293266302;
6,2321488476522;
7,31464820077726;
7,88043689694835;
7,35138828473694;
5,80081729644313;
3,75285090601019;
1,33976306475255;
-1,05001756337646;
-2,77532348709236;
-3,71696601122075;
-3,58527274440212;
-2,35351818240765;
-1,67339038938136;
-2,87520432556761;
-5,03101871592475;
-7,30104110314694;
-9,84359842252822;
-11,3585717328249;
-9,8327016938669;
-5,98161748368597;
-2,63151005674738;
-1,65152579141261;
-3,3119232533017;
-6,77383276200934;
-10,824296145303;
-14,0538388632334;
-13,7087443439643;
-8,62869718888642;
-3,40582294914247;
-3,08648605172288;
-6,98486001657197;
-12,0552449216271;
-15,5446861659978;
-14,4046697342912;
-9,10287850625327;
-4,19144820893966;
-1,89004533195897;
-1,14093580392989;
-1,23281611604058;
-1,99969892329581;
-3,15210024563102;
-3,66954496138109;
-2,73968471094195;
-1,42713316866497;
-0,509286298036167;
0,5424795469109;
1,51878635713448;
1,81636689718052;
1,5205364150625;
0,793400433868992;
-0,266580652089324;
-1,28957576813448;
-1,90854697249808;
-2,04997761587578;
-1,95741901911929;
-1,88694505560598;
-1,79600921113584;
-1,59137148889376;
-1,31274157809649;
-0,933836194184366;
-0,403442467183696;
0,126337178142756;
0,479120876476189;
0,704305200543546;
0,875936682401403;
1,02269479270213;
1,24494493331288;
1,50769028863259;
1,21677547916232;
0,198956335629326;
-0,303269001314606;
0,0226408549452666;
0,103645026154375;
0,353450730690861;
1,32303975031676;
1,67271711139609;
1,13605336974503;
0,920334765195874;
0,739923783300547;
0,0949486978643368;
-0,187410713194968;
0,0264772631754614;
0,0584183130222125;
0,236165022669976;
0,827431296705517;
0,848437137296377;
0,235846976897276;
-0,0446592376379341;
-0,039135592005179;
-0,0424163262276619;
0,00822243447489497;
0,0153475603427092;
-0,00993942820817727;
-0,20113623265098;
-0,692078224014172;
-0,926430800490116;
-0,726209454543414;
-0,658454831597542;
-0,537522818144677;
-0,0708895389413745;
0,138095189365282;
-0,0195528009565426;
-0,0429692081364405;
-0,170740721350637;
-0,599639243085623;
-0,681044366183066;
-0,4890807520999;
-0,666859400688108;
-0,683746989712732;
-0,115858162125612;
0,18111759983385;
-0,0171878801297476;
-0,0599490226005575;
-0,127115584377417;
-0,486461302435597;
-0,605046066655058;
-0,438090412212735;
-0,183911939909304;
0,605309061542305;
1,95409728359317;
3,38831173537896;
4,73641500859227;
5,76482515161226;
6,05076316602008;
5,47405210380732;
4,50135357566847;
3,93746881245023;
4,13725544179145;
4,86533788726308;
5,36282123533841;
4,77495203814019;
3,89318859938313;
4,05367747771628;
4,68359619211324;
4,8644991742373;
4,75585150788686;
4,43629862427815;
3,80372525736449;
2,42996875031155;
0,318560792500244;
-0,568320514986797;
0,0568922904282045;
0,188935604869389;
-0,299040045130553;
-0,751188497214487;
-1,06410905120404;
-1,10829507308674;
-1,11744525502332;
-1,35817426861021;
-1,77935796482521;
-2,09083920829176;
-2,11775197692484;
-1,84323757763002;
-1,20246449406221;
-0,477191112070955;
-0,0681957575798713;
0,00842775738187788;
-0,227580397881991;
-0,597530210556577;
-0,590614922035989;
-0,160657069349532;
0,0755847391478134;
-0,220961698418269;
-0,0619025440055119;
1,12044274152944;
1,33039269767538;
-0,104081438997498;
-1,05222262047582;
-0,756527497602974;
-0,081952428799957;
0,166894509212409;
-0,0191813935634496;
-0,0547079695308811;
-0,134379884666235;
-0,460844389299888;
-0,411246374267087;
-0,20164420509691;
-0,717209882748872;
-1,28507146153322;
-0,794743589744708;
-0,0722150916656927;
-0,191731686444016;
-0,847133192068221;
-0,951077434955194;
0,0977530241352871;
0,733486027754312;
0,0613152551050092;
-0,336550589934849;
0,0232263962506927;
0,458322534962429;
0,883446880346046;
1,11837494946987;
0,906369364056455;
0,470566829478369;
0,102464664864425;
-0,145957706441496;
-0,255960679394208;
-0,24337335937345;
-0,113809306482542;
0,0651467355135928;
-0,0249050543043498;
-0,277198195032575;
-0,280071749287699;
0,0447690215221453;
0,503848036582988;
0,394062543269673;
-0,340576962067976;
-0,825172772660281;
-0,982107780225827;
-1,12992618816653;
-1,15106222504823;
-1,04611687743336;
-0,948326648677346;
-0,806748872377334;
-0,618080498245804;
-0,525625360422408;
-0,564613671214946;
-0,676013249048233;
-0,784725110956869;
-0,78844043328907;
-0,657724413096324;
-0,482430627403992;
-0,403322029908899;
-0,481278059896305;
-0,618686309306038;
-0,675595756345712;
-0,623523334891578;
-0,500311715583221;
-0,425539778303769;
-0,553004323859506;
-0,702156939573332;
-0,639032865559817;
-0,483853537145443;
-0,550493794558678;
-0,971106569527659;
-1,23622581187188;
-1,08432339611925;
-1,05414595938982;
-0,93645458128518;
-0,210240106377704;
0,246380416913807;
-0,000824402149609298;
-0,0916082535866709;
-0,617299869512122;
-2,19632905319368;
-2,89076785649049;
-2,21377703762726;
-1,90913605202829;
-1,49052508846818;
-0,203223323292227;
0,37323027548096;
-0,0458142309333994;
-0,119536954177073;
0,0673135903316339;
0,0141422214956077;
-0,0298258637819084;
0,00746212228170863;
0,00747655568906748;
1,69760390938335;
5,83985344128834;
7,92447529816095;
6,7860960837793;
6,77766982580789;
7,93331742456151;
7,89056085449405;
6,78534300515191;
5,06133281024757;
2,30482834954926;
1,68043923952755;
6,11538138274681;
8,57049523605924;
5,13163807183959;
1,61122891105166;
-1,72857970107128;
-6,27851430989751;
-8,33737701571033;
-9,0111374044279;
-12,1040654466128;
-11,3377736530525;
-2,2284272632965;
2,95696050981609;
-0,128670353275683;
-1,04747960762837;
-3,69055296431753;
-14,2153453069405;
-19,4048681795459;
-14,7517010496748;
-11,3142170593617;
-12,0247861614541;
-15,1651033016234;
-17,2625859427059;
-15,1185232535276;
-11,9525905695993;
-10,2970996916466;
-10,2938405091583;
-9,99023702134346;
-6,93953500745473;
-3,46965773316651;
-1,81329894150247;
-0,460849097999124;
0,438190464334692;
0,0435226066787942;
-0,184001544378735;
0,210199736731519;
0,612440681275392;
0,838364027815012;
0,502378260963515;
-0,511468422161734;
-1,09291201594478;
-0,342099465095689;
0,324612561151531;
0,0184415248095801;
-0,12830331510475;
-0,375388098907253;
-1,49046523897084;
-2,15544250428419;
-1,63234536548881;
-0,844218787398832;
-0,608120647880249;
-1,38266058123505;
-2,11644731962829;
-1,68722337541699;
-0,835057744308156;
-0,16906047508217;
0,123354497094189;
0,00987051175740163;
-0,0482093511117683;
0,0167206198178745;
1,06861854154763;
3,57357603262423;
4,65973961826823;
3,54423890364531;
2,97546589933708;
2,94279354381807;
2,32935281142443;
1,81973776596771;
1,73351325262574;
1,65445671149272;
1,1437756665366;
0,175207606854175;
-0,272912952055907;
0,0192447070755791;
0,0941386197065266;
0,10187939357276;
0,451209066077037;
0,528265408325454;
0,212516120047161;
0,0133031316820003;
-0,0192461697558414;
-0,0123460006971548;
0,00665478629996284;
0,00244947703121461;
-0,00352579435914418;
-0,126783642062261;
-0,544879923997191;
-1,0372411431425;
-1,30676765543764;
-1,46098378283329;
-1,18155835879343;
-0,213942962169998;
0,298356657623207;
-0,015466712670381;
-0,104870563199846;
-0,216320618466662;
-0,835594559483049;
-1,00041306389086;
-0,541748741041065;
-0,335574806793445;
-0,283975776744774;
-0,0403903073732175;
0,0737764976300945;
-0,00956362420639776;
-0,0233235970559305;
-0,000377466820550018;
0,0184345671375361;
0,173126923627629;
0,280423632375161;
-0,00463229834032903;
-0,356651769051231;
-0,145108669846889;
0,293259596493804;
0,300115863152951;
-0,0574628252193664;
-0,266738441879693;
0,0299822096242662;
0,192523046549781;
-0,247933666493729;
-0,455299073029282;
-0,108006591926865;
0,0978081980030929;
-0,00291252703424126;
-0,0334925298912262;
0,0150553804596823;
1,10329547641408;
3,55539313087565;
4,13037735122253;
2,21290263959632;
1,06917706066174;
1,8177580147164;
3,59902492642019;
3,94835383920491;
2,25934839444533;
1,11668549917136;
0,502960384148649;
-0,541577524395168;
-0,930712118853768;
-0,820975532842981;
-1,32000062928416;
-1,62673094729549;
-0,892538666931659;
-0,374807473587015;
-0,873939620962902;
-1,50414284850099;
-0,0514245165852563;
4,54348544502646;
7,89218966591495;
7,5950419595751;
7,04612945135926;
6,81759236180107;
5,80212475724189;
5,25128020671936;
6,15743986740518;
8,02713764136108;
9,62906039254666;
9,86215061077938;
8,3919442079849;
5,49243939441596;
1,80442418708737;
-0,761043140510146;
-0,593743734378522;
0,340647745584939;
0,0966423596276967;
-0,166040562213177;
0,774889523090385;
2,63987803287819;
3,59421692835727;
3,03484628896056;
2,40329737600302;
1,52501784044051;
0,116834281876976;
-0,353970511036575;
0,0691926466004953;
0,102781930339663;
-0,435138742664681;
-1,38184550063825;
-2,16870639631507;
-2,37476099154427;
-2,52336993053173;
-2,71213282776025;
-2,70138459048496;
-2,70389221372416;
-2,88452769885193;
-3,0659898538786;
-2,30274108392531;
-0,357331773814308;
0,564111210790909;
-0,0452719777046946;
-0,191685191186442;
-0,599834935818849;
-2,26558611490871;
-2,89760621861876;
-2,163959620999;
-2,22513491540646;
-2,6008956254991;
-2,25051770211701;
-2,10461885878367;
-2,29782663162165;
-1,95197540803083;
-1,00612275960303;
-0,0542838797362279;
0,208844230680904;
-0,0410151849584538;
-0,0613561323890899;
-0,0178455422533994;
-0,0418775486725673;
0,344861525311707;
0,907494532575632;
1,10701096909211;
0,820966003458312;
0,143031434805732;
-0,201052821674636;
0,00950891229225621;
0,0712602722519087;
0,0347796258429254;
0,200233603879266;
0,253849417230643;
0,157127781784952;
0,11634475199048;
0,0463324702592043;
-0,0278186101297279;
-0,0061139541902371;
0,0126543615552439;
-0,00315971273816677;
-0,659826384290015;
-2,3294166801097;
-3,35375458553845;
-3,04057371059084;
-2,82467986147035;
-2,91788158752816;
-2,80615974575941;
-2,68079893131563;
-2,66762703025325;
-2,63246672848209;
-2,49288089757398;
-2,37928897500667;
-2,41358575525275;
-2,45151833243533;
-2,29610018590426;
-1,91508421469613;
-1,33792517301285;
-0,6291567281452;
0,00621880999475787;
0,41746888267113;
0,795424009715182;
1,48924056567399;
2,63112257909248;
3,93773940192551;
4,73667640263944;
4,53433468888653;
3,66822460160421;
3,08144768781173;
3,17745058265252;
3,23599249020994;
2,79290595769583;
2,41484409090591;
2,28742315279154;
1,61626110477159;
-0,318576902981979;
-1,19896783323447;
1,42545334591216;
3,36829330217458;
1,63438271767953;
-0,729234497898459;
-3,24148519323954;
-6,20091298987974;
-7,34962325730471;
-7,35307869965458;
-8,06620405931185;
-6,24963621121611;
-0,814874081489456;
1,53956337068559;
-0,193157786411235;
-0,491994229516897;
-2,45171993507566;
-9,71968324824181;
-14,3798323618731;
-13,0027354979264;
-11,6581152601699;
-11,2983262924604;
-10,0317371171782;
-8,54206373958261;
-6,57907618486407;
-3,97791733397225;
-3,46078425322054;
-6,30573663045527;
-8,52501673827267;
-7,07867478597321;
-4,69251080164288;
-4,82614011153965;
-6,81696712954612;
-8,09011610492647;
-7,03722089074163;
-4,87109426018478;
-2,46966349755317;
1,6770193342952;
4,00945582843579;
1,9177268793526;
-0,00716707933030149;
0,529839046057444;
2,38245837007737;
3,25113404851778;
1,88905218857602;
0,289521151502858;
-0,306017891367448;
-0,175309490695143;
0,100281007360047;
0,0332849729720046;
-0,0516412255436051;
0,243384960066043;
0,883023281077027;
1,39970837247878;
1,62068647502208;
1,88996455004016;
1,59067081488779;
0,286859487966462;
-0,403864217790128;
0,0225828051632774;
0,141159589754991;
0,490376805267294;
1,92404103964383;
2,63216790164983;
1,88131193340224;
1,22184436266934;
0,781656137140867;
0,0742252378035763;
-0,188462742377503;
0,033476007917054;
0,0559887597505969;
-0,157359354839511;
-0,409026957178343;
-0,457298676049522;
-0,170140977409389;
0,214153327928015;
0,536458809939396;
0,783727613084087;
1,01266103572273;
1,20499052907855;
1,1834258193157;
0,956810832875014;
0,705617244147132;
0,4848134715547;
0,278179017099996;
0,153859990280959;
0,180155747063537;
0,352536603862858;
0,609610331341049;
0,849628758162074;
1,01242190563113;
1,0458030169878;
0,92083562776096;
0,752148440726801;
0,68473314975362;
0,705785032293301;
0,525746669850807;
0,0718199664537834;
-0,128489121287581;
0,0142783115090294;
0,0419097615914989;
-0,0229808371994916;
-0,00521535360716679;
0,0103441291924069;
-0,00247752433124949;
-0,00263928228272675;
0,260728622448961;
0,915122040428264;
1,40246838647189;
1,76923234729595;
2,64411987337571;
3,48785980406981;
3,60888158280559;
3,29658471767976;
2,93531099026969;
2,67091046528039;
2,55049670437464;
2,6146519152947;
2,94711930832735;
3,29161314679228;
3,20569745077802;
3,12655450281569;
3,51447136666226;
3,34837002232483;
2,49905937819446;
2,1593803528661;
1,90760528241629;
1,05028239758834;
0,502220863400059;
0,84153546656504;
1,26812929615365;
1,23304599480219;
0,954294585812157;
0,684546208749309;
0,814752128111972;
1,2120911037221;
1,28406749533044;
1,4380693252086;
2,46078659190751;
4,10266462638927;
5,5022294836887;
6,22196277652391;
6,32141608125501;
5,89928332097794;
5,29798209798308;
5,06678349043187;
5,25220708722297;
5,57056679381497;
5,96061875945807;
6,61395501902956;
7,63427847862727;
6,31458117193584;
1,16191041968568;
-1,5998711033144;
0,0779381989553556;
0,564403478403863;
-0,0333811247971698;
0,788271031601141;
1,5952630555012;
1,79661109059566;
2,1777861218759;
2,08614151244885;
1,17698383343176;
0,995679055920818;
1,85943798054806;
2,37253320404025;
1,74576052192855;
0,27633888147606;
-0,419807277929878;
0,0274921192126515;
0,145642592091744;
-0,0896741692367733;
-0,246434761244029;
-0,655315609138242;
-1,01618449756879;
-1,11271275190148;
-0,954290347709857;
-0,243763516320349;
0,251069317575869;
0,0116128188735993;
-0,0988779638115354;
-0,355950508489172;
-1,25104937809406;
-1,51354949928865;
-0,936687312081542;
-0,743973123298515;
-0,646632553283687;
-0,095238899474374;
0,167703078227352;
-0,0202308527823154;
-0,0536952314973952;
-0,328624209972595;
-1,23116340741549;
-1,67434978010255;
-1,31051259412271;
-1,12990014388601;
-1,11176681553257;
-0,803341023758022;
-0,667924493364643;
-0,93404820194483;
-1,209702095987;
-1,36347581483145;
-1,40808511175751;
-1,22747003078175;
-0,92006233645115;
-0,77326566560079;
-0,607757476727294;
-0,123901427011389;
0,155779143918574;
-0,00344695116487296;
-0,0567405975232718;
-0,213703860597314;
-0,860042504003954;
-1,35078535392077;
-1,39566779106488;
-1,45961272317702;
-1,15660374611193;
-0,184717833080874;
0,288525542191708;
-0,0235234511170373;
-0,0977185441113277;
0,126532441834594;
0,375256321165268;
0,760687451384937;
1,21061639374112;
1,70148740221388;
1,57125553178746;
0,328123507239833;
-0,41084379471107;
0,0103000976859188;
0,148870511164213;
0,905095300668145;
3,1424147090076;
3,61959837983125;
1,55619325737239;
0,17173418378893;
-0,0399676055730096;
-0,0860092848875194;
0,00783344561581109;
0,0340058859172505;
-0,0180915362889331;
-1,6528443003592;
-5,46563320294681;
-6,95326707802493;
-5,52534574251223;
-5,78386963605939;
-7,2391025656172;
-7,76215005567977;
-7,74923296644379;
-7,3737820018542;
-6,9176932761654;
-5,0094112322107;
-0,794817705813114;
1,22836223559927;
-0,0918006383237867;
-0,420370193079489;
-2,82800250775814;
-9,67168549738225;
-11,2106754183233;
-6,25149706051991;
-4,5553431174785;
-5,5636565684066;
-5,49597926120869;
-6,94783196976659;
-10,339033798898;
-12,4165754989726;
-11,9907925044839;
-9,28565256910735;
-4,79406751653387;
-1,40105456041895;
-0,366825597310001;
0,1297441054812;
0,284155129840283;
-0,0765684134340602;
-0,082958797020767;
0,0641855961097729;
0,262953659327206;
0,762771594295974;
0,668319673960255;
-0,342038904518277;
-1,39366181455999;
-2,21339035610045;
-2,82358610785696;
-3,04452702704993;
-2,98590221561885;
-2,81771400824517;
-2,5311334791835;
-2,05337706583648;
-1,46765574223602;
-0,91198642416584;
-0,252178313373866;
-0,298622624145979;
-1,61636416846738;
-2,04348778312422;
-0,889603406480495;
-0,0468228196153578;
0,728992331989288;
2,03651498477857;
2,47326099329665;
1,85336088337979;
1,34963617292845;
0,961885202251618;
0,511793955802;
0,379380759575819;
0,461669107238966;
0,40126982830173;
0,163859789642566;
-0,0232444613047753;
-0,0273222465777527;
0,0163508673565379;
0,003394385428873;
0,0279652715154374;
0,140278890062964;
0,224586445078203;
0,219293009328419;
0,200067516829999;
-0,0951747264462349;
-0,769015951169261;
-0,983619145080841;
-0,55106197973759;
-0,350831328623008;
-0,570132227859326;
-0,781689255546597;
-0,797883193027312;
-0,655594622287402;
-0,452405721237457;
-0,313210972748782;
-0,24813194569143;
-0,159830682916131;
-0,0696721933570649;
0,0804376919638699;
0,421230255358148;
0,80493726812676;
0,978140883944733;
0,924512164964137;
0,792206187875263;
0,510975386477189;
0,059798884280212;
-0,120185001719149;
0,0153867563767115;
0,0384441059156385;
0,115296574225638;
0,480893734358134;
0,714424350807905;
0,650430211873657;
0,578088774454902;
0,406312199282144;
0,0495413985427402;
-0,0972675758312326;
0,0123766122676541;
0,0310928777524416;
0,176364391864863;
0,805664025992362;
1,66595117634998;
2,6775445552405;
3,97108377537786;
4,98780622798447;
5,01563058219245;
4,19603996472568;
3,40250221125868;
3,10699526437688;
3,0958496064495;
3,07362111686186;
2,5177783593483;
1,3628273936368;
0,381486912973267;
-0,372247566608294;
-1,43211572222606;
-2,43672753044488;
-2,57481795996476;
-1,99602530766123;
-1,20583855281548;
-0,212573044512956;
0,281083377488839;
-0,00470678108107694;
-0,103873108486585;
-0,959446555759941;
-2,96960120710603;
-2,47777581165535;
0,898186384419328;
3,30475135177982;
4,41566231573124;
5,24883701462303;
5,27526056192922;
4,66570863720926;
3,85398011625077;
3,10214801033355;
2,82493411771313;
3,04589810151693;
3,64212908224459;
4,5709243661348;
5,35468152634263;
5,19828782514235;
3,54533918990767;
0,438294862301454;
-3,17008704331162;
-5,73466100586749;
-6,29152264885152;
-5,03022350279944;
-2,68968737255796;
-0,217253861431467;
1,41565964421909;
1,93097836214434;
1,72882278518939;
1,19516226486825;
0,526458578555168;
-0,101655311616814;
-0,512922700954841;
-0,709970057605624;
-0,859799046427634;
-1,00615590418188;
-1,14728970249163;
-1,43669348771456;
-1,93889403381481;
-2,49907646716078;
-2,86888218814049;
-2,74369579599239;
-2,01098882274079;
-1,00951340427351;
-0,319881955467532;
-0,25054301990816;
-0,359481992410797;
-0,115726984049381;
0,107081133906335;
0,00723841586429506;
-0,0428286330234411;
-0,333269333280598;
-1,34438142536953;
-2,30938922701983;
-2,65223928057089;
-2,76660916645267;
-2,65650670276974;
-2,18012001654073;
-1,61499433604666;
-1,22902010727536;
-1,11326956723857;
-1,2335671528199;
-1,52870341791046;
-1,8904053463255;
-2,14233069095314;
-2,29229298956919;
-2,47506140817803;
-2,65671689057181;
-2,8132763133092;
-3,04174983596338;
-3,28836373158033;
-3,36817560194795;
-3,26402908996032;
-3,13742729164095;
-3,04412356053102;
-2,89262142405129;
-2,02882954944962;
-0,299280010808727;
0,48763603214284;
-0,0410333496707989;
-0,165143812987904;
-0,532271169674923;
-2,05531744108537;
-2,72358527574617;
-2,01779435568894;
-1,6871232757102;
-1,72055558579229;
-1,39042138312445;
-0,791633803481805;
0,0994369377187287;
1,31526218530468;
2,65997978664996;
3,70041687719241;
3,75791475498471;
2,92987352194633;
2,11952214851855;
1,41025757156422;
0,657591265991578;
0,345025056125161;
0,126219737560854;
-0,649401049578467;
-1,02091615949954;
-0,245498400783247;
0,291332734993267;
-0,00714625644670611;
-0,104934384130507;
0,0471853495018239;
0,0174249827680735;
-0,0240530596660223;
0,00387836394974538;
0,00692554183098408;
-1,44696476916365;
-5,50512333127256;
-9,17294465062352;
-10,4409707576674;
-10,8816081958907;
-10,5210243943345;
-9,20957677193658;
-8,22779826486897;
-8,23891400482822;
-9,17910973602534;
-10,7667142916515;
-12,2933832054526;
-12,3968749127591;
-10,6609864650678;
-8,51083031401444;
-7,0539190281429;
-6,04553304214452;
-5,19129976319859;
-4,82942369717517;
-5,06727338543317;
-3,91735709992327;
-0,596526841287995;
0,972509682638546;
-0,089228324657136;
-0,32510297125174;
0,542980711397537;
1,37725159927113;
1,86984456536706;
1,7571143035413;
1,21069930508034;
0,136566279561864;
-1,29802252128849;
-2,36378925318624;
-2,80797367466061;
-2,77398783294761;
-2,25418950497724;
-1,49291531475473;
-1,1126607086858;
-1,10034730045431;
-0,8245769647541;
-0,167490467454425;
0,645596773410692;
1,65948847988848;
2,81323137489442;
3,76140463792679;
4,32083088912337;
4,59543995154256;
4,66703132060347;
4,51170807835833;
4,13035394891949;
3,527933135872;
2,81428239404917;
2,22376196577308;
1,79402150408451;
1,36693175795694;
0,863565107411415;
0,403859923421233;
0,178354709125398;
0,0818823022193879;
-0,0668228749934498;
-0,060889668880433;
0,143010583336472;
0,125268410306878;
-0,152724138328883;
-0,268714847672782;
-0,142312926865007;
-0,0448544503938802;
-0,108692763174145;
-0,237675722159884;
-0,333878690256209;
-0,377162800495345;
-0,406267763597195;
-0,552010739829538;
-0,800119259059977;
-0,942700252307237;
-0,986683614999462;
-1,0988863880158;
-1,25452132995148;
-1,38342404761851;
-1,48599629480051;
-1,54203162057677;
-1,60813819053412;
-1,79343125972242;
-2,08275218820495;
-2,3533137198563;
-2,47826726494084;
-2,45606736420122;
-2,42054809604541;
-2,40025660171067;
-2,34195354157508;
-2,30775994464157;
-2,27286472278485;
-2,0304080231604;
-1,58131458978008;
-1,16071099815524;
-0,82250375100604;
-0,514757237638408;
-0,313803908828877;
-0,217974605089607;
-0,132314834849183;
-0,0786403479336814;
-0,0374586660232125;
0,222975064675806;
0,928446661288551;
1,97326977872841;
2,06350241743105;
0,454874025049614;
-0,550119663753594;
0,00952190726456762;
0,200928768091952;
-0,535949056936217;
-1,62043394920266;
-2,21744780037498;
-2,01097669278161;
-1,80161260809916;
-1,31928559991923;
-0,182423463331257;
0,324107458514697;
-0,0358719718175058;
-0,105727635690594;
-0,577180923314476;
-2,3585716536371;
-3,82076915802781;
-4,09626530040723;
-4,27674621060409;
-3,98384778327654;
-2,91066647549677;
-2,96139113817931;
-4,1676807442184;
-4,56691542828768;
-3,19951367201171;
-0,498647886406994;
0,763439649787081;
-0,0502413059060132;
-0,264935140960932;
1,2053162153759;
3,57633850541535;
4,06161594389691;
2,03415882557613;
0,688574288995444;
1,17191817541905;
1,99211913456997;
1,45719619227743;
0,5264190514026;
1,49797199778171;
3,02208110854253;
2,55330205520783;
0,918890185747783;
0,496292345052832;
1,71081980775341;
3,30290025783988;
3,53998892388783;
1,57926410630794;
-0,703036877453635;
-1,42594732331252;
-1,29794409369587;
-1,19521355315049;
-1,06198814660348;
-0,877760811646074;
-0,732453243285193;
-0,756482984015076;
-1,01420975500719;
-1,30452271771174;
-1,33463042620122;
-0,868624405893237;
-0,355873710315761;
-0,744785658371885;
-1,45081615139124;
-1,38637671735628;
-0,79221750608065;
-0,12097540934578;
0,160560240852626;
-0,00881738234487687;
-0,0558218984843028;
0,0269026218027087;
-0,0816557693841867;
-0,374665473551519;
-0,709324380778369;
-1,14503236894644;
-1,74732150803623;
-2,43782725291636;
-3,12691114133155;
-3,35467299847318;
-2,87995820759357;
-2,15664736922198;
-1,52471042356879;
-1,17260720037;
-1,23619984126487;
-1,5109915445679;
-1,70800202966489;
-1,70413584779955;
-1,53135443826217;
-1,33740573544092;
-1,25979258201865;
-1,28047615840057;
-0,955440763715393;
-0,142943193112146;
0,234164312883053;
-0,0210888686776542;
-0,078546818068768;
0,319396797462066;
1,18874481743401;
2,3452675523833;
3,60551419836799;
5,03849489752775;
4,47517038229183;
0,824056227779132;
-1,14933078478654;
0,0639243357638381;
0,401481034221105;
-0,531158724899362;
-1,32273845784716;
-1,81258947925955;
-1,62368622232714;
-1,05619531374004;
-0,983074412118113;
-1,98485945618194;
-4,02544022564564;
-6,48470321541499;
-8,50352709949918;
-9,12431108850291;
-7,74464321003156;
-5,02731791322957;
-2,73834314280792;
-2,40590624213418;
-2,63226593349149;
-0,839914731376312;
0,740648369558151;
0,0749221999246132;
-0,30835914165152;
-1,5222416285809;
-5,84625167226458;
-9,12254811756731;
-9,57707556846171;
-10,7080369461745;
-12,0978901327735;
-11,5143397202884;
-9,90366385235157;
-8,83727233406078;
-8,42442000114342;
-8,02709964827563;
-7,55365831508287;
-7,58065688563669;
-8,18504624859469;
-7,81419077108714;
-6,38597962689267;
-6,68398119352085;
-8,11336669584545;
-8,33675362655208;
-7,55088944454622;
-4,50146075534451;
-0,117924351032023;
0,996181514249762;
-0,271877575395063;
-0,256598891472198;
0,183189408978665;
-0,0116108598300077;
-0,0208357874152679;
0,0144521948939489;
-0,0871081315888218;
-0,462324516213886;
-1,42803046790356;
-1,56124113235685;
-0,393363067342888;
0,334795724406859;
0,360457405157247;
0,449089571306661;
0,636215605728596;
0,861802651458404;
1,25924071745767;
1,86306056185277;
2,51223947381574;
2,97578594537889;
3,06881756419252;
2,7399273201598;
2,07057120732284;
1,23203688366086;
0,43701696386019;
-0,145583994771464;
-0,565605786841967;
-1,02058705642673;
-1,51239864256503;
-1,86954821373681;
-2,01054347190871;
-1,91548090378271;
-1,24980267378415;
-0,129444123876217;
0,290230811854053;
-0,0425746944754731;
-0,0905524121338675;
-0,038239220249852;
-0,321529479476078;
-0,479233102095215;
-0,334382555674158;
-0,249282863513496;
-0,297699062639148;
-0,368684672394034;
-0,521816675922881;
-0,673219840881431;
-0,593685050804702;
-0,359336899944025;
-0,217769087493091;
-0,169550103617434;
-0,0664309667569398;
0,157403547193731;
0,372062173211464;
0,371396108326136;
0,229435689003241;
0,244692477584566;
0,57414438784509;
1,0147429249402;
1,14591977136233;
0,869733531573889;
0,502107417583784;
0,339260928786065;
0,284363217783051;
0,0780868349034538;
-0,0763056940305739;
-0,00489814008863301;
0,0306160854272426;
0,925650331277343;
3,33025625937709;
4,86951436653996;
4,58643771465995;
4,54739980688998;
5,03587379404753;
5,28027184677566;
5,56653594898254;
5,92932626119419;
5,71281863487284;
4,66113194212975;
3,35933213546564;
2,31432466845006;
1,42257194511763;
0,632348061077357;
0,28267029077924;
0,432870077006846;
0,561667692820433;
0,296641284347452;
-0,071835582533735;
-0,209361555950186;
-0,0772471844626878;
0,270231923461722;
0,748894284596056;
1,37316273353233;
2,00273923544738;
2,58397374103401;
3,31204835757694;
4,11070386154787;
4,69767377352879;
3,61248779975268;
0,539586729860447;
-0,890212869165118;
0,0829031694997344;
0,297247947981676;
0,947141360223637;
3,91198774898525;
5,84255590739672;
5,33063689111089;
4,96836408855288;
3,56368826422848;
-1,09502530661582;
-5,292569590656;
-5,73377894865786;
-4,13829262923208;
-1,97887452276138;
0,452601096155585;
2,54896978842653;
4,0728638267844;
4,92614318615853;
4,98809150113386;
4,26945861088277;
2,81460037338905;
0,917722233800638;
-0,808607372261203;
-1,92329688637848;
-2,34432548284762;
-2,19647909075242;
-1,76313948840754;
-1,3501966463951;
-0,834862278533427;
-0,105797484917906;
0,195191486733426;
-0,0210479881847083;
-0,0642233833440961;
-0,262984518993007;
-1,02738604988431;
-1,48976298371655;
-1,42438240405209;
-1,42792213959925;
-1,2372884795679;
-0,924160729166534;
-1,13807420038854;
-1,47690781330163;
-1,45374290392752;
-1,38860290331563;
-1,33065212085167;
-1,12825999904607;
-0,971332798545585;
-0,95844969308333;
-0,963103339129951;
-0,97076522018758;
-1,0905558069279;
-1,36290412945456;
-1,74866778180817;
-2,10415329260961;
-2,22663401757869;
-2,1195283184933;
-1,97638885247506;
-1,879716319724;
-1,76278297411484;
-1,5713684810089;
-1,27010351857299;
-0,87466799048961;
-0,56451641414446;
-0,405893141470708;
-0,166374703316599;
0,195130379303015;
0,388103617693881;
0,32048747865072;
0,161724559573579;
-0,0171203325188447;
-0,205744574318737;
-0,331998404538423;
-0,53408351820036;
-1,00629725798691;
-1,66458062366421;
-2,43244033494492;
-3,10216399456403;
-3,40529082437059;
-3,48481499809456;
-3,61638166313829;
-3,87990247326111;
-4,19706345771696;
-4,8559122285512;
-6,34008303032975;
-8,14942765982126;
-9,08029445662052;
-8,62536829588489;
-7,15465381883447;
-5,40080829628517;
-4,23061266359587;
-4,39964802697149;
-6,23318030037827;
-8,62123292510572;
-9,79608564001776;
-9,71082856672158;
-8,92032575941712;
-7,67246994435923;
-7,09622444107553;
-7,69390267548387;
-8,55407978964512;
-9,2845044751314;
-9,79344984211007;
-9,28820928698331;
-6,08390564409571;
-0,751691267540698;
1,40985619628421;
-0,154265414543094;
-0,463292694199499;
-0,828886542998172;
-4,16885902167423;
-7,07556637626767;
-7,18499750650113;
-6,79176086390146;
-6,28951163479453;
-5,13375221808826;
-5,65657087821294;
-7,28970165669376;
-7,27551448805526;
-5,28936637266663;
-1,65332672193925;
0,878148736455096;
0,746967950621707;
0,67734619385846;
0,943977225666644;
0,166240267922683;
-0,959567832418408;
-1,86079894590706;
-2,77034538850421;
-3,48755728664385;
-3,74079749354358;
-3,75642613226871;
-3,70802352798136;
-3,40344771331569;
-2,83629071106512;
-2,34222501635747;
-1,97818733215274;
-1,45051953804427;
-0,678042351725928;
0,136445376931497;
0,871058502837026;
1,47130394842462;
1,78448245867145;
1,83449632834825;
1,38687752755276;
0,257937783565033;
-0,343173278125585;
0,0112213345354299;
0,123747450731912;
-0,282264934606612;
-0,793530552759002;
-0,99798919530495;
-0,725752112748334;
-0,330759562795023;
-0,264166317197791;
-0,721716181192393;
-1,03325065624804;
-0,73670704250912;
-0,313606056506619;
0,0559658540915378;
0,396265924000473;
0,441567486439704;
0,180511418454214;
-0,136339302009088;
-0,17714929133417;
0,25153046344544;
0,525252316816063;
0,206376424269532;
-0,178418602712948;
-0,266488678006459;
-0,0863620990817154;
0,0723289652310881;
0,00967778116975028;
-0,0312318807450425;
-0,0195281309284438;
-0,062346694308693;
-0,00498040804320445;
0,153762030422661;
0,257922575755959;
0,343230553205707;
0,399890796454282;
0,403745269126196;
0,547274308089159;
0,804597921841083;
0,85404709805955;
0,620679310149093;
0,288807557461965;
-0,113954905882946;
-0,592782025052952;
-0,688428860811732;
-0,159638511609424;
0,184592089776372;
-0,000463935723743645;
-0,0686035432162828;
0,0294044028367746;
0,0119887913968837;
-0,0154606226321071;
0,00221239436094003;
0,00456907088439025;
-0,00270022183459008;
-0,000493049143239215;
0,00116630048049106;
-0,000313259131252359;
-0,000283347268008024;
0,000230028676162617;
4,36595757408949E-6;
-8,35916559175816E-5;
3,34610081895812E-5;
1,56970365705864E-5;
-1,84684062964329E-5;
2,15614352330486E-6;
5,66142138678654E-6;
-3,13771502880644E-6;
-6,98082870041659E-7;
0,864436511225315;
2,73725385562188;
2,7813086623742;
0,517721319966784;
-0,612661479734883;
-0,0702993625943793;
0,173797693916044;
-0,0420610740671294;
-0,045068600076272;
0,0339719087796717;
-0,235413295043841;
-0,808942643664888;
-1,12729074079997;
-1,14709444547978;
-1,12591334710108;
-0,843321539699292;
-0,24783741363924;
0,597432777463472;
1,65166912835587;
2,79357902464098;
4,25507975555899;
6,02240275536666;
7,31468390040845;
7,68746356028422;
7,37656486744472;
6,40280248965146;
4,6757957224311;
2,56476988550959;
0,614885435314784;
-0,96489402597399;
-1,46586490601918;
-0,39862041942465;
0,412660984062401;
0,0124524305285068;
-0,158801878087573;
0,457177163379594;
1,39991714912853;
1,68561242420359;
0,710071231200421;
-0,754704187863293;
-1,99536527338835;
-2,70776440763355;
-2,63950359820739;
-1,90282473212264;
-0,99755643641704;
-0,354749903589716;
-0,0102483650767348;
0,0646915843976296;
-0,0130485372507812;
-0,0191769733351527;
0,0129314727430374;
0,00135862546060299;
-0,0051589707943421;
0,00167691020628159;
0,00113151967923476;
-0,0285124064607461;
-0,162488646843151;
-0,454851212483197;
-0,784597743511078;
-0,969121385214278;
-1,00305055652532;
-0,938036191057419;
-0,862658397746623;
-0,99440706315781;
-1,26547697862523;
-1,27917736328262;
-0,861373046132467;
-0,177868987888542;
0,463516861893521;
0,834080022026024;
1,01290928314167;
1,19359617765387;
1,34191714561344;
1,32291457066985;
1,12393966964061;
0,807223558709248;
0,453665775531656;
0,147845265465866;
-0,0692751137047874;
-0,230206782807127;
-0,424469489323814;
-0,68503035152779;
-0,931708966197821;
-1,09383537831324;
-1,17556028718348;
-1,20488900723659;
-1,17768439954774;
-1,1489742565329;
-1,28906021741593;
-1,60603141391063;
-1,89483863356308;
-2,01778407118274;
-1,96788919985129;
-1,78352209752722;
-1,49047384868363;
-1,13059280880212;
-0,782334096906915;
-0,493036885045739;
-0,313617662391585;
-0,288310027098231;
-0,304714123801447;
-0,123923563944946;
0,351540982731969;
0,981837118324218;
1,67747220564816;
2,5004771702815;
3,25484694225826;
3,61116132305945;
3,67410092582616;
3,37640595135667;
2,34906079234235;
1,05297187939733;
0,33024031393562;
0,240523911190698;
0,287883683584717;
0,207743300018881;
0,0371810828152048;
-0,491844763599152;
-1,87809060317338;
-4,16568338826597;
-6,53720304910751;
-7,78498493154368;
-7,33913516901807;
-5,63709656836878;
-4,15976525902427;
-4,10115497141728;
-4,90881125559732;
-5,916728749643;
-7,28703747686097;
-8,66971412453255;
-8,9559250429826;
-7,52468018164707;
-5,57466783551646;
-4,58282662995265;
-4,38639738250041;
-4,88285778305483;
-6,17961546553405;
-7,04588976710736;
-6,70207971325115;
-5,70356774704666;
-3,51042611444168;
-0,32824657743433;
0,803361395878157;
-0,127655309475492;
-0,246680239165172;
-1,20150734848155;
-4,54059251216731;
-5,85353986067474;
-4,11375816427115;
-3,64904202707157;
-4,42822415069112;
-3,80392409995656;
-2,04669099444314;
-0,66758601644585;
0,0475329126369919;
0,675150826364934;
0,984247913118685;
0,628255291221004;
0,187800632828323;
0,190607297195457;
0,326200687454274;
0,116689799166553;
-0,100025922373888;
-0,00984342732271544;
0,0413023505243252;
-0,227716940331852;
-0,698889868296673;
-0,557421220549373;
0,417670254535757;
0,842912757825283;
0,229164730532585;
-0,254544225172964;
-0,318647061759646;
-0,50174966689324;
-0,627971063493415;
-0,393904855885223;
-0,0283526578612303;
0,0845717246123514;
-0,014683687990159;
-0,0255990620805127;
0,0436514353094419;
0,0334707137403406;
-0,191144559905279;
-0,662864319553262;
-1,21653564040099;
-1,60856382479672;
-1,69259091678326;
-1,54361284275668;
-1,28199217702944;
-0,952069923235595;
-0,72024267692464;
-0,745285391887594;
-0,847185163132884;
-0,839857283747237;
-0,780095690239084;
-0,684535563255423;
-0,551657383609483;
-0,536778739365543;
-0,755766305086836;
-1,06259054627306;
-1,33495767135087;
-1,57504027647069;
-1,7022151562504;
-1,71018461257951;
-1,6795911913769;
-1,57304006857715;
-1,38237795421237;
-1,3058397958236;
-1,38547363894019;
-1,35704009769208;
-1,1638377852454;
-1,0300097545618;
-1,0178566935431;
-0,956943868338326;
-0,834230555214906;
-0,827553050954891;
-0,93363977418892;
-1,0075780229981;
-0,971492216463718;
-0,884597690367539;
-0,887009629888564;
-0,955662602392428;
-0,959111327404241;
-0,980952461558541;
-1,13552026029068;
-1,18194360423763;
-0,91818706132571;
-0,593276522081275;
-0,462146514092103;
-0,515276733680326;
-0,664057518724716;
-0,778766572148098;
-0,772257864567064;
-0,68985365966232;
-0,598456441107072;
-0,529524443923412;
-0,526256584914392;
-0,595685855191565;
-0,666716684685745;
-0,714224633988163;
-0,748980905251393;
-0,651956501679469;
-0,357399656502261;
-0,0567524804780991;
0,0986791685173251;
0,118427869496639;
0,0304239682155528;
-0,0319050770648821;
-0,00108269411042233;
0,0123693378762632;
0,0715593927445993;
0,271084333801523;
0,37716899948697;
0,257845913389678;
0,117852909767562;
0,0548428543912726;
0,0824931361499601;
0,279365815079127;
0,567283281111394;
0,835935801497821;
0,771794848131172;
0,165731875006214;
-0,201677940019783;
0,00306320441778854;
0,0739666908195601;
-0,0326346806932989;
-0,0125325819553607;
0,0168350795540554;
-0,00259456706470071;
-0,00489757953529168;
0,320521256765992;
1,15795043122717;
1,75665050610597;
1,68441562913658;
1,41664279000051;
1,18574149101093;
1,11848922845334;
1,28937771110492;
1,65549597747969;
2,3539902261348;
2,27678912280186;
0,502674831658557;
-0,602859812171138;
0,00779644497807995;
0,221478833082059;
-0,0971956559421234;
-0,0377505502146921;
0,0503183700389718;
-0,00765126233867825;
-0,0146817664526642;
0,412664411133318;
1,37183601031258;
1,70072231208508;
0,897995235356238;
0,304208037930712;
0,845500007308623;
1,93814380384968;
2,75712704540006;
3,38665894119979;
4,02372054610737;
4,4126406923693;
4,49360794702227;
4,36261412582086;
4,20380750153088;
4,259922891913;
4,75664749227338;
6,191900440754;
8,46343094268841;
10,3176862029201;
10,6664855620151;
9,14744727033885;
6,18175723712332;
3,23012880982399;
1,5424048862428;
1,16862653960526;
1,71160730982824;
2,85243025923752;
4,25579866326996;
5,51942951689326;
5,98034320829238;
5,08073438253802;
3,23905664893423;
1,4586050910266;
0,165761683103118;
-0,734481241142963;
-1,2217090005017;
-1,34848183871785;
-1,55424236425547;
-2,18372037091838;
-3,01818830029173;
-3,55116240474461;
-3,53040109978409;
-3,15691567588236;
-2,8180921559629;
-2,77250019941638;
-3,0529231279985;
-3,46252289652551;
-3,6553005970894;
-3,46916046016877;
-3,16057053993608;
-2,95944096559629;
-2,70849540523407;
-2,28125937731266;
-1,83941595833105;
-1,51256861034328;
-1,20991321599884;
-0,782886298301035;
-0,244359374542361;
0,186549550772281;
0,327603028412158;
0,236009404696285;
0,0679155232063663;
-0,0258610374057784;
0,0710039885806498;
0,189557429260516;
0,0894668673286138;
-0,0415059238967142;
-0,0126876022403427;
0,0197937219310944;
-0,00373760331804798;
-0,00547696251123136;
0,00362366554241081;
0,000428801991880759;
-0,001467599227651;
0,000462292265738556;
-0,107481346504794;
-0,441833546067992;
-0,83262599285939;
-1,11855962149046;
-1,33634206351856;
-1,4208562307565;
-1,35036363523861;
-1,25101928302396;
-1,14320329941854;
-0,976885911429683;
-0,616275137346712;
-0,0754228544991392;
0,142851243348102;
-0,0159525563253065;
-0,0467982440715805;
-0,176197246799767;
-0,697006017274797;
-1,01435732300618;
-0,935482869423716;
-0,898204617657927;
-0,919443994332403;
-0,988112942340419;
-1,253281689453;
-1,51697498061927;
-1,55483647882165;
-1,34018481472718;
-1,05496289235779;
-1,15511705507;
-1,52175659709753;
-1,58971743999282;
-1,32748002473527;
-0,94342605648991;
-0,660326773990451;
-0,553576554939948;
-0,442598646886057;
-0,287318806569239;
-0,149467056419222;
-0,110646928752188;
-0,22346343199865;
-0,298125721980973;
-0,152783609707012;
0,0246212919511402;
0,0278099885576737;
-0,0178366994491312;
-0,00281993794271089;
1,33854108138108;
4,66508566358536;
6,63372231370353;
6,16904394262897;
6,17628015665769;
6,50425109449517;
5,98913063110696;
5,1578517620346;
3,87045608148393;
1,8451820528216;
-0,459375214040155;
-2,47947179417452;
-3,60471387675875;
-3,65129354561324;
-3,65548129682307;
-4,60503915631078;
-6,09306451853282;
-7,37570989432737;
-8,33387444278737;
-9,01228938944831;
-9,47136529749226;
-9,95613411344664;
-10,5656981618516;
-11,1674620404024;
-11,6667204424189;
-8,90480539106191;
-1,50051574113327;
2,20142682336501;
-0,136538733862611;
-0,765242742803612;
0,375385145553425;
0,113768712985052;
-0,180923452589628;
0,0353170327246845;
0,0495198824616149;
-2,25808895323184;
-7,90673285325754;
-11,2418042839586;
-9,89737779882169;
-8,82329137186366;
-8,58769666817369;
-7,08446636351122;
-5,20313797645939;
-4,25687056244955;
-4,05234059943986;
-3,44641373171644;
-2,11472139338402;
-0,729704430631444;
0,376182367990153;
1,34070340580824;
2,00367469180613;
2,2045113987777;
2,21528776275061;
2,14779871496525;
1,82199393208333;
1,23425115856029;
0,642526634668253;
0,262412375510104;
0,0980418614851855;
0,0454932775696943;
0,00386105093772536;
-0,0171358646990239;
0,0017814878402646;
0,00598197232454637;
-0,0032397435149663;
-0,0223151733784368;
0,0217516169483914;
0,334188017027455;
0,843945637340012;
1,23086126142598;
1,02778138446254;
0,176885934827117;
-0,25795455062708;
0,016432372111725;
0,0893582681984107;
-0,0439900470258063;
-0,0132224195268833;
0,0211563249363697;
-0,00415872471976426;
-0,00577849373716779;
0,00389863435505328;
0,000420968787185321;
-0,00156208049369162;
0,00050465464134926;
0,000343858831863482;
-0,000323405229373701;
1,32367407804938E-5;
0,000109409052056219;
-5,05316037748156E-5;
-1,77236236105374E-5;
2,53849425381885E-5;
-4,33283301012565E-6;
-7,2081621637788E-6;
4,55927404470998E-6;
6,52438227882589E-7;
-0,572371622276909;
-1,94340198749466;
-2,51986808610862;
-1,85886718769606;
-1,50649660418851;
-1,21138263951098;
-0,20133355066372;
0,310140076323831;
-0,0259080413453314;
-0,104523373574644;
-0,183377832549064;
-0,816925856898996;
-1,21131996059895;
-1,15107620950873;
-1,36018671416758;
-1,76605186341293;
-1,878198972372;
-1,68538687781973;
-1,27961571903004;
-0,753822798682685;
-0,320015715541136;
0,0121486849234693;
0,303695491892783;
0,390354522730007;
0,43976176046215;
1,01885435627125;
2,05646207131706;
2,81585707948954;
3,21272611946339;
3,70065499961294;
4,10465444369796;
4,11962626362688;
3,96015722895138;
3,90357985775896;
4,09478571483612;
2,73726400619323;
-1,39624293240984;
-3,8800264132956;
-2,52972688426513;
-0,989951510910142;
-0,522765816829847;
-0,529993941740349;
-0,325397483764216;
1,3170035909839;
3,75255535589974;
5,70190715677991;
6,95385928784348;
7,2222250573216;
6,12764691927368;
3,9589797727966;
1,29601404202773;
-1,29672042121831;
-3,01614220460246;
-3,09312380050904;
-1,54239810087359;
0,755474900636672;
2,52323259660427;
2,64952799379316;
1,13123441314737;
-0,922695958543354;
-2,57525923256477;
-3,5000216957851;
-3,59035576815793;
-2,98847791496216;
-2,19117126702643;
-1,64959904645619;
-1,43855649897208;
-1,46910144299787;
-1,53177029005219;
-1,3573810211055;
-0,790877551536139;
-0,0608154396691071;
0,174600343215362;
-0,0306110083812858;
-0,0525505077327215;
-0,237087409056054;
-0,915388597071394;
-1,17591877810515;
-0,707480752555568;
-0,302521614260451;
-0,182107739881193;
-0,205732676461123;
-0,379372376307919;
-0,485693003328923;
-0,334070071191651;
-0,127832096435981;
-0,179397145415684;
-0,403929962776466;
-0,485680923877953;
-0,325201589640165;
-0,139414595295115;
-0,245058508993623;
-0,592941581529588;
-0,85787286117063;
-0,958019008106914;
-0,790443028871564;
-0,394861621188966;
-0,417747165170878;
-0,859166063747314;
-1,02273375376122;
-1,01918687018686;
-1,14301161107459;
-1,06186240298548;
-0,660722621012809;
-0,255035720889527;
0,0250410953527949;
0,259684126637245;
0,594839969505521;
1,16283361781068;
1,94470036344979;
1,95627715196126;
0,462699066817295;
-0,519563009391218;
-0,0053806470809039;
0,196202197094999;
-0,0817364103548616;
-0,0352710616888911;
0,0437896039637507;
-0,00579872293544878;
-0,0131369666474725;
0,00756378206482991;
0,00150133293879534;
-0,00331736060941665;
0,000855852162120022;
0,000820666294157729;
-0,000647950965148583;
-2,03049705735958E-5;
0,000238816932712571;
-9,28125892395831E-5;
-4,60115877742987E-5;
-1,43087205888214;
-5,02904672410415;
-7,46653789172944;
-8,26403457328981;
-10,3208632933974;
-12,0314735360302;
-11,9251552341059;
-11,709828154531;
-11,1789322711004;
-9,48285209514552;
-8,23009122214733;
-9,08301471371075;
-10,9022622786494;
-11,1055477806921;
-8,97714696932932;
-6,31874300693096;
-5,0897318861734;
-5,49565615725078;
-5,95094386130632;
-5,0725450581709;
-3,37513271524686;
-2,20843725121971;
-1,73613307561133;
-0,80678735992912;
0,532369087324621;
0,940277277505412;
0,62474436154291;
0,592764443811231;
0,784073591534457;
1,00088026073477;
1,16731151264086;
1,01802848554598;
0,586638728347329;
-0,0986754265569813;
-1,17102956589425;
-2,48307561043693;
-3,63211136281853;
-4,37600234083007;
-4,95034108832851;
-5,50466821596551;
-5,63562434587833;
-5,0704300587318;
-4,07337295964766;
-3,02561277842427;
-2,0461701183321;
-1,07495057302215;
-0,204354720702257;
0,437614150504627;
0,893789153689474;
1,20451781740428;
1,40229548241489;
1,42933336724856;
1,1618796684138;
0,78212176723092;
0,53632969647936;
0,37516315499841;
0,209052867119821;
0,0809672638461807;
-0,00314074295819288;
-0,0597884402666884;
-0,0608492020929084;
0,0742406223847286;
0,429175121934398;
0,718180979816563;
0,678267821808333;
0,508462126900293;
0,322820783428373;
0,0608508449266691;
-0,188151189946685;
-0,366468991271081;
-0,408385703942875;
-0,134225448298138;
0,111589565952105;
0,0151915226383643;
-0,0482796743817999;
0,107307217126448;
0,398604744428816;
0,787818539786424;
1,1626674508821;
1,39493955208241;
1,52580326422646;
1,70362346202902;
1,84045227893166;
1,77318779360964;
1,63648280517753;
1,19897600595581;
0,211416777529841;
-0,296483556707227;
0,0144704294770104;
0,104797825740103;
-0,690881475781543;
-2,55902529513228;
-4,42557951092602;
-5,26353412645788;
-5,65740681956273;
-5,90848869589796;
-5,81095178216222;
-5,61960662521345;
-5,62573198495358;
-5,85148657891729;
-6,22528357137608;
-6,49219783386461;
-6,28732240335502;
-5,64470559077109;
-5,04226655334491;
-4,95321764772283;
-5,45759295415367;
-6,31013557125954;
-7,2137069666065;
-7,75270842367376;
-7,79065204448146;
-7,71595662736943;
-7,69900423668911;
-7,66171264031297;
-7,66519175082917;
-7,65438473843608;
-7,52012269220292;
-7,29816018285177;
-7,00132244091031;
-6,74656289730313;
-6,83922193127358;
-7,3685806533149;
-8,07912365538631;
-8,6048174992248;
-8,56971838230202;
-7,90092942663043;
-7,10196908590006;
-6,71620561065731;
-6,85092582423205;
-7,25919333740948;
-7,53334630433539;
-7,44032906449811;
-7,01825458920436;
-6,42125738994611;
-5,82987328446064;
-5,40204069778027;
-5,19502641979525;
-5,08919283734585;
-5,00294352370956;
-5,07374062348509;
-5,26338699919557;
-5,18575466277122;
-4,64282735939445;
-3,92176295491382;
-3,5599128648737;
-3,70753393345948;
-3,93902941428444;
-4,03597101878348;
-4,12104140042924;
-4,21991160078414;
-4,2822345496342;
-4,23701105628087;
-4,08228981459182;
-3,95586716361438;
-4,0711666006774;
-4,50964339672889;
-5,11670059675813;
-5,79799397557699;
-6,5725557851462;
-7,27207851020102;
-5,66819802212662;
-0,949186512024495;
1,405550589074;
-0,0918822975818761;
-0,486368271530517;
-1,16310431129372;
-4,59892866633455;
-6,03034805039957;
-4,46949558680082;
-4,20282912110104;
-4,77966875626541;
-4,3294940953032;
-3,76125013799302;
-3,41751490432425;
-2,8773471470042;
-1,788190407152;
-0,225631066464937;
0,413330634543434;
-0,0427527525415692;
-0,136956481654366;
-0,130037695310612;
-0,444974050129112;
0,0410713583831942;
1,19450589983141;
1,85663077192843;
2,15430241327919;
2,48701714709834;
2,75938537284091;
3,0292012890864;
3,33377189959573;
3,53650707155192;
3,57181200084883;
3,49385892836454;
3,35769855506062;
3,17120215110584;
2,92119821295947;
2,63239270772657;
2,39168513367422;
2,23528278595445;
2,10032104532672;
1,98920275570536;
1,96422141582296;
1,9762629472499;
1,94102062861565;
1,84204129365076;
1,67814258919714;
1,44013111195462;
1,09749540015716;
0,687473490090408;
0,325447709832254;
0,0190335569508507;
-0,218322151934586;
-0,268837537866896;
-0,171318433581122;
-0,0439682634826451;
0,106894459512597;
0,215427813009781;
0,187825754096976;
0,0612800001929449;
-0,09732120595377;
-0,266428301533193;
-0,428021673516048;
-0,544592643115815;
-0,570159718182452;
-0,504976662056057;
-0,421367452954479;
-0,383954382631534;
-0,371959329251695;
-0,326844374887467;
-0,285565693946388;
-0,329097613206038;
-0,384685164936923;
-0,379684199979561;
-0,391957188924681;
-0,403454342077309;
-0,319396370874935;
-0,209484469009224;
-0,180326308884379;
-0,191404289943393;
-0,170173005832232;
-0,146074643167026;
-0,195758999863782;
-0,345053291357618;
-0,529380234045608;
-0,672799181090283;
-0,78416473294717;
-0,850908212652738;
-0,831821005084222;
-0,790776273938671;
-0,791319835333124;
-0,801552081509885;
-0,82124909577026;
-0,913342117655202;
-1,04535516065361;
-1,1016943377033;
-0,806409565959608;
-0,124353440976541;
0,195593120064546;
-0,0150549743665615;
-0,0668075484764779;
-0,199357600620872;
-0,826180901729164;
-1,25428540935118;
-1,19203766739692;
-1,14148347019426;
-1,09637295036682;
-0,961023873226382;
-1,02574287471487;
-1,21658717576514;
-1,21611749362869;
-0,822542549916407;
-0,115943843445648;
0,194184299217332;
-0,0168805627914446;
-0,0656329595697369;
-0,020810801108022;
-0,155370731178318;
-0,15070300603057;
0,0556883198985692;
0,167577033618036;
0,148965946116367;
0,106777059314368;
0,0444734211397786;
-0,0418521770190038;
-0,145663396188869;
-0,232036990394881;
-0,221740194802997;
-0,110921902846592;
0,0275263689716037;
0,162949835023385;
0,304368164759494;
0,43224549710881;
0,500895354248274;
0,511099118185932;
0,482775523198186;
0,40666911429326;
0,318880467432319;
0,252317756425828;
0,153677647872792;
0,0260553599310219;
-0,0509404969292348;
-0,0725636737902732;
-0,0831467121685904;
-0,0949454484719126;
-0,0981349885333876;
-0,102482528593229;
-0,117565112378372;
-0,124487068142033;
-0,155048618131048;
-0,251248772066012;
-0,370614340837874;
-0,518157667427884;
-0,7516195542077;
-1,00266358648178;
-1,14692771695346;
-1,20336471402406;
-1,23693742694051;
-1,19151234112411;
-1,07102451904629;
-0,950066582521831;
-0,626347085916535;
-0,0712632369574021;
0,147108847500673;
-0,0195976679167918;
-0,0467241152059982;
-0,139659202022041;
-0,602273266438137;
-0,933523239821211;
-0,918308420009443;
-0,91618364246364;
-0,946342682383533;
-0,940487269825851;
-1,00771281971799;
-1,07748874125114;
-1,0621106271223;
-1,02013077237366;
-0,990076404795444;
-0,982873561413989;
-1,00991190853055;
-1,02059619607318;
-0,979907824236715;
-0,932680503024515;
-0,933378612454814;
-0,988509045871989;
-1,03745665182068;
-1,01923240078688;
-0,955038591843318;
-0,92841903731925;
-0,95816582301196;
-0,957796660513753;
-0,901877637514389;
-0,840509405596804;
-0,772129268817784;
-0,685780012822588;
-0,61698790730002;
-0,581318061103061;
-0,557378173376388;
-0,548951554960566;
-0,554160367137579;
-0,520772552245335;
-0,426593030590264;
-0,288928691476206;
-0,127732947425961;
-0,0175655842441752;
-0,0138066176786265;
-0,0754388280199011;
-0,118215950991159;
-0,0971417679452944;
-0,0877940808559783;
-0,146714615586642;
-0,208000280742304;
-0,207103150808453;
-0,10004763533902;
0,107810559707647;
0,303292585978482;
0,39273932996093;
0,376324655611687;
0,276302015438393;
0,143830339618897;
0,0497521512894286;
0,0283518083042243;
0,0839233635780504;
0,189658668450182;
0,269083518588327;
0,238235418928007;
0,104859506308838;
-0,0507115297979089;
-0,175380400049511;
-0,240028154882865;
-0,247218113049085;
-0,257785936806793;
-0,315579770398276;
-0,398887240370383;
-0,464999254406481;
-0,511935804794399;
-0,57575768327103;
-0,652609877088697;
-0,717858128054471;
-0,804919902852941;
-0,950196640066174;
-1,1042863777726;
-1,19810398161067;
-1,2354312296388;
-1,23424451335314;
-1,20214269065597;
-1,2053510921672;
-1,31903487044147;
-1,5086881076733;
-1,68431055549895;
-1,82388924036004;
-1,93887089326072;
-2,01935801688009;
-2,04199282052035;
-1,99242585955928;
-1,89326977089659;
-1,76824156764754;
-1,6321641811644;
-1,57693436410142;
-1,69285137728046;
-1,89015564813988;
-2,06959008085918;
-2,27810197321964;
-2,49434643944432;
-2,59686036215151;
-2,51902473610887;
-2,27724150723963;
-1,98518754274543;
-1,77793399716521;
-1,69133564694998;
-1,69032896258197;
-1,74694460723408;
-1,82149247277929;
-1,82716365283315;
-1,72065342875377;
-1,53248545973631;
-1,2760334049418;
-0,954702771527898;
-0,627774489465958;
-0,407812847775864;
-0,357538811670348;
-0,425214851936613;
-0,51774618395293;
-0,544467957659575;
-0,421518955502548;
-0,140820823902978;
0,187801908130103;
0,419678538760604;
0,447006028183241;
0,201238504928824;
-0,285207368855579;
-0,878452812018417;
-1,42645129062818;
-1,83024224235469;
-2,11668912260069;
-2,33822687219708;
-2,50587255425678;
-2,68372613077838;
-2,88795298864479;
-3,0776447068424;
-3,27382896345331;
-3,4807123061035;
-3,71086224713789;
-3,98346879620291;
-4,23879332444959;
-4,49271692408418;
-4,85623736538829;
-5,28350879122748;
-5,60431086167892;
-5,78101703313072;
-5,84895932184126;
-5,79555444699261;
-5,7074096760021;
-5,77895110162311;
-6,13851069695163;
-6,75841946941286;
-7,37983644449247;
-7,65481721192108;
-7,54799270062777;
-7,26267172256187;
-6,83949344634577;
-6,37705533594494;
-6,14856730566765;
-6,16414490767857;
-6,31872374049316;
-6,66114434352293;
-7,06386687225319;
-7,33296505288552;
-7,47461243246694;
-7,36840323914283;
-6,94318121194394;
-6,48843587039668;
-6,2110027259298;
-6,12037236831548;
-6,22121832222336;
-6,48539471275425;
-6,94036414547152;
-7,36822398750407;
-7,42019727086711;
-7,36249242128433;
-7,55953123682917;
-7,93960669648948;
-8,36757512410875;
-8,78808364674492;
-9,31960515919628;
-10,0678000780108;
-10,8385753166974;
-11,3947874925012;
-11,7140225004649;
-11,7947186828374;
-11,5312107480535;
-11,0354177812219;
-10,6853062908825;
-10,7154042509024;
-11,1754809814246;
-11,9048472603039;
-12,4230172537227;
-12,4411467766303;
-12,0632536165233;
-11,3762150818164;
-10,4512427862155;
-9,39682755263153;
-8,25066874364948;
-7,12549172682663;
-6,14003589723331;
-5,20157380805495;
-4,23075599185932;
-3,3391356083371;
-2,56373397942045;
-1,77395058524834;
-0,756694928534555;
0,635455210486081;
2,18684759685375;
3,57535589321285;
4,74811640208865;
5,6935170145922;
6,4312503718484;
7,13423832782812;
7,85574497428433;
8,54586404770398;
9,31489221682212;
10,2485443794102;
11,2261879169891;
12,1731651784085;
13,0668976423925;
13,7019171501358;
13,9596527979943;
13,9925630926626;
13,7624607449446;
12,976976886646;
11,6163855578005;
9,97631441731409;
8,22256199211141;
6,42594645758626;
4,92945487410687;
3,98593959857336;
3,4654439417266;
3,29154288411782;
3,34703366237886;
3,39021143311352;
3,49280459325104;
3,81996328468178;
4,34007634112613;
4,94280993885473;
5,49007103432221;
5,99227930947356;
6,47847489374152;
6,70789426228064;
6,48521259908075;
5,89764446160576;
5,09663506806369;
4,20027447351229;
3,22450202602147;
2,2037109406249;
1,40458296181906;
0,912596764907782;
0,491465144384018;
0,138307743713029;
-0,0386010869152602;
-0,124487712210511;
-0,0411761116760451;
0,150975260767563;
0,0940404502614127;
-0,05684015814512;
-0,0153540912152856;
0,0275432287539473;
0,123148272808887;
0,351358479032173;
0,198448203217636;
-0,336329498608612;
-0,522873681834688;
-0,326074687499667;
-0,215236567161876;
-0,110621219675186;
0,210239386882826;
0,660719969409464;
1,21210268546254;
1,70700052399782;
1,69656485792809;
0,93355994364688;
-0,366571636326277;
-1,59098950558554;
-2,34713063936638;
-2,83034905317151;
-3,32397474209229;
-4,14320740413564;
-5,59305183194464;
-7,44263722737128;
-8,91045286913421;
-9,4242499212835;
-9,22378445385298;
-8,82649577590982;
-8,46263891435385;
-8,11646484729553;
-7,5708468715576;
-6,70369838374587;
-4,39992953917915;
-0,563263742343663;
1,03531932100498;
-0,112347042867434;
-0,340122822762735;
-0,616276066157522;
-2,77972167800566;
-4,11250771795086;
-3,77154745026845;
-3,95283370781055;
-3,3622401918144;
-0,578219104327786;
0,861077748792511;
-0,0638788108807266;
-0,293765866378209;
-2,0493103891161;
-7,49463715740162;
-10,2723458079781;
-8,65690628506111;
-8,31314260155614;
-9,01304903489888;
-8,33925059024844;
-7,37424216801674;
-6,57070131748903;
-5,43112073807639;
-4,27699167034498;
-3,52853059794378;
-3,13156469766275;
-3,06511621165767;
-3,18955360702275;
-3,11909423601576;
-2,5954962350683;
-1,64830106207449;
-0,543991044432033;
0,533990995671279;
1,00780827278652;
0,327222810580428;
-0,293158477096747;
-0,0255322110393777;
0,119966935800027
