0,124414207974976;
0,0341705431991001;
-0,0355008967033072;
-0,000924312413268779;
0,0135836618773067;
0,0925559404117997;
0,395655094215147;
0,709933207304135;
0,837268243917381;
0,878766208905953;
0,752047918427966;
0,488855857930469;
0,546840291655896;
0,854973633224413;
0,932089474807807;
1,01896706069911;
1,44230974944512;
1,68423975575461;
1,49442810126784;
1,32914617048856;
0,965668064573175;
0,142505274578977;
-0,23704491817897;
0,0223606103810373;
0,0790523728299194;
0,416961175635985;
1,53198802374262;
2,04614544591635;
1,68734285646315;
1,69126702148739;
1,91136316313008;
1,8518634406388;
1,79511464032047;
1,77981247602174;
1,74928529402797;
1,82359996320058;
1,9394925665347;
1,96253867883572;
1,85108590228127;
1,64631400745966;
1,60441066695394;
1,85845551090591;
2,02915794448334;
1,85915069459207;
1,61812170135568;
1,53708566121523;
1,57552640514108;
1,61088691989937;
1,64350931498178;
1,76245308563406;
1,80937492832363;
1,64207658292394;
1,53378523893338;
1,64461639342464;
1,79058793445913;
1,72056137183116;
1,41287079509068;
1,29817351945103;
1,39617478151902;
1,30729592098065;
1,17866927523034;
1,21040206827084;
1,26114215320133;
1,26491316957523;
1,24738908808831;
1,18053130445081;
1,04792796182031;
0,930198874993433;
0,908878212836174;
0,992028360986009;
1,15174801691596;
1,29814366976882;
1,35328775314283;
1,35656598426762;
1,37413735341667;
1,46339629818246;
1,6473376043227;
1,83575069330377;
1,95604900851497;
2,02612228338949;
1,52445100008937;
0,244854355643432;
-0,375033159451856;
0,0273855632838699;
0,128591448998107;
0,601792162005253;
2,29207540364874;
3,1810277140771;
2,5614439512942;
2,12947820149239;
2,00598243563951;
1,64357106816324;
1,3960106663349;
1,34001428862897;
1,33250389136903;
1,41163794615585;
1,50557037304477;
1,39879216181432;
1,07920507070924;
0,827111837846087;
0,550870405144489;
0,0701832673668524;
-0,135170730760235;
0,0174111488776576;
0,043011718880229;
0,185176056718214;
0,724700801725653;
1,01047815868577;
0,851048825182115;
0,872533939601023;
0,807399587433749;
0,170612478786172;
-0,213732533041617;
0,00595858012711931;
0,0771050693342045;
0,202191734984535;
0,785430599997485;
1,0270913833163;
0,683554610345497;
0,470709819874554;
0,352434628213122;
0,0476213143817884;
-0,0889510986813609;
0,0114190296246849;
0,0282459463393695;
0,0211298330991466;
0,132059994122219;
0,158288448874801;
0,0595167984166146;
0,0913832325208767;
0,183738779696855;
0,161750543003821;
0,106252294202374;
0,0678766523395837;
0,106834266307554;
0,240869020732587;
0,409930004585424;
0,606444478549939;
0,825790604360513;
1,01644579868252;
0,814572339209904;
0,130715929137843;
-0,201829841551993;
0,0155119060710673;
0,0688161668285641;
0,347329470032016;
1,28089961254986;
1,69178389211978;
1,25489573289279;
1,06952380377557;
1,30434721610586;
1,4754384127403;
1,43508086659837;
1,2671437212986;
1,15977578320358;
1,15764671814107;
1,09992662612991;
0,999055270803875;
1,04450451687565;
1,13267104374998;
1,09964935153189;
1,03780106800087;
1,02170171454693;
1,06090091907976;
1,11715189650523;
1,09061605842406;
1,04275764312878;
1,0607676254147;
1,04656927394603;
0,949894371604648;
0,91070512605483;
1,01998621337871;
1,10628785692377;
1,04002633407622;
0,935753346110897;
0,905343770971499;
0,956887554438437;
1,01835734103653;
1,1216197584248;
1,37425320666714;
1,20492965666984;
0,235696228797932;
-0,310008032757178;
0,0117013729534064;
0,110733820209256;
0,440599805484326;
1,71727850276849;
2,52136582845842;
2,37831325100917;
2,5242231066339;
2,16692282060116;
0,394794365271254;
-0,556754890689679;
0,0328705686322006;
0,193631946152224;
0,870110964382476;
3,31299345329015;
4,70163091129553;
4,16842914822314;
4,06856540420713;
3,27912560731592;
0,521715842083018;
-0,825402709360545;
0,0717971980395183;
0,277328760342311;
0,900870135497497;
3,41651811383705;
4,35760340138232;
2,91029613320214;
1,99579367794129;
1,31896341312889;
0,0775195672633536;
-0,311591877643309;
0,0729127142914978;
0,0849731075931638;
-0,469977221153936;
-1,43480020019048;
-2,06167651183891;
-2,07509676964533;
-2,14849961795182;
-1,68098324502187;
-0,254952160223234;
0,416531565073463;
-0,0382686687199891;
-0,139244291044622;
-0,25819968072428;
-0,925009427260098;
-0,741023637663057;
0,342399222618363;
0,97261293511942;
0,511968605976942;
-0,754443250772286;
-0,921136277503535;
0,331066587002136;
1,04552136606473;
1,2316275932159;
1,6050302852252;
1,79217339392019;
1,88272496855047;
2,13037359270393;
1,67210848848259;
0,243267287369327;
-0,412863561647634;
0,0415795008005331;
0,136443854307772;
0,201368302966232;
0,92940704429015;
1,32322225745066;
1,10467153741201;
1,14330553253166;
1,32038681990346;
1,15537169835422;
1,01498573845224;
1,12429153277052;
1,24926906219226;
1,61916826490242;
2,35822781381363;
2,75256360139296;
2,76475668400654;
3,0770714158127;
3,18503521545173;
2,60806418019416;
2,35266941350025;
2,80206008923191;
3,21014347090033;
3,54623694362512;
3,99179915202251;
4,02462825867425;
3,52048028231803;
2,94341207365834;
1,91917788609666;
0,259450220810137;
-0,450656939546209;
0,0426602940503945;
0,150849679537816;
0,802377268858991;
2,94814934362192;
3,91020168596593;
3,03058165901301;
2,69224396953103;
2,21255146865065;
0,376515775689442;
-0,563147409280479;
0,0417014949822629;
0,192259693221919;
0,538229584280854;
2,05412445299975;
2,57322141287046;
1,61079529914712;
1,08386997729659;
1,45308069424592;
2,18480758640091;
2,32242091795249;
1,64894346601195;
1,1602766107299;
-0,000397616292247602;
-2,65977160831051;
-4,06338546312924;
-3,16186560531424;
-2,51320072327781;
-1,96375975998769;
-0,321672470036036;
0,500760193251777;
-0,0428275473523891;
-0,168383096984488;
-0,112867133839418;
-0,380860764585362;
0,333778604717164;
2,00702231263806;
3,2246344884402;
2,54614157919091;
0,105229845702664;
-0,318483799857509;
2,02881303910573;
3,45980627461095;
3,64538532509139;
4,25698720252454;
5,41321493691406;
6,40422750183155;
6,48224335061435;
4,44870995739089;
0,584420482573013;
-1,05367932079421;
0,111275337019747;
0,347294398925645;
1,27811972331821;
5,02526270050844;
6,91575007335378;
5,22655479920876;
3,73884351713994;
2,45942380905821;
0,260913134251369;
-0,586938796771451;
0,0902963144050853;
0,180751802513589;
0,682528753279492;
2,66880770767195;
3,39309296094743;
1,99724106026635;
1,05079121233236;
0,780818883906908;
0,122688515552794;
-0,206454748031542;
0,0234676748547601;
0,0666264215361172;
-0,0112527861387678;
0,0339171760120352;
-0,102870295456705;
-0,475696722018124;
-1,1442555350863;
-1,54602494736851;
-0,5446082827573;
0,44283060432708;
0,06112588191833;
-0,191404608536515;
-5,80897563451625;
-19,2291017898974;
-23,3669052865447;
-14,8625362044161;
-10,325931352853;
-9,69295543185477;
-6,57203769540187;
-3,82693684621517;
-2,39429817246594;
-0,436504495573092;
2,11239319073272;
4,39788568784952;
6,22527276243019;
7,88723611825326;
9,41366251886749;
10,6434491213919;
11,6307071429983;
12,4261513091497;
12,8907049145202;
12,8155885522331;
9,25065217789157;
1,41318774660608;
-2,24199897269435;
0,177322221365505;
0,763729992958878;
2,61355113191965;
10,0613922808966;
13,5344987378832;
10,508931482168;
9,40680352691751;
7,75212231320948;
1,2783251124849;
-1,97724047769267;
0,165739291370377;
0,666336818932845;
1,30723326812083;
5,36282579777249;
6,8631490378717;
4,39351699274681;
3,22712274989538;
3,31103316525465;
2,69397589233037;
2,45318430557394;
2,73991244234927;
2,71658324505887;
2,50701744159855;
2,46291147299048;
2,61531997229506;
2,73612040965389;
2,66339372390884;
2,48314814173995;
2,16414881049594;
1,8050735591521;
1,5337093040151;
1,26779238892954;
1,00515542609665;
0,702026912879259;
0,30885194462435;
-0,0487732965296017;
-0,284730434162855;
-0,298978152993256;
-0,0632874481675897;
0,0786980437128668;
-0,00190223028738761;
-0,0285328627494421;
0,120651545042661;
0,442340348315073;
0,714668844874476;
0,723093867629393;
0,718547360191336;
0,892423400646098;
1,15220962167231;
1,45841376273111;
1,7699499134924;
1,99910846044658;
1,8573605915046;
1,30750351426452;
1,22683106574865;
1,78380458116509;
2,08004695009897;
2,531335351954;
3,80223276453954;
4,80412281537757;
5,02665527835839;
5,13717195604356;
4,97995723786901;
4,47447881531857;
4,22653868102001;
4,31337059745717;
4,40608352375042;
4,40830644424324;
4,27678228263649;
3,88002574602721;
3,2372391878864;
2,61085101242183;
2,20739102990975;
1,99580929362693;
2,02151473802373;
2,21860131740678;
2,19019152342967;
1,8064276769259;
1,27809394849448;
0,905622540363183;
0,896596597158962;
1,04749050580513;
1,14001801760575;
1,24104933101268;
1,37042858279157;
1,49686452133134;
1,62236477727151;
1,63240064007476;
1,40386102173442;
1,02072126860124;
0,69085892063407;
0,583337327162858;
0,723777371002694;
1,12022717447918;
1,74967684963346;
2,28538253582425;
2,49788909032015;
2,49018439585082;
2,43756604526611;
2,549393532088;
2,7858138497126;
2,94620697627843;
3,00046892629347;
2,9607114769766;
2,87333759824198;
2,74539103156019;
2,52902976895752;
2,33645467225587;
2,19716792476743;
2,01422510773244;
1,84246776375638;
1,71103001422002;
1,61090292801259;
1,55935338712874;
1,45448575295301;
1,23269250025827;
0,992298356263162;
0,624824254010433;
0,074630556009464;
-0,14686748129032;
0,0181237812218468;
0,0472835264367576;
0,471213146432737;
1,72012767917658;
2,30848339264893;
1,7240051581651;
1,40968947272589;
1,61439125337482;
1,7420748672087;
1,88591011971492;
2,04721005171577;
1,92740868941909;
1,55779963514555;
1,24611366471014;
1,12803221449535;
1,15048948612946;
1,19115733192588;
1,15113648415983;
1,11465710998134;
1,18754850676297;
1,24935972265851;
1,25359478538616;
1,32486440707217;
1,31374166344991;
1,15853172580746;
1,12139326844383;
1,18932110928847;
1,25683997039792;
1,36183987292452;
1,43750158924831;
1,48098960701266;
1,51999108019045;
1,45527391811356;
1,35808266736227;
1,39224249431808;
1,49752844848531;
1,52974541102616;
1,09434493169736;
0,150057545392249;
-0,263848067188479;
0,0274028721449938;
0,0870218241433646;
0,496030390908521;
1,88257553344339;
2,61364292294019;
2,16007843282889;
2,02567996921526;
2,21616752708786;
1,98653480670327;
1,64447428389812;
1,41057270397559;
1,069659552869;
0,582652504504825;
0,046528832616681;
-0,481805427871996;
-0,926889504838891;
-1,29901874533301;
-1,72529080183234;
-2,20869218941535;
-2,72467395207409;
-3,32799607964831;
-3,8365012211916;
-4,01607537638789;
-3,90703276295713;
-3,51277643670274;
-2,84319933465878;
-2,20447332749915;
-1,40177811644362;
-0,198336524349396;
0,33196223340097;
-0,029050042441055;
-0,112082710742003;
0,597309891348062;
2,20921664471751;
3,89115320129436;
4,68594896929391;
5,08725993755968;
4,01992878956076;
0,687898580498821;
-1,00691630154623;
0,0647753005279609;
0,348586537566602;
2,1705504582884;
7,80919478023174;
10,2188424956053;
7,81910540030659;
7,1805526628707;
8,2139743072039;
8,25905390285061;
8,18004716605522;
8,11709755911053;
7,47659930562832;
7,12461464720276;
7,90531861002768;
8,56242570934114;
8,10690207169038;
7,34111655631817;
5,09801287729416;
0,727663867567919;
-1,22728486206186;
0,114515326132427;
0,410584508076362;
0,814835227041005;
3,45853491630174;
4,73260826728572;
3,56890665925622;
2,99381305444469;
2,38452965660772;
0,370640650827406;
-0,604187810586632;
0,0581878326278706;
0,200384174064969;
0,326999000984801;
1,40331361100965;
1,83398817742825;
1,28501570184001;
1,065632823876;
1,01930016511415;
0,722564914248411;
0,521950608968296;
0,34408418708051;
-0,245791188498419;
-1,61253126006139;
-3,59912195084859;
-5,20047141200371;
-5,66836614160053;
-5,34803434711686;
-4,76715779997678;
-4,0645342777041;
-3,22578608484364;
-2,13371924368736;
-0,914998541245841;
0,100421089601;
0,885207886199724;
1,46618869348403;
1,85014102258732;
2,19587109302879;
2,44458381141205;
2,49424816591534;
2,56467185138141;
2,80269807443712;
3,03855518084281;
3,1351971560362;
3,133144275902;
3,06656765259442;
2,9710523397076;
2,91717245678388;
2,89626096567604;
2,82470530347786;
2,68380675612917;
2,49659156195141;
2,29176462923908;
2,33616221360567;
2,71521391174901;
2,82832423716172;
2,49088427823482;
2,24026756565208;
2,04065196980684;
1,627845290999;
1,36266605333652;
1,42470856009705;
1,49654176994465;
1,43991652202367;
1,3662854693918;
1,34238058853065;
1,33553915538086;
1,30471204420333;
1,23068976382831;
1,1868373683793;
1,18238241879741;
1,04100314277169;
0,789811506892038;
0,649702274250847;
0,630829079515412;
0,575789015509662;
0,409750039647116;
0,186842357084927;
0,00641218879924385;
-0,111457367385666;
-0,205667886977419;
-0,222743595406326;
-0,0920278257108269;
0,180212961133872;
0,466774899853876;
0,490840239488221;
0,260387249433723;
0,176994441169805;
0,285696358546713;
0,216212311194909;
0,0289508641184029;
0,130831059276549;
0,552832466368065;
1,13144095983013;
1,80353776173065;
2,44932225032659;
3,08164827161048;
3,7942239154877;
4,40294852284316;
4,76802607827958;
5,02292657123399;
5,27950461052665;
5,55805898005727;
5,86470588346204;
6,21241865547061;
6,45277413941999;
6,26183680384741;
5,66500855273044;
5,04547597208112;
4,59336579938269;
4,32206084491359;
4,16519441357385;
3,85070219989736;
3,21591979997773;
2,33210089987655;
1,25576238397323;
0,180365548885376;
-0,663140594024173;
-1,3536782955203;
-2,03239988453312;
-2,64850435239059;
-3,18497830387365;
-3,64160123800868;
-3,87564313943123;
-3,83921295841682;
-3,56920500730436;
-3,05295582080028;
-2,38683871063986;
-1,73606623721682;
-1,1868341630534;
-0,775010696408273;
-0,381309388878813;
0,164933190301804;
0,767873422647978;
1,31004883208051;
1,86655919375709;
2,47055562935707;
3,00139202646857;
3,3086020455704;
3,35164627935365;
3,2555452374096;
3,23048416090265;
3,36734865632715;
3,61207232128413;
3,85356925007624;
3,97371325813897;
3,94357717889031;
3,83789703971639;
3,69902924921027;
3,46086878114606;
3,19242591734877;
3,02049508348676;
2,82297724230553;
2,5385010998923;
2,23705341944299;
1,93843684458968;
1,67180180117659;
1,42763062514639;
1,19212668078944;
0,912901834669048;
0,569706762084494;
0,346076485518372;
0,367096436227934;
0,531333607053389;
0,700955730240083;
0,746245053135394;
0,615789663407399;
0,437022509590404;
0,318265042982134;
0,263744731675155;
0,241680645309684;
0,182169752739259;
0,0701237458002211;
-0,00154982265466289;
0,0453490020275314;
0,0783380069471295;
-0,125025522623194;
-0,529914399460636;
-1,01398687241833;
-1,52065906454466;
-1,89309520566171;
-2,11536918581878;
-2,2170067560464;
-2,1004629588441;
-1,87125299264949;
-1,7666926704624;
-1,88324392733241;
-2,03566603116148;
-2,00437714792789;
-1,88102104540461;
-1,79218918381736;
-1,56206889651941;
-0,939566904787067;
-0,661978822171711;
-1,52896979341012;
-2,16072082153715;
-1,57340147513188;
-0,797402921929617;
-0,0892997193930386;
0,574468312027142;
0,623226440797259;
0,351694902325911;
0,346611030971581;
0,567178382223539;
0,815999920376397;
0,90501207116218;
0,822511109288315;
0,749975909864022;
0,658938730432944;
0,438981325976439;
0,0517431220716477;
-0,593190927082629;
-1,5800071520005;
-2,93546434928431;
-4,47414619605134;
-5,92246485990404;
-8,05017257476982;
-12,9693825636109;
-19,6534317946044;
-22,2977602147477;
-19,6862980938938;
-16,9480636032233;
-15,5687961115441;
-10,5613177996567;
-1,33099239160808;
2,49073648074979;
-0,281785674784795;
-0,812971085044001;
-1,13982612205664;
-4,88731469377032;
-5,38879101941327;
-1,35780924107362;
1,37167678730438;
0,0333285384596673;
-4,47501667971316;
-5,61734272436217;
-1,46582726285787;
1,50721807718853;
4,15731606528831;
9,32553242904218;
11,6510901558148;
9,94565488664238;
9,26622074687711;
7,31637109918407;
1,20530917935702;
-1,84139259673383;
0,142651153360793;
0,626475946308911;
-1,3864232135319;
-3,97644199865564;
-5,34472156800228;
-4,17240963902667;
-2,55020516728609;
-2,53192374609475;
-4,06696655128089;
-5,14599626056235;
-4,18445134151662;
-2,62197768739878;
-0,189481943988417;
4,32251542766297;
7,05104967348127;
6,56049575293332;
6,77758628241967;
7,11328860689068;
5,59516897257526;
5,20037558485009;
6,68086525163884;
7,4170476141561;
6,02527605408513;
2,73988231615915;
1,33019626282544;
2,69849458072382;
2,36673532019534;
0,308078879032163;
-0,361647747847329;
0,063183614745702;
0,0987222037837678;
-0,0632767183240014;
-2,63333895924263;
-8,63012222542635;
-10,5459190160998;
-6,76403038367607;
-4,6729973593797;
-6,14221750020447;
-9,06855742575332;
-9,65297793375158;
-6,89700570844263;
-4,94818690674331;
-5,41694108036436;
-7,84648702227925;
-10,0039302547598;
-9,38925213374748;
-7,44476209521013;
-6,65270741717503;
-7,99212125354452;
-9,75008650080125;
-9,40478417319567;
-7,53466557565935;
-3,77218454554477;
2,48797036674323;
6,32630144400976;
6,59005487308451;
7,93003887178168;
8,07195856430001;
4,38741767430628;
3,37992614369184;
6,82286729801983;
8,93145941340583;
10,7762528633705;
14,9301059300505;
16,8299670146264;
15,4592494406567;
14,8134610121098;
15,1340647839999;
15,4181224897104;
15,739413205969;
15,6375894608024;
15,1430234140066;
13,5559222828166;
10,3995028691861;
8,37118236929776;
8,43211753482402;
8,05216057266335;
7,89737411267678;
9,41178376026373;
9,80038477329415;
8,34229174150819;
7,55679845303897;
6,47263948541454;
3,96198906262035;
2,74510833362954;
3,35419077273727;
3,596445638438;
2,5488277492759;
0,441421848570271;
-0,616939532740587;
0,0264445223394303;
0,220101424579478;
0,751160823933807;
2,73575840214034;
3,33700410554996;
2,04063883551346;
1,4572644350657;
2,02272869594933;
2,91703969736238;
2,98901298305174;
2,09346555399166;
1,56334322494759;
1,39427598523981;
1,18959395640607;
1,33049270023038;
1,71156232926424;
1,99841545956887;
1,905270711257;
1,35203317062583;
1,19271891137963;
1,69380859575113;
2,05762995494691;
2,37637685900592;
2,93983885054749;
3,126118204755;
2,73162194742683;
2,0591009699744;
1,01939612651343;
-0,00338199461132724;
-0,204828091184753;
0,0622723715631607;
0,0506380965779296;
-1,04169146990013;
-3,53991536086145;
-5,09615443384436;
-4,80952659354027;
-4,78166766491856;
-4,79182951314509;
-4,12779096715269;
-4,15947285675343;
-4,89113643340485;
-5,09654354405368;
-4,01680787171067;
-1,71900367997674;
-0,207918960531543;
-0,0304077887239179;
0,515652537801702;
0,49722226182048;
-0,992843102656355;
-1,33766771789196;
0,0613164281326987;
0,898338163101234;
1,4694957573586;
2,85046272027324;
3,64312688936969;
3,49418064724439;
3,72476671603046;
3,8588035148212;
3,23779957688767;
3,02494827418439;
3,55313330202422;
3,92967059368981;
3,42115236349579;
2,02268516091574;
1,29631546064492;
1,646069236478;
1,56465736344851;
1,27372249395014;
1,61312381754989;
1,8561705209775;
1,61654024512723;
1,36862025212662;
1,19728489600671;
1,14766341017834;
1,43306600371489;
1,89086689941088;
2,22840260615976;
2,04982103649135;
1,34182858129826;
1,20897964104983;
1,89032684579391;
2,3123001099961;
2,37882690424403;
2,53375971345331;
2,65909330968491;
2,64898316209809;
2,57559123961512;
2,4779525044742;
2,4991926846443;
2,63809570459706;
2,67010325838344;
2,57420241022664;
2,18680342323124;
1,51799272284585;
1,2476244931687;
1,36260720249938;
1,3734380633378;
1,06144514600009;
0,232771891603125;
-0,269316061546179;
-0,00247645287897143;
0,10191912149354;
0,384691564592413;
1,53060768873201;
2,33564981316535;
2,23024958024712;
2,18104815865676;
1,72638212489464;
0,282729501395469;
-0,433945121490241;
0,0340485249346124;
0,147461354081185;
0,156248110597509;
0,749331641039163;
0,933975486680243;
0,321919814914101;
-0,282839765202407;
-0,413208992953023;
-0,111143239833854;
0,113233419068716;
0,00477838525931249;
-0,0442616099994381;
-0,0867296206521049;
-0,400016886662765;
-0,698344934944182;
-0,736596526122308;
-0,633773492915412;
-0,370092839313375;
-0,0166284485353007;
0,0818082885359808;
-0,0193741910772616;
-0,0223859726551151;
0,412442694079515;
1,45624047968441;
2,25233998744852;
2,41595356814369;
2,69534854502968;
2,65350241639136;
1,84886055407722;
1,68407859746538;
2,45220953951097;
2,89200199847596;
3,27802799185316;
4,29266311874394;
5,04832757726728;
5,02491020957822;
4,73706349924769;
3,30045919450897;
0,443842866471159;
-0,789840862427737;
0,082914249405516;
0,260296054638109;
-1,16788896858385;
-3,3586849419514;
-4,15573547405457;
-4,15740075521261;
-5,65708843964089;
-6,05718772988799;
-3,98416653568021;
-2,94000071966152;
-4,32009807879079;
-6,04074124003537;
-4,29681298137813;
1,39027338354652;
4,58025562584804;
3,69185062001488;
3,77196067090075;
4,11294513351211;
2,66803060283266;
2,44424199970538;
3,91245665866524;
4,47362660835287;
4,69560146220987;
5,66728123554051;
6,25136021359785;
6,21713065510743;
6,36706697568217;
4,88603365483075;
0,794887543019396;
-1,21005036516306;
0,0881466448454231;
0,414751784763582;
1,22441633184489;
4,8938601532608;
6,77719441324423;
5,33949977235284;
4,56863772289076;
5,01022123432471;
5,48482730039283;
5,77563012211662;
5,4552506266224;
4,89099866821198;
4,13192372552165;
2,97768259673962;
2,4512769588131;
2,73586972147326;
2,82920035748734;
2,0106251892562;
0,322529604163313;
-0,485887504864579;
0,0312425066737857;
0,168749090322123;
0,493057694653671;
1,85156400128033;
2,34397216768195;
1,70565678203655;
1,62921278733117;
1,9677759007791;
2,07574246696823;
1,94940831037835;
1,75583689706476;
1,75404808818989;
1,43808358750505;
0,548148956296976;
0,0230438880103285;
0,0861716352414854;
0,0351302544898949;
-0,0932050589111418;
-0,030552594161285;
0,0314491023301869;
-1,982056890917E-5;
-0,0115333562012493;
0,128386112171228;
0,475683413529981;
0,697083021837159;
0,54233068226981;
0,377592376497998;
0,303995104835941;
0,0698842206020773;
-0,0820092429236226;
0,000748714957167475;
0,0302239594289312;
-0,0366674423648841;
-0,138637064266854;
-0,360968251610107;
-0,740582609097916;
-1,23344730025988;
-1,19774939146047;
-0,250116284163955;
0,315217028011702;
-0,00903025260163296;
-0,113660976590812;
-0,928412433605283;
-3,36341660331097;
-4,64263511414921;
-3,87410747296041;
-3,46271546841678;
-3,48384544123347;
-3,01413558228707;
-2,44684495014783;
-1,99115091702616;
-1,55355122906288;
-0,948280231660738;
-0,125975312015488;
0,219081383719416;
-0,0199423413883831;
-0,0738021007202714;
-0,161258062686904;
-0,496037828296323;
-0,1197770008997;
0,914695350684474;
1,60470519971486;
1,4329935031109;
0,330163218841724;
-0,367857198371071;
-0,00759006155551143;
0,14095141634372;
0,957916080666994;
3,25544384389809;
3,88927108004847;
2,42209251284447;
2,04513098802869;
2,55381727727974;
2,44493358572447;
2,01846455271548;
1,47237752466884;
0,840631618029209;
0,40311062740369;
0,0688340991259562;
-0,308050338207759;
-0,581529686262812;
-0,777088656642709;
-0,866745956943496;
-0,69162954343425;
-0,404778653793787;
-0,0844467931691982;
0,281935380568574;
0,177926479825123;
-0,505013980109159;
-0,679521198652594;
-0,0633784613119848;
0,375150792274407;
0,722671094607505;
1,57456572639938;
2,35815575775808;
2,71677665544403;
3,0839414671606;
2,94712695700104;
1,9826916646981;
1,79237090206691;
2,74599764971115;
3,28273828710285;
2,43438418872225;
0,421178630414287;
-0,590287086146679;
0,0260408335156393;
0,210232430578664;
0,655558733395522;
2,72456301257247;
4,25074113264665;
4,17932775858723;
4,03467896258214;
3,00388577171129;
0,41201020618915;
-0,73620386379544;
0,0820756681186964;
0,239948817190583;
0,454410528579195;
1,93310782676458;
2,62674188237673;
2,11982520685853;
2,09151039046334;
2,30417793130074;
2,09644753984359;
1,84206670732949;
1,73132207500838;
1,70645950015495;
1,68775460088855;
1,59570276711247;
1,47191181569791;
1,40683294763842;
1,37634389211838;
0,995164285765211;
0,153626584408366;
-0,240921281556699;
0,0182468242209737;
0,0824359177710722;
0,316992741204429;
1,23762783045278;
1,76799440936229;
1,62681768635069;
1,75424757630896;
1,49867982767264;
0,243965621637962;
-0,383627470183086;
0,0341722500021676;
0,128348900622471;
0,493704273787682;
1,87590679113981;
2,40836886502689;
1,56213217971765;
1,01315063581988;
0,823928182327787;
0,389077615493866;
0,0333863780882981;
-0,114114701426519;
-0,340586493504626;
-0,760754326481304;
-1,16513488009435;
-1,39055532107193;
-1,45825079986635;
-1,45422257960539;
-1,07815491541372;
-0,177787491712764;
0,264854109462226;
-0,0171989214717462;
-0,0917751742406764;
-0,329072450201506;
-1,2914603694901;
-1,8273475919773;
-1,50644525238104;
-1,22525683824197;
-0,681243161665032;
0,473442029937343;
1,07291419367614;
1,03836887962409;
1,485319369884;
2,27055587833376;
2,90678328874508;
3,46315358532421;
3,72915314517818;
3,51877835229675;
3,10662403841974;
2,85964599744326;
2,91543293046344;
3,1282159580121;
3,34663343106982;
3,49617625586069;
3,43708072971893;
3,14687990693014;
2,68208609173563;
2,0901481186149;
1,21329589973264;
0,123326273579812;
-0,273293856543449;
0,0374336580165372;
0,0867206563881838;
0,443500895839745;
1,62627514566892;
2,1525882713895;
1,76889255269766;
1,6743559048386;
1,60239171936591;
1,08599389017762;
0,659209280041069;
0,56485907656112;
0,491256537299767;
0,564242498539331;
0,928940484730128;
0,925041380191915;
0,536098040128723;
0,404575708802731;
0,317418060115136;
0,0334640745589528;
-0,0779676259542092;
0,0130216004812773;
0,023485204429501;
0,0441455167950162;
0,228501574410517;
0,395044986402018;
0,286633054215569;
-0,73501897098852;
-3,43729837888998;
-6,52901241670634;
-7,38506059399602;
-6,11491818765597;
-4,78795837069848;
-3,80099516602648;
-2,66734746596349;
-1,61733658804237;
-0,800916674668759;
-0,0539396894148199;
0,344353987598741;
0,127807861299636;
-0,112094247564612;
-0,0085885362016898;
0,0450423236066337;
0,709195887223435;
2,47904119504672;
3,35593366708587;
2,83817505637203;
2,9615725663167;
2,71632997339531;
0,547476100478801;
-0,715027184349765;
0,028902467593691;
0,254084138755428;
0,700746892962928;
2,73274598914225;
3,71680496808426;
2,93104719886834;
2,63758025619623;
2,84190297035523;
2,75280407470133;
2,74829746339669;
2,93771078298124;
3,03522796174695;
2,93262161415868;
2,76363989936078;
2,74803796062824;
2,92818295904785;
3,04022723575792;
2,22222733271159;
0,339689940771414;
-0,538119311146414;
0,0422421982987546;
0,183464242446853;
0,565191644120185;
2,25001827864774;
3,10984386211958;
2,45767950856165;
2,15120123871433;
1,73347023289938;
0,276463155723464;
-0,441438157385518;
0,0406178314616348;
0,147182527574143;
0,310873673583287;
1,24199385145318;
1,48018535947004;
0,697680659872228;
0,284946677366879;
0,379194261045637;
0,433159899927983;
0,526624380475558;
0,817037366145104;
1,20479094050109;
1,51182685739622;
1,74078531985196;
2,01593652522053;
2,35286407542919;
2,68804811770513;
2,19779228423132;
0,422998587782649;
-0,554115169885689;
0,0177127735419348;
0,199680419912963;
1,09632370740407;
3,98634645932293;
5,27764228491972;
4,03510839779622;
3,53339271226086;
3,63537613383942;
3,05048540766464;
2,65199528616006;
2,53100644997572;
1,98250062651136;
1,18472262915406;
0,411308511210174;
-0,374372695471244;
-1,09629127750407;
-1,83161204735057;
-1,82485409985188;
-0,41751212869916;
0,484604774738448;
-0,000898063115076173;
-0,180376840246355;
-0,867584382244519;
-3,07486123644004;
-3,85493672026601;
-2,67213746975081;
-2,42528642313466;
-2,22104250805639;
-0,414225222629498;
0,585228290367658;
-0,038064095983163;
-0,201549839342955;
0,179817924693318;
0,432234821437256;
0,832697999189296;
1,20474181812624;
1,27142285501427;
1,26320184609008;
1,46977890774278;
1,84225055925447;
2,16391027487555;
2,35246898939397;
2,34376654095063;
2,13549972220984;
1,86654180641336;
1,54167999767887;
1,270240460279;
1,28310473650686;
1,35357268991825;
1,09145094650423;
0,522331599349521;
0,00676015863022088;
-0,20921397148749;
-0,270201555648705;
-0,381459873480471;
-0,457730041452319;
-0,380984592421442;
-0,324126421124097;
-0,334059270653795;
-0,141009491028706;
0,246426199152234;
0,565250069497274;
0,72833378638883;
0,795455507117798;
0,844429784303162;
0,943321917207512;
1,11466385635151;
0,924245720870239;
0,158536307463561;
-0,234394043077171;
0,0164006992777353;
0,080472067407844;
0,532196124327832;
2,00621346279756;
2,87433873855216;
2,52385872304902;
2,33582799956617;
1,83374018086259;
0,289877678500265;
-0,460704529036312;
0,040436168999337;
0,154658495985571;
0,554700966162865;
2,09779067199686;
2,64707395569043;
1,68407123054583;
1,25298509451952;
1,46348849441918;
1,53489459593108;
1,70358129317856;
1,9092295403242;
1,8878461944945;
1,77455061160152;
1,58060889398595;
1,22014504511237;
0,951870672115561;
1,10111223165272;
1,72470179910035;
2,55964355078583;
3,11173086691145;
3,05850641902377;
2,56826058707046;
1,93505989078371;
1,29503913719674;
0,947712515090759;
1,23230418659826;
2,06794662764655;
2,08686867716536;
0,449031885363891;
-0,556052463753088;
0,0140952428557274;
0,201120127976953;
0,591403603323821;
2,41328125398216;
3,73861587763313;
3,86498886528719;
4,29872709965195;
4,83584017879491;
4,76697458997922;
4,49891605540699;
4,39567662633787;
4,42323822605399;
4,36795604743887;
4,0686658597211;
3,50656821293061;
2,92933313314174;
2,79904900070062;
3,12584706290827;
3,2814371871534;
2,91214676560518;
2,41795827894884;
1,96030920585838;
1,19920613666821;
0,410831715963156;
0,00915660979091576;
-0,332328548027362;
-0,799561113201837;
-1,26488666603317;
-1,70126462662613;
-1,96774176427416;
-2,15839344237893;
-2,39750032407182;
-2,32675594225833;
-1,9913841269039;
-1,84852168244985;
-1,66675028298014;
-0,998140054499807;
-0,104522025863891;
0,575170331683581;
1,15606751378649;
1,8931189082517;
2,62706860794239;
3,01828210862885;
3,08824958772801;
3,16496149565813;
3,38669224724015;
3,7536113589295;
4,15355060021706;
4,26116884302353;
4,00186082661398;
3,63671763798481;
3,19222132990861;
2,40210801692094;
0,64346228447598;
-3,60486108224209;
-10,4239353069846;
-15,3600897860891;
-11,5829253846606;
-1,27304575355682;
2,74706735184117;
-0,39667769896794;
-0,858030029900402;
-0,340802820793637;
-2,33381022891684;
-2,02240866338617;
0,963508517351653;
2,45505277865052;
2,14203929552748;
0,00441827018556621;
-4,9704686406427;
-10,4844480792344;
-13,1195689117679;
-9,47291460477867;
-1,75277951923337;
-2,1751246567612;
-10,7029808313741;
-14,0735374607551;
-9,23246244353327;
-1,24364361609893;
2,10534922690283;
-0,170978000596302;
-0,719299907314561;
0,153181285619971;
-0,1537183401804;
0,880048015940821;
3,06671903693575;
4,24758089172786;
3,53611446637758;
0,751922339300035;
-0,898384380718746;
0,00235929469087642;
0,335233866267552;
2,02793956061159;
7,34985354702153;
9,78238977047234;
7,05359045459877;
4,76276196654337;
3,64924841514911;
2,17955838005954;
1,39784230059705;
1,49669453880138;
1,87365209981773;
2,45223975329068;
3,1101950662361;
3,74904569670525;
4,54423337563646;
5,3115720114937;
4,23264467447103;
0,725458078253064;
-1,05253930880895;
0,063293322997147;
0,36657069271234;
1,69292193061819;
6,16427305418319;
8,001230464611;
6,1406571208564;
5,94114443973792;
5,1832463081378;
0,881764684601467;
-1,33805951446818;
0,10866280919224;
0,452010681594303;
0,613411004783442;
2,56385525360627;
2,82854209778064;
0,879591820449527;
-0,0750826496760274;
-0,0987850733459157;
-0,503794125814136;
-1,02757493494881;
-1,31165137910331;
-1,23913521312137;
-0,835701590041797;
-0,257941789743989;
0,412368654941202;
1,06254775432907;
1,46967885507051;
1,62247333383823;
1,82383151370837;
2,16319949804683;
2,47162230769858;
2,87221492683767;
3,45226585520469;
3,9170744848043;
4,14014378812437;
4,25507466500864;
4,27233443236694;
3,12128301766429;
0,482800535162851;
-0,759595912109146;
0,059110921911107;
0,25908616247297;
1,06005944111547;
3,96813146743157;
5,23346234481584;
3,91156148072744;
3,22449423798888;
3,03521017060792;
2,21693580558011;
1,60621008905771;
1,45598482889471;
1,34063978175984;
1,16585739413345;
0,935743465348203;
0,676388062225229;
0,474317500673669;
0,193863215741247;
-0,128546217628099;
-0,120517165322665;
0,0560276194274934;
0,0257279638498457;
-0,0316981642408104;
-0,0133499898455147;
-0,00977493751883904;
0,0816638225272074;
0,281162941772749;
0,509468224226693;
0,5157670240711;
0,118418776950703;
-0,138166293699924;
0,000771419317596789;
0,0511648088652625;
0,375833176183418;
1,37268976654479;
1,904154136731;
1,54282561304767;
1,31430039606095;
1,05317333888367;
0,195499478770931;
-0,268425070290218;
0,0131959317483176;
0,094594911233893;
0,129396857300907;
0,545242479308937;
0,625047448889882;
0,131119733573943;
-0,319055759508929;
-0,376762008110449;
-0,0885234291109392;
0,100563534001537;
0,000499348632894213;
-0,0377210160554867;
-0,364371007482968;
-1,40661002656801;
-2,15870876220926;
-1,87618744580846;
-1,17724728109247;
-0,600994827218689;
-0,364223708802389;
-0,504957632023428;
-0,757926261440984;
-0,946145369303266;
-0,865968282236192;
-0,497151999624136;
-0,40788087518901;
-0,742978194768343;
-0,988236222490916;
-0,751512934369419;
-0,113110785874752;
0,183083381001617;
-0,0156663809907429;
-0,0618111042896974;
0,551425792726969;
1,67077825633575;
1,89960335697952;
1,21382023384185;
1,35018144407379;
1,57136248989312;
0,411372082621258;
-0,439165804990932;
-0,00847048260007472;
0,16696484317246;
-0,611049486535373;
-1,5637046426295;
-1,17575536061269;
0,137737114323298;
0,75926532881104;
1,3398511132132;
2,56213943508472;
3,76622142554826;
4,48899656004169;
4,7006085544613;
4,70565728354643;
4,74725266819909;
4,68175708325855;
4,45475370690125;
4,33860906717971;
4,34239262942381;
4,21772056307692;
4,13781547255622;
4,17162636777046;
4,00073428430667;
3,89360052804171;
4,12166742613489;
4,27024593791895;
4,16096186065946;
3,9564403410125;
2,84595848353414;
0,468600262883901;
-0,690012953640415;
0,0404343197920992;
0,241317299476866;
0,450942413242158;
1,9172751451836;
2,64118725276886;
1,9635065650967;
1,63553530777023;
1,75826921641136;
1,61104584013614;
1,4804296032962;
1,54240796129652;
1,56413153676831;
1,51320177010569;
1,50446634834283;
1,58269192466674;
1,73422516419134;
1,84359120804626;
1,89051755140353;
2,06359182021549;
2,39053574849916;
2,64169294489703;
2,72934355414453;
2,72886233513688;
2,66430957425717;
2,65763712263646;
2,81615441159077;
2,9996436357307;
3,0114973292684;
2,82032891822877;
2,5272356815292;
2,1961755953743;
1,88656689968337;
1,66277424530709;
1,5275872066419;
1,49594635673969;
1,47013991002792;
1,30409525306661;
1,10486233785682;
1,0424143393785;
1,13264016736638;
1,29256933953677;
1,37936986730358;
1,36649910375424;
1,3439950836235;
1,31244349058199;
1,266386369855;
1,28402533021457;
1,34797057017312;
1,29837110867503;
1,11478162063363;
1,04402052326696;
1,15921416628358;
1,19366670196738;
1,09193253395209;
1,03359255654116;
0,93966468160645;
0,706670467781606;
0,505753242268337;
0,413625550419042;
0,325525824605789;
0,22465236718798;
0,0900060361464992;
-0,0748689608811398;
-0,0759992501220668;
0,0311781079150609;
0,0182731476328731;
-0,0194199756933562;
-0,115862839532533;
-0,312110456836319;
-0,181510223584493;
0,286065709513324;
0,667985101582905;
1,06426720307072;
1,65563276437812;
2,21155928080119;
2,54803676825304;
2,81521682794706;
2,30939519956601;
0,458605369577568;
-0,585777011872895;
0,0146878567025752;
0,212776515969247;
1,35252510526944;
4,81122814181804;
6,17261602274075;
4,43613665435944;
3,92666717229512;
4,68051870562434;
4,74226767826559;
4,50946858364801;
4,32054284085289;
4,04603222842861;
3,66218807745926;
2,91052395500318;
1,77525788818698;
0,74829544295522;
0,102023988539568;
-0,358805772418931;
-0,879689154899809;
-1,5224008474856;
-2,22495091990494;
-2,87151629339431;
-3,32032345247778;
-3,43504885017118;
-3,29209675361212;
-3,07161828174649;
-2,67055343068673;
-2,03870329874698;
-1,39910605584145;
-0,775441171098002;
-0,0627913433367342;
0,681223332416267;
1,33325396234272;
1,75355945692567;
1,99770787159885;
2,28964477582794;
2,6374221462469;
2,90940383232553;
3,04992177066761;
2,86587458950156;
2,32908422932873;
1,95007341711656;
1,41574038381311;
0,228514269721092;
-0,354670334724935;
0,0286434595421599;
0,120196466238736;
-0,0614967518054067;
-0,0168114430875045;
0,0288760507932535;
-0,00611548057027088;
-0,00770300324080397;
-0,171015052978836;
-0,579829134787057;
-0,629663623850488;
-0,117404408482906;
0,460085496399079;
0,670101898920951;
0,231371462725843;
-0,189236859771196;
-0,026079187244284;
0,0818460463630452;
0,511495183881019;
1,89844429944015;
2,82563111585321;
2,70052463557606;
2,69561843323003;
2,13449168245061;
0,332883844509894;
-0,53462921110845;
0,0480375690279646;
0,179030005021853;
0,437699300672822;
1,82335246892936;
2,49279721091024;
1,8249012389186;
1,57760262212686;
1,43120906500425;
0,291382708897423;
-0,382396469412151;
0,01726017066072;
0,134922567019787;
0,420527039428185;
1,60662016444313;
2,17287053410081;
1,72756498382057;
1,59667540324795;
1,34205372117651;
0,242273381330546;
-0,342999964852392;
0,0202517895066548;
0,119343467428181;
0,420159675726045;
1,59951367210401;
2,13488095231215;
1,69174693855384;
1,74550432721875;
1,62426041527298;
0,316560471517063;
-0,429003946510236;
0,0226759834916241;
0,150037332134558;
0,235726409678551;
0,955869243503674;
1,15155786222221;
0,630058797033988;
0,345408023271315;
0,171777293974464;
-0,0882193254781152;
-0,205629490728496;
-0,304602312514124;
-0,41461210639688;
-0,443886934803269;
-0,449502186353977;
-0,310109626576375;
0,127008490716528;
0,612037488974787;
0,624002983742822;
0,115444851444703;
-0,160434131287127;
0,00878629541637325;
0,0560980068638726;
0,572756122354464;
2,15032354543153;
3,15961044856126;
2,79596457642546;
2,33062491521959;
1,61378487401982;
0,205743380684769;
-0,389637714725414;
0,047283156906332;
0,125467603686026;
0,488215654270213;
1,95795904276748;
2,78883917362786;
2,32161776271806;
2,04246987795174;
1,60511197854889;
0,25510517885384;
-0,406091578953483;
0,0364490870080882;
0,135882561886986;
0,352447944892019;
1,34452692400845;
1,69616515762056;
1,21348033517312;
1,11740300138684;
1,40370076514114;
1,79225832550119;
2,34057650217493;
2,88490914135865;
3,19766652665957;
3,07617679333748;
2,66423639358087;
2,2790034542637;
1,93710146495821;
1,56547295275431;
0,956003368153182;
0,109730759273617;
-0,219513559523701;
0,0266087614931592;
0,0710507824648291;
-0,0398786151637085;
-0,00844674683581211;
0,0176961252687846;
-0,00440713638944773;
-0,00444449022382124;
-0,202389711823933;
-0,772927206295078;
-1,15396598246364;
-1,06053873286595;
-1,07256493568104;
-0,930684614218058;
-0,167937484301774;
0,24408691286364;
-0,0176680299858098;
-0,0832995794296166;
-0,426686081859235;
-1,57189126360942;
-2,06973516117812;
-1,54069771385765;
-1,29719972998567;
-1,03501859954283;
-0,152546484967155;
0,262453091675728;
-0,0288877418217525;
-0,0854361941675036;
0,0996509233307433;
0,250643130728893;
0,470833691291232;
0,732224517258586;
0,95432638228001;
0,772078760652325;
0,108306810056915;
-0,192956211265772;
0,0222338343100298;
0,0624547865910802;
0,339826052151382;
1,2796949300261;
1,74696668417564;
1,38078615444808;
1,20886762040315;
1,01285327628466;
0,195919764057933;
-0,261406984300506;
0,0112374453171708;
0,0927416302919877;
0,385719750894499;
1,47038762059984;
2,00786276260504;
1,58428894716642;
1,49006463334512;
1,31846178220656;
0,248159412090674;
-0,346126316723063;
0,0209019559258923;
0,119955452486124;
0,460871762704489;
1,7874166684098;
2,5462961070012;
2,21362747041214;
2,08537742930192;
1,67483047760008;
0,279289183256623;
-0,422470948324256;
0,031778464108183;
0,144125747952011;
0,519156411362819;
1,98798666013728;
2,67899839132775;
2,15695661130315;
2,14883501977772;
1,89377322424003;
0,335149262032223;
-0,491830242343628;
0,0359285300360305;
0,167840245576179;
0,687957402685821;
2,68594177656529;
3,78151437476316;
3,06508884396116;
2,69040079871751;
2,23766820267771;
0,425537765376888;
-0,578412992395819;
0,0284225651246544;
0,203603852363801;
0,68319416908934;
2,65050720331686;
3,60986763475792;
2,70110274531815;
2,03990033131505;
1,78842546067832;
1,26002731862752;
0,796853660821358;
0,41132778178757;
-0,0407412211398172;
-0,394773277131291;
-0,603325061793864;
-0,741361785479983;
-0,790966533163042;
-0,782537505070476;
-0,768510206980132;
-0,704843675358567;
-0,597052527818705;
-0,418374031500261;
-0,176569429405289;
-0,00946774421437292;
0,128975379886616;
0,335438328008799;
0,671824138516182;
1,20212244044494;
1,72259145008759;
2,03613952092098;
2,15853347692656;
2,14979065770727;
2,17376895551176;
1,69412468526972;
0,305029350769291;
-0,424961247756053;
0,0212728859990754;
0,149791269122997;
-0,071514074737829;
-0,023096799984105;
0,035063284965374;
-0,0064719731373658;
-0,00975306830165092;
0,633640191566467;
2,09284849449456;
2,63568800614744;
1,89018168944645;
1,64677457047288;
1,49095315867565;
0,312252719632208;
-0,394134405300215;
0,0118696553285353;
0,141810176325124;
0,560617956925795;
1,98183222727837;
2,49661875068599;
1,90770439560894;
1,84858004695668;
1,52583433708371;
0,223654006359049;
-0,380826179300611;
0,0395936838075082;
0,125181368922522;
-0,645770639982768;
-1,97566316628707;
-2,4322502827123;
-1,53495323015168;
-0,82301402663134;
-0,54980777864094;
-0,0860711062891001;
0,139742597088287;
-0,0134087536427099;
-0,046355976186495;
-0,0852224723461572;
-0,232365135810365;
0,135442785635602;
0,926301669162138;
1,27753591730689;
0,873401955247108;
0,104464894017525;
-0,200706688603678;
0,022623978495418;
0,0657149197748986;
0,124557380846422;
0,46559828008881;
0,521795116826436;
0,42648404599572;
0,660097944687926;
0,626969403862679;
0,0766015896049221;
-0,159610627591533;
0,024527519228804;
0,0488509596738507;
0,127255117926168;
0,625900326720355;
1,12297409028441;
1,34656995377671;
1,63054627776251;
1,61875375928266;
0,932586807438312;
0,729605937279949;
1,36031435554437;
1,77126444304338;
2,15564614394873;
2,78537701746606;
2,68156691883023;
1,92303220845737;
1,64395981793293;
1,34480775816203;
0,248938827341079;
-0,346750788807967;
0,0194504736227635;
0,121012822205532;
0,0786755694946555;
0,476778522653184;
0,743279055152352;
0,567005380657315;
0,320280556847186;
0,161375497332999;
0,108348513324324;
0,21203117801993;
0,316784933629827;
0,30769809251508;
0,304086136895641;
0,327628512629402;
0,335675642477662;
0,417352331798291;
0,537980677594148;
0,633383277939436;
0,767856672843167;
0,811777202090118;
0,642007300902608;
0,547295301098993;
0,729906155811668;
0,860217820117777;
0,736827820642656;
0,627159222058605;
0,574438533763094;
0,434614947534677;
0,330079167374637;
0,324954193122182;
0,330871798076286;
0,296299233932901;
0,198398423895848;
0,145669124773785;
0,193864032684723;
0,203596910774826;
0,24922518556961;
0,514014140254662;
0,83533679189494;
0,998203229793646;
1,06150023993376;
1,19104007816261;
1,42930795839108;
1,64128383234426;
1,7502411890961;
1,82954537368445;
1,9277748678987;
1,48845954406874;
0,251508104088704;
-0,369917576791953;
0,0236523962564029;
0,128214110130003;
0,413160066255095;
1,55061690581067;
1,93229883326519;
1,15344487421513;
0,599819161654893;
0,309057531818532;
-0,0258913719941623;
-0,066851923541234;
0,0321111998508209;
0,011119002367883;
0,0347655794454305;
0,234136925944053;
0,480731875239628;
0,690081766045017;
0,932283467364907;
0,89610902521642;
0,399251935708782;
0,256443140925971;
0,701415684418092;
1,01104763492252;
1,70920340315573;
3,24597218370959;
3,98167057103676;
3,60064576192389;
3,69230816719663;
3,08439187172116;
0,552325438846266;
-0,786797486057116;
0,0475649383649521;
0,273310183725044;
1,02296701393817;
3,88030419253472;
5,2852829472495;
4,40886354260014;
4,4004470873299;
4,92521126469678;
4,59285890515448;
4,06399781792439;
3,64292429802831;
3,09671269489136;
2,5314904242203;
2,08864098188597;
1,77447237398366;
1,68046892091764;
1,8745334404772;
2,2060013484663;
2,42030476746096;
2,47517459348613;
2,45010042035366;
2,28823391516812;
2,08141002594097;
1,9568547100102;
1,73698764074763;
1,42431948788369;
1,25959476012118;
1,17550973427078;
1,02886360483103;
0,954395503904918;
1,00124325259883;
1,07855190589026;
0,887027382633677;
0,193951152753487;
-0,225344689084185;
-0,0016651880554324;
0,0850897714592755;
-0,0357286263238335;
-0,0151720070819391;
0,0190374501943257;
-0,00257840872567666;
-0,00568724585531659;
0,39533275291479;
1,37188067495331;
1,97016325273641;
1,91756190224699;
1,96990935220266;
2,03992690258766;
1,96275023657757;
1,94541766852265;
1,92130760310454;
1,81162864476996;
1,24314901393735;
0,164470623891151;
-0,295915993460756;
0,0314572702844538;
0,0973958807247192;
0,264717723223886;
1,03140953360865;
1,3456698113332;
1,03336315158888;
0,977160387145749;
1,06679288073163;
1,00341637494286;
0,942632648099974;
0,860232714627208;
0,776269041526592;
0,602210806574992;
0,133124987707839;
-0,153052414158325;
-0,00170514399619593;
0,0580452353619251;
0,338461079505956;
1,19548277384799;
1,58666310433451;
1,29133741439817;
1,26032964235633;
1,09654607063975;
0,213265746753098;
-0,282175110563291;
0,0111976655362593;
0,100547788586817;
0,449045476991246;
1,59519745369285;
1,97139348248322;
1,26490756513023;
0,973198681648759;
1,38310961841067;
1,81110824547683;
1,71336394036861;
1,27019906792117;
1,06682254993774;
0,845437503743655;
0,18424229392608;
-0,213298961537896;
-0,00218200398743136;
0,0808539486094956;
-0,155274251398864;
-0,361865991696148;
-0,259421452433133;
0,0229754407464469;
0,128291330444118;
0,1131548507614;
0,047852005141926;
-0,0296472163027624;
-0,00944008671855186;
0,0152600768277532;
0,712304188432264;
2,56238296474262;
3,83155650805497;
3,89649768156044;
4,27998785279676;
3,61674967307446;
0,637152667998667;
-0,922854752107954;
0,0603534063500798;
0,318539815873653;
0,881514057086008;
3,45799727832604;
4,56492360617516;
3,18193225172063;
2,29218133656318;
2,01151829709185;
1,2839557237874;
0,584572989270413;
0,207386189541161;
-0,052406638150223;
-0,419440028211847;
-0,998041699302463;
-1,80792792128575;
-2,66345706197249;
-3,2890875480986;
-3,69368465154298;
-3,95959854990598;
-3,96285869207705;
-3,59866031356094;
-2,95163201343722;
-2,11623523073051;
-1,21200567786808;
-0,446803459298356;
0,164956714714209;
0,675033401481927;
0,687137972425732;
0,179664777272345;
0,209437486221281;
0,932901450917847;
1,36241253609038;
1,04091774617012;
0,177414464732907;
-0,253564827237747;
0,0129359779479102;
0,0894952453544114;
0,368794252278124;
1,49123221624633;
2,32658023584761;
2,24122692508237;
2,05922319212519;
1,57108567855113;
0,285927181298585;
-0,390872897428352;
0,0165795125097064;
0,139197849171895;
0,354137845587654;
1,42755902475985;
2,05701183775466;
1,87174634598813;
1,97619150538566;
1,69790500761066;
0,301867246022413;
-0,435169252651441;
0,0282862732301035;
0,150226479813669;
0,658954923829161;
2,52040615952481;
3,46885610241226;
2,77405423407571;
2,50170892047492;
2,06550861226716;
0,340583139090006;
-0,530423545517625;
0,0462459818932719;
0,177856837434593;
0,142909685722182;
0,714121461536036;
0,824923441731897;
0,229936372383062;
-0,22096762462373;
-0,545119608135887;
-0,973277242765688;
-1,24027830211391;
-1,17741946934803;
-0,788837420017698;
-0,266038438691371;
0,0370502479314422;
0,0372255149814051;
-0,022138161633342;
-0,00500802263035665;
0,03169460318058;
0,104633615503809;
0,197018303361184;
0,163783728686851;
-0,00319728975313094;
-0,113610901799237;
-0,0461802053691458;
0,0355532854730097;
0,00535139517214463;
-0,0154851395655843;
0,639775127303023;
2,26943474898532;
3,27439487202922;
3,07948889017785;
3,26638328510245;
2,89598757312517;
0,581924291170762;
-0,755323024704956;
0,0275188325636265;
0,269939754606104;
0,751291471519502;
2,96942348359417;
4,18718811820652;
3,56829783671226;
3,36544114602629;
2,66749383464286;
0,397538762862468;
-0,667858746759156;
0,0676659006988529;
0,220254335958614;
0,732632184195895;
2,90676287327434;
4,04780958052011;
3,26459691357049;
2,74451071491414;
2,04064637191425;
0,281752721010711;
-0,5035670837765;
0,0569569276630878;
0,163658327700744;
0,435181162965129;
1,81314594650425;
2,55746126887814;
2,0742857909306;
1,83818535590282;
1,4816694769018;
0,244154027282532;
-0,377366604330205;
0,0314363931908846;
0,127276789196555;
0,55392972855858;
2,00444257704635;
2,46760463512795;
1,61538623864643;
1,30497996951942;
1,36081930503218;
1,04488927099246;
0,701734466014334;
0,373271870662066;
-0,20764303227767;
-1,03561025702194;
-1,97010571172913;
-3,04616084777738;
-4,41485904529285;
-6,11933608138167;
-5,59918046897853;
-1,17135347550732;
1,45546880291238;
-0,0308754632032616;
-0,530131358630877;
-2,19351387271242;
-8,77780637292921;
-13,7934153606306;
-14,6704066124167;
-17,1056869061414;
-15,2260514517482;
-2,99912830603291;
3,94740351496945;
-0,156423180344226;
-1,40582724433788;
-14,737967569271;
-52,9067499888478;
-72,8616624931297;
-61,760357778489;
-58,7535800832312;
-48,4824817671821;
-8,22355125892994;
12,3599515209613;
-0,936647745530289;
-4,20963322775703;
-12,8896191920381;
-50,387112993858;
-68,1987964518419;
-53,5264695788379;
-48,9869744558425;
-53,6510509008154;
-50,6768860653763;
-47,8103590341368;
-47,8577383741148;
-46,8350842702448;
-45,2616349439654;
-43,9876217458766;
-42,1021765741925;
-40,2097616930648;
-39,0818518020124;
-28,4156067017784;
-4,34491431384934;
6,92410697047229;
-0,564526425653652;
-2,35002444501142;
-8,20594643246384;
-31,5579262469538;
-42,4698890220027;
-33,2228952781087;
-30,2069666088568;
-24,9762605136297;
-4,05714032628362;
6,3719048758272;
-0,560778025378075;
-2,13547736200732;
-6,42832263884699;
-25,4417185266492;
-34,8875573833442;
-28,0461140232598;
-25,7097512901328;
-20,9364757306459;
-3,31431620665453;
5,3110821205634;
-0,48917045382069;
-1,77118980020237;
-0,369863865107236;
-4,00640965673389;
-5,39383287803031;
-2,54014688797977;
-1,04724126920332;
-0,872478746501257;
-0,0897162081951948;
0,235683738481501;
-0,0490869278892158;
-0,0660226098724185;
-0,105386300063339;
-0,478965374808319;
-0,53390890135376;
-0,115026633765479;
0,222509976351963;
0,250038620866856;
0,0583966354590605;
-0,0654511598900706;
-0,000926366010587369;
0,024853618368689;
0,613063089195134;
2,1211803021198;
2,79659944944555;
2,0903319248812;
1,5323405091883;
1,00484963873401;
0,0790424153450194;
-0,238177995790987;
0,0475766664474806;
0,0685473444492319;
0,273280995502609;
1,08869135521419;
1,48899213565088;
1,23961612728941;
1,25506652392654;
1,53265338323197;
1,68964830965032;
1,7809781754875;
1,79930635968162;
1,74528679455501;
1,74203499357273;
1,8577929959365;
2,04628730443331;
2,20442601085544;
2,30742498055916;
2,45488192821188;
2,73493367325727;
3,11489543303266;
3,48852499086676;
3,67899236016216;
2,68832300199632;
0,381245201989793;
-0,651568087861495;
0,0639620606000308;
0,216438436073147;
0,392450185964488;
1,74066919082136;
2,56142518962259;
2,36959603891471;
2,57768747419879;
2,28253519925032;
0,435369632276629;
-0,590786702878144;
0,0288923302177953;
0,207998248804568;
1,23000369504105;
4,48917397269435;
6,06939605491124;
4,99912663279633;
4,85709786141069;
4,1136830650255;
0,697546796737242;
-1,05475385569149;
0,0830414761179413;
0,357676653650997;
1,13120255174096;
4,39769798388111;
5,9594292345045;
4,79704264875303;
4,66068967610115;
4,02837985948597;
0,711635222546285;
-1,03937128426732;
0,073022051709271;
0,356178962613085;
1,05702033477893;
4,19473328016591;
5,82961791781967;
4,78338364094642;
4,46228962092098;
3,6835725794685;
0,612890286900029;
-0,939456963524063;
0,0764084887342984;
0,317640674453865;
0,915399316814279;
3,61628822020877;
4,91014908493886;
3,87250467756425;
3,563950520557;
2,96410537862837;
0,486139207582974;
-0,757276435775988;
0,0652124841046882;
0,254397810402336;
0,662147036437446;
2,6764042925462;
3,66562225386946;
2,90028170553592;
2,67813926320075;
2,95783932894384;
2,78223536587728;
2,55663398582153;
2,43939481417597;
2,21223703148331;
1,97231477070312;
1,80354448126272;
1,63271678036603;
1,50239028617813;
1,47687839461122;
1,51894881136106;
1,59508882155045;
1,67988181659262;
1,71406276341702;
1,67584294977611;
1,208273410409;
0,188856574879442;
-0,293518626248795;
0,0217511345796592;
0,100614615501971;
0,315822953826274;
1,19711536173118;
1,54778872124068;
1,14578849714541;
1,09014767507739;
0,972176303120926;
0,174895048787784;
-0,252872425564718;
0,01746890593484;
0,086728445721436;
0,303754830539363;
1,15921522788579;
1,53437456912136;
1,1270731302831;
0,955849248079137;
0,79960539667957;
0,138152070011802;
-0,206198854068968;
0,015740006739574;
0,070108656592821;
0,19580003266909;
0,783679797379598;
1,10959864560904;
0,974175668088188;
0,948428733748962;
0,745279925508569;
0,104801873118653;
-0,18517810763884;
0,0207310350572484;
0,0602388781109315;
0,233491773193195;
0,930458866370047;
1,34275852352949;
1,17934996902314;
1,09777926769697;
0,863229022201591;
0,136627164517148;
-0,216622462302835;
0,0188182869225062;
0,0728141394434439;
0,17588522722771;
0,721334692625802;
0,993100297570436;
0,766974515262567;
0,622797730536061;
0,454830906062229;
0,0549207630172015;
-0,111593293999556;
0,0156455819659792;
0,0349454550007857;
0,152006344083608;
0,567013678369804;
0,708230797106054;
0,450960141013794;
0,316602500886951;
0,247741014649065;
0,033256324304238;
-0,0631078832567076;
0,00845420628154179;
0,0198657382029091;
0,0198823404107173;
0,0698358817790893;
-0,00865302453407234;
-0,188274449998218;
-0,216990461413238;
-0,077109969803276;
0,0231433679103228;
0,00981878674129003;
-0,0110882962532413;
0,000956269210642682;
0,178027288801334;
0,634480366706704;
0,973851738726817;
1,00081517988635;
1,06535292112912;
1,23480122748575;
1,37875314935297;
1,51457941432368;
1,61486009065248;
1,65427430072825;
1,68742828390075;
1,6695425765934;
1,57349626591645;
1,55816892895539;
1,64381756024928;
1,68857686617762;
1,68824266361657;
1,68433660510632;
1,67049128533188;
1,62918527668324;
1,59832317627171;
1,65786186766628;
1,71136267178967;
1,67278600400174;
1,61817178202433;
1,16507325869949;
0,169876041349779;
-0,282656174581739;
0,025918679655989;
0,0946958497496372;
0,395276974839277;
1,51222428382537;
2,03445658321092;
1,56251473001458;
1,3890926908075;
1,15705404836406;
0,187167782393901;
-0,297920622753982;
0,0278879646888399;
0,0990239679333096;
0,288918310905312;
1,13848476839142;
1,54210582683285;
1,22627760394177;
1,16699403063676;
1,35090782150583;
1,33065437458222;
1,23870797665388;
1,22724651738325;
1,22870063209415;
1,18494728316766;
1,09654553343188;
1,01501422580115;
0,999898450611904;
0,987224233060479;
0,697759193023391;
0,100700012829912;
-0,166910967848963;
0,0145918991585386;
0,0563087165577197;
0,123631562671311;
0,527397237203821;
0,765386478750358;
0,667574784655695;
0,642087563167838;
0,698378581560655;
0,707624046502986;
0,777987742227992;
0,942000712137047;
1,16407693322768;
1,18620512519503;
0,823548027064303;
0,650381402676609;
0,939301742621011;
1,21293138941227;
0,991871470980239;
0,193928383813061;
-0,249676233849483;
0,00648713682200276;
0,0906479314536705;
0,341227441211493;
1,29140302729086;
1,77527324781989;
1,44763690429857;
1,3203743181502;
1,06178916187286;
0,167840822226315;
-0,268196382266747;
0,0242449398439101;
0,0896776242842526;
0,341220674587105;
1,27905545920484;
1,68837006965388;
1,35011608209517;
1,33953058623274;
1,14968141436343;
0,190962781093786;
-0,294211358736672;
0,0245612047993386;
0,0991661410958646;
0,290030605716244;
1,16933275218556;
1,6512330346591;
1,41287387863522;
1,36434865445156;
1,10117485478291;
0,161837956079106;
-0,277938782536618;
0,0301832736163212;
0,0906969404130906;
-0,32778186100884;
-1,04644894095715;
-1,63656534417424;
-1,8826819363008;
-2,19611575391025;
-1,86639731698826;
-0,340569739125556;
0,476273281417685;
-0,0262033226357935;
-0,166587146883387;
-0,656623829201233;
-2,55025137414603;
-3,69279134748689;
-3,45168383145298;
-3,73348982240008;
-3,26124402521943;
-0,601989429997661;
0,841413487760851;
-0,0481875920877629;
-0,29319113947818;
-0,953537743906578;
-3,60813460053328;
-4,69040760888665;
-3,4341511481404;
-3,14566265875101;
-2,75204422226777;
-0,472506703735415;
0,714820914252133;
-0,0583939072138104;
-0,241194052474217;
-1,33475237213272;
-5,07166359578502;
-7,27092657647882;
-6,58259057451628;
-6,60639401080138;
-5,48114144795972;
-0,93946074504485;
1,3952919514511;
-0,100593566960451;
-0,477560347139878;
-1,55793099950601;
-6,01686606341807;
-8,09584519257162;
-6,30282841430873;
-5,73163661352681;
-4,76589405496235;
-0,782438765487879;
1,218346981402;
-0,104950048557945;
-0,409252416236294;
-1,18372717297297;
-4,70506259890398;
-6,45476877274502;
-5,23902795180931;
-5,07708426613953;
-4,40090197192241;
-0,797891564025752;
1,13839739688813;
-0,0728301637623777;
-0,393201666242595;
-2,39186250087281;
-8,99312858623955;
-12,8600668407584;
-11,602402099937;
-11,6527549381685;
-9,73714692150948;
-1,69927965250919;
2,48611039835557;
-0,170175058547061;
-0,85471247907109;
-2,9698237938222;
-11,6309219238791;
-16,4267728667031;
-14,2064147583833;
-13,969517906473;
-11,6894416221117;
-2,00657894874693;
2,98620114054569;
-0,219324041333592;
-1,01997339152497;
-4,16772353901436;
-15,9359741849261;
-21,9617414078227;
-18,0547684390196;
-16,7922937547422;
-13,7430799236911;
-2,23259862180248;
3,49492517310258;
-0,302033836891712;
-1,17407887103419;
-1,65171112378258;
-7,42568296533095;
-10,0127757187746;
-7,24302805510072;
-6,20831201659494;
-6,59524244533002;
-5,71562100205233;
-4,89527728658582;
-4,45373289678374;
-3,78690637966442;
-3,20854257284241;
-3,05856548576765;
-3,326656506058;
-3,8322512289578;
-4,38252969733914;
-4,84798845213456;
-5,01068299631196;
-4,89920370310564;
-4,80796229621164;
-4,72795698630889;
-4,51311314601205;
-4,28789783978551;
-3,92693274798662;
-3,09568481368959;
-2,11742319690822;
-1,16540239444742;
-0,124024287078015;
0,264832281022877;
-0,0349511526624669;
-0,084545379884533;
-0,0924966243733121;
-0,171642221011298;
0,623094119377305;
1,92508035465686;
2,67748672321433;
2,26867870053149;
0,489024588456229;
-0,578408701503682;
-0,000103636820890402;
0,216494389609833;
2,18339491061062;
7,70629425003158;
10,3508257818172;
8,44421552442325;
7,93025876074246;
8,623496649179;
7,93391553692856;
7,12174302627225;
6,99559734656137;
6,82842511618272;
6,83959737557034;
7,51841382340607;
7,65071761132859;
6,96593362023033;
6,645825190304;
4,88523596535725;
0,712062501262599;
-1,19327861905854;
0,113444750955258;
0,397737408388569;
-0,320030925387517;
-0,832285524493519;
-2,2845076890082;
-4,41031528297473;
-6,07015251772888;
-5,23524870564918;
-1,03979892296465;
1,33498928812852;
-0,0373061638667051;
-0,483008756392874;
-5,8100925743243;
-21,0620512150175;
-30,0346376761182;
-27,0018899108604;
-25,6480846250889;
-20,0783787554093;
-3,10449305540077;
5,01861470109503;
-0,457155583179924;
-1,67812357480483;
0,878969098542598;
0,226170802201901;
-0,406819014769171;
0,0899529752163743;
0,106933697829385;
-2,78964037659456;
-9,3776241673952;
-13,1492756328731;
-12,9366364738626;
-15,1238511937875;
-13,4681536080045;
-2,44031946623374;
3,47942746913436;
-0,220951564007873;
-1,20265200446469;
-4,08739468158644;
-15,5602101854112;
-20,5498214214632;
-15,2339905071309;
-13,0998892800799;
-10,7339833225391;
-1,68899426387686;
2,73903448557406;
-0,264392200492631;
-0,907585669855314;
0,0186121706598789;
-0,881281453717445;
0,132479116605083;
3,05803310181961;
4,75980255119743;
6,02258678762604;
8,03356635368399;
10,0352858658678;
12,0611921186756;
14,7366622144175;
17,7233578555636;
20,478521651164;
23,0309208112001;
25,278696334041;
27,0638470315064;
28,5385225886663;
29,8264453681169;
30,9361698228689;
31,7490832808223;
32,1662667742491;
24,0342103807983;
3,94178127067177;
-5,90850405659243;
0,394976068008644;
2,04222290302306
